date,open,high,low,close,volume,amount
2022-11-21,16.334007368122354,21.05380412404547,16.27549749098281,18.28433660610711,331205.0,6055863.705625705
2022-11-22,19.108350709155673,21.93145228113861,18.849932085122692,21.453621617832344,280768.0,6023490.434395552
2022-11-23,20.137149382192632,20.307803190516296,18.72316068465368,18.869435377502537,204491.0,3858629.7097808714
2022-11-24,18.284336606107114,19.600808841746826,18.186820144207875,19.161984763200255,159443.0,3055244.3365989383
2022-11-25,18.957200193211854,19.786090119355375,18.0941795054036,18.099055328498558,131711.0,2383844.6763718734
2022-11-28,17.40668844901397,18.698781569178873,17.11413906331626,18.33309483705673,112828.0,2068486.424275437
2022-11-29,18.133186090163296,18.908441962262234,17.821133412085732,18.43061129895597,120764.0,2225754.3429071186
2022-11-30,18.147813559448178,19.38139680247354,17.7479960656613,19.08397159368086,135184.0,2579847.6159201534
2022-12-01,18.884062846787423,19.976247220058887,18.879187023692463,19.09859906296575,132312.0,2526973.8392191245
2022-12-02,18.77679473869826,19.5910571955569,18.289212429202074,18.425735475861007,115557.0,2129222.7143840706
2022-12-05,18.33309483705673,19.786090119355375,18.323343190866805,19.5910571955569,130922.0,2564900.3901567003
2022-12-06,19.38139680247354,20.088391151243016,18.88893866988239,19.186363878675063,95194.0,1826426.723066594
2022-12-07,19.025461716541322,19.161984763200255,18.64027169203933,18.728036507748644,59190.0,1108512.4808936422
2022-12-08,18.76216726941338,19.07421994749094,18.386728891101313,18.459866237525738,57883.0,1068512.4374267024
2022-12-09,18.469617883715664,18.66465080751414,17.577342257337637,17.621224665192297,88315.0,1556218.4563064578
2022-12-12,17.60659719590741,17.967408104934588,17.40668844901397,17.738244419471382,46005.0,816047.9345177809
2022-12-13,17.621224665192294,17.699237834711685,17.167773117360838,17.231158817595343,51691.0,890695.8304403209
2022-12-14,17.158021471170912,17.445695033773667,17.09951159403137,17.192152232835646,34216.0,588246.6807987045
2022-12-15,17.299420340924808,17.53345984948298,16.977616016657322,17.250662109975192,42271.0,729202.7380507613
2022-12-16,17.075132478556558,17.12876653260114,16.494909530256095,16.52904029192083,53290.0,880832.5571564609
2022-12-19,16.53879193811075,17.123890709506178,16.52904029192083,16.728949038814264,39157.0,655055.4575128502
2022-12-20,16.860596262378237,17.392060979729084,16.860596262378237,17.23115881759534,55834.0,962084.5214216182
2022-12-21,16.923981962612743,17.060505009271672,16.30475242955258,16.602177638345257,41278.0,685304.6885556155
2022-12-22,16.94836107808755,16.958112724277473,16.48028206097121,16.636308400009987,31895.0,530615.0564183185
2022-12-23,16.38276559907197,16.88985120094801,16.236490906223114,16.53879193811075,32624.0,539561.5481889251
2022-12-26,16.465654591686324,16.797210562143732,16.46077876859136,16.636308400009987,26307.0,437651.36507906276
2022-12-27,16.62655675382007,16.78745891595381,15.544124026738524,16.07071292099441,87373.0,1404146.4000460445
2022-12-28,16.09021621337426,16.616805107630142,15.900059112670744,16.24624255241304,49476.0,803799.0965231876
2022-12-29,16.153601913608764,16.524164468825866,16.099967859564185,16.177981029083572,31132.0,503652.9053974298
2022-12-30,16.53879193811075,16.94836107808755,16.216987613843266,16.631432576915028,45805.0,761802.7691855929
2023-01-03,16.616805107630142,17.782126827326035,16.616805107630142,17.601721372812445,81767.0,1439239.9514907552
2023-01-04,17.552963141862826,18.14293773635322,17.416440095203892,17.445695033773667,54239.0,946237.0529368499
2023-01-05,17.411564272108933,17.991787220409396,17.270165402355037,17.84551252756054,57592.0,1027758.7574872667
2023-01-06,17.801630119705887,18.030793805169093,17.63585213447718,17.933277343269854,37243.0,667889.0480953992
2023-01-09,18.030793805169093,18.61589257656452,17.879643289225275,18.528127760855206,52947.0,981008.7805540006
2023-01-10,18.474493706810627,18.572010168709863,18.12831026706833,18.347722306341616,29699.0,544909.0047760396
2023-01-11,18.294088252297037,18.47936952990559,17.84063670446558,17.874767466130315,27741.0,495863.9242779211
2023-01-12,17.811381765895806,18.25508166753734,17.69436201161672,18.17706849801795,21160.0,384626.7694180598
2023-01-13,18.13806191325825,18.240454198252454,17.450570856868627,17.591969726622523,23939.0,421134.16328561655
2023-01-16,17.63097631138222,18.615892576564523,17.63097631138222,18.396480537291236,37875.0,696766.7003499055
2023-01-17,18.46961788371566,18.46961788371566,17.92352569707993,17.952780635649702,21479.0,385607.77527312
2023-01-18,17.8893949354152,18.552506876330018,17.699237834711685,18.15268938254314,27690.0,502647.96900261956
2023-01-19,18.38185306800635,18.879187023692463,18.191695967302838,18.58663763799475,38938.0,723726.4963482396
2023-01-20,18.54275523014009,18.810925500363,18.313591544676886,18.40623218348116,30200.0,555868.211941131
2023-01-30,18.67927827679902,18.927945254642083,18.479369529905586,18.51350029157032,38664.0,715805.9752732748
2023-01-31,18.372101421816424,18.5671343456149,17.84551252756054,17.947904812554743,39526.0,709408.8856210387
2023-02-01,17.9917872204094,19.186363878675063,17.982035574219474,19.025461716541322,58278.0,1108765.8579165952
2023-02-02,18.93769690083201,19.03033753963628,18.56225852251994,18.71340903846376,31774.0,594599.8587881475
2023-02-03,18.606140930374597,19.517919849132472,18.474493706810627,19.38139680247354,55981.0,1084989.9743992712
2023-02-06,19.722704419120873,20.17615596695233,19.269252871289417,19.7958417655453,76858.0,1521468.8064162808
2023-02-07,19.990874689343777,21.16107223213463,19.64469124960148,20.73199979977798,91836.0,1903943.9336124107
2023-02-08,21.18057552451448,21.95583139661342,20.137149382192636,20.195659259332174,121768.0,2459185.0366903604
2023-02-09,19.78609011935538,22.23375331302625,19.634939603411556,22.038720389227773,119999.0,2644624.4079869436
2023-02-10,22.253256605406094,22.521426875629,20.839267907867146,21.31222274807845,127463.0,2716519.8481383235
2023-02-13,21.048928300950507,21.62427542615601,20.795385500012486,21.32197439426837,96364.0,2054670.7405292771
2023-02-14,21.56576554901647,21.580393018301354,20.575973460739203,20.819764615487298,63195.0,1315705.0248757198
2023-02-15,20.917281077386534,21.502379848781963,20.844143730962106,21.16107223213463,73182.0,1548609.5880920764
2023-02-16,20.84414373096211,20.966039308336157,19.649567072696446,19.834848350305,87962.0,1744712.9305895283
2023-02-17,19.74708353459568,20.166404320762403,19.239997932719643,19.25950122509949,49791.0,958949.8254989288
2023-02-20,19.444782502708044,20.444326237175233,19.166860586295215,20.405319652415535,54032.0,1102540.231459316
2023-02-21,20.185907613142252,20.60035257621401,19.937240635299194,20.215162551712023,40511.0,818936.4501324057
2023-02-22,19.87873075815965,20.55159434526439,19.834848350304995,20.200535082427137,32344.0,653366.1067060233
2023-02-23,20.088391151243016,20.356561421465916,19.66907036507629,19.790965942450338,26304.0,520581.5681502137
2023-02-24,19.80071758864026,21.019673362380736,19.80071758864026,20.585725106929125,66843.0,1376011.6233224636
2023-02-27,20.332182305991104,20.653986630258593,19.942116458394157,20.185907613142252,32839.0,662885.0201079784
2023-02-28,20.966039308336153,22.13623685112701,20.653986630258593,21.5998963106812,103811.0,2242306.835908126
2023-03-01,21.55113807973158,22.175243435886703,21.33660186355326,21.8046808806696,71847.0,1566600.9072334687
2023-03-02,21.55113807973158,22.52630269872396,21.458497440927307,21.492628202592037,67780.0,1456770.3395716883
2023-03-03,21.102562354995086,21.399987563787764,20.805137146202412,21.009921716190814,44075.0,926012.2996411101
2023-03-06,21.112314001185013,22.433662059919687,21.044052477855548,22.009465450658002,63954.0,1407593.3534313818
2023-03-07,21.785177588289752,22.88711360775114,21.453621617832344,21.57551719520639,53656.0,1157655.950625994
2023-03-08,21.989962158278153,22.521426875628997,21.887569873283955,22.28251154397587,54314.0,1210252.3319995054
2023-03-09,22.126485204937087,23.29180692463298,21.4341183254525,23.067519062264733,60787.0,1402205.2812378863
2023-03-10,22.67257739157282,23.14553223178412,22.42391041372976,22.48729611396427,44437.0,999267.9774162302
2023-03-13,22.428786236824724,23.813519995793904,22.23375331302625,22.989505892745342,58828.0,1352426.652658423
2023-03-14,22.770093853472055,22.94562348489068,22.380028005875104,22.799348792041826,33731.0,769044.8341043629
2023-03-15,22.9309960156058,23.247924516778323,22.258132428501057,22.93587183870076,38515.0,883375.1038675597
2023-03-16,22.570185106578617,22.64819827609801,21.69741277258044,21.897321519473874,40434.0,885396.2983184066
2023-03-17,22.126485204937083,23.0967740008345,22.102106089462275,22.765218030377092,48876.0,1112672.7964527106
2023-03-20,22.682329037762745,23.023636654410073,21.95583139661342,22.087478620177393,40072.0,885089.4432677485
2023-03-21,22.05334785851266,22.272759897785942,21.41461503307265,21.994837981373113,39788.0,875130.6136028734
2023-03-22,21.829059996144412,23.833023288173752,21.69253694948548,23.833023288173752,66979.0,1596312.0668185898
2023-03-23,23.355192624867485,25.91499974972248,23.301558570822902,25.315273509042168,81263.0,2057195.0711652937
2023-03-24,25.086109823578955,25.802855818538358,24.574148398607957,25.305521862852242,52777.0,1335549.5273557527
2023-03-27,25.105613115958807,25.320149332137127,24.232840781960626,24.769181322406435,45762.0,1133487.2756759634
2023-03-28,24.403494590284293,24.98371753858476,23.759885941749324,24.393742944094367,36350.0,886712.5560178303
2023-03-29,24.310853951480016,26.246555720179888,24.06218697363696,25.50055478665072,57226.0,1459294.7482208742
2023-03-30,25.149495523813464,25.627326187119728,24.232840781960626,24.26697154362536,46209.0,1121352.4880593843
2023-03-31,24.032932035067187,24.832567022640937,23.355192624867485,24.68141650669712,41214.0,1017219.899907015
2023-04-03,24.383991297904444,26.495222698022943,24.383991297904444,26.363575474458973,70018.0,1845924.8275706684
2023-04-04,26.085653558046147,27.285106039406774,25.75409758758874,26.573235867542333,59497.0,1581027.8144111661
2023-04-06,25.744345941398812,28.09936849626541,25.52980972522049,26.280686481844622,60283.0,1584278.6231850393
2023-04-07,26.183170019945386,27.158334638937763,25.700463533544156,26.621994098491953,38463.0,1023961.759010296
2023-04-10,26.621994098491953,28.040858619125864,25.929627219007365,26.163666727565534,54381.0,1422806.3603117412
2023-04-11,25.929627219007365,26.934046776569517,25.695587710449196,26.280686481844626,40677.0,1069019.4840219938
2023-04-12,26.280686481844626,31.53682377821355,25.871117341867823,31.53682377821355,109030.0,3438459.896538623
2023-04-13,30.96147665300804,31.449058962504232,28.562571690286788,29.074533115257786,97194.0,2825870.171604365
2023-04-14,28.76735626027519,28.952637537883742,27.17783793131761,28.221264073639457,66676.0,1881681.0033739845
2023-04-17,27.792191641282812,28.74297714480038,27.32898844726143,28.42604864362786,58639.0,1666875.066413694
2023-04-18,28.060361911505712,31.146757930616594,27.79219164128281,29.410964908810158,109831.0,3230235.6868995284
2023-04-19,28.81611449122481,31.102875522761938,28.81611449122481,28.97701665335855,84960.0,2461887.3348693424
2023-04-20,29.35245503167062,30.649423974930485,29.05502982287794,30.38125370470758,76820.0,2333887.909595636
2023-04-21,31.449058962504232,34.10638254925847,30.04969773425017,31.517320485833697,109950.0,3465329.387417415
2023-04-24,30.717685498259947,34.10638254925847,30.508025105176586,33.370133261919214,92610.0,3090408.0413863384
2023-04-25,32.42422358149661,33.49690466238823,31.146757930616594,32.819165252188526,71849.0,2358024.204204493
2023-04-26,32.66801473624471,32.66801473624471,26.363575474458973,27.109576407988143,138411.0,3752263.580206047
2023-04-27,25.793104172348436,26.231928250895006,24.47663193670872,24.813063730261092,101575.0,2520386.9484012704
2023-04-28,25.310397685947205,26.539105105877603,25.208005400953006,26.03689532709653,70984.0,1848202.97789862
2023-05-04,25.59807124854996,26.105156850425995,23.794016703414055,24.223089135770703,85267.0,2065430.1413397605
2023-05-05,24.130448496966427,24.232840781960626,22.614067514433277,23.023636654410076,82377.0,1896618.1166803387
2023-05-08,23.009009185125187,23.613611248900465,22.49704776015419,23.2381728705884,58420.0,1357574.0590997743
2023-05-09,23.413702502007023,25.14949552381346,23.408826678912064,23.63311454128031,78360.0,1851890.8554547252
2023-05-10,23.408826678912064,24.84231866883086,23.408826678912064,23.979297981022608,78577.0,1884221.2974548135
2023-05-11,23.613611248900465,23.725755180084587,22.428786236824724,22.662825745382893,63237.0,1433129.111660778
2023-05-12,22.50679940634411,23.169911347258928,22.44828952920457,22.667701568477856,39105.0,886420.4698353265
2023-05-15,22.64819827609801,23.106525647024426,22.267884074690983,23.03826412369496,36280.0,835828.2224076532
2023-05-16,23.067519062264733,23.067519062264733,22.01434127375296,22.160615966601817,38776.0,859300.044720952
2023-05-17,21.946079750423493,22.667701568477852,21.946079750423493,22.34589724421037,34059.0,761078.914240561
2023-05-18,22.74571473799725,24.681416506697122,22.54093016800885,24.598527514082768,111918.0,2753018.002321115
2023-05-19,23.72575518008459,24.330357243859865,23.29180692463298,23.4039508558171,77749.0,1819633.7750889238
2023-05-22,23.16991134725893,23.29180692463298,22.077726973987467,22.47266864467938,85784.0,1927795.407015176
2023-05-23,22.47266864467938,23.106525647024426,22.267884074690983,22.50192358324915,53836.0,1211413.5580278013
2023-05-24,22.224001666836322,23.335689332487636,22.1118577356522,22.735963091807324,61681.0,1402376.9394657675
2023-05-25,23.511218963906263,25.19825375476308,23.311310217012828,23.920788103883066,105835.0,2531656.6089744642
2023-05-26,24.24259242815055,25.29089439356736,23.72575518008459,24.817939553356055,104149.0,2584763.5865424797
2023-05-29,25.14949552381346,27.138831346557915,24.466880290518795,26.134411788995767,122274.0,3195559.0670876685
2023-05-30,26.719510560391193,28.42604864362786,26.14416343518569,28.25539483530419,129091.0,3647517.1746842535
2023-05-31,27.19241176654845,28.46303900727626,26.74250095368374,27.805477050012453,113491.0,3155671.395882963
2023-06-01,27.093530269215545,27.953799296011805,26.87599097508316,27.2418525152149,70744.0,1927197.614336363
2023-06-02,27.22207621574832,27.587937755880063,26.243149392152578,26.317310515152254,66287.0,1744495.5621178974
2023-06-05,26.36180718895206,28.314716761276905,26.253037541885867,27.86975002327884,91012.0,2536481.689118654
2023-06-06,27.686819253212967,28.35921343507671,27.02925729594916,27.474224033947227,76813.0,2110377.5707195885
2023-06-07,27.686819253212967,29.86221219453685,26.851270600749935,29.728722173137424,101795.0,3026235.273614524
2023-06-08,29.15026541373994,30.801586419199424,28.39876603400987,28.868453146341164,88700.0,2560631.7940804614
2023-06-09,28.675634226542005,30.4703334031342,28.542144205142584,29.985814066202977,72524.0,2174691.1793373046
2023-06-12,29.689169574204264,30.831250868399298,28.725074975208454,29.318363959205875,66894.0,1961222.6386871177
2023-06-13,28.922837969874262,29.22442653673962,27.271516964414776,28.675634226542,101524.0,2911265.08921545
2023-06-14,28.245499713143875,30.059975189202653,28.082345242544584,29.32330803407252,93002.0,2727126.2937848126
2023-06-15,28.996999092873942,30.539550451267235,28.492703456476132,28.561920504609166,106119.0,3030962.4420286203
2023-06-16,27.686819253212967,30.05008703946936,27.686819253212967,29.901764793470008,95788.0,2864230.2460369053
2023-06-19,29.96109369186975,31.409707627796784,29.580399927138068,31.345434654530393,124209.0,3893385.0930045657
2023-06-20,30.618655649133554,33.95590618411905,29.842435895070263,32.95225898619008,124687.0,4108718.3162110825
2023-06-21,32.8780978631904,37.896333852835255,31.14767165986459,33.96579433385234,156421.0,5312963.515495516
2023-06-26,33.53565982045421,35.54295421631215,30.455501178534266,30.70764899673317,146241.0,4490717.296931256
2023-06-27,30.70764899673317,31.048790162531684,29.224426536739617,30.302234857668264,73933.0,2240335.1297319876
2023-06-28,31.122951285531364,31.295993905863945,27.627490354813226,28.21089118907736,91816.0,2590211.185416327
2023-06-29,27.657154804013096,29.263979135672777,27.657154804013096,28.81901239767471,71431.0,2058570.8745783023
2023-06-30,28.186170814744134,31.162503884464524,28.102121542011165,30.51483007693401,95910.0,2926677.352678741
2023-07-03,31.1377835101313,32.13648663319362,30.257738183868458,31.068566461998266,101167.0,3143113.6632609786
2023-07-04,30.455501178534266,31.79040139252846,30.158856686535554,30.59393527480033,75181.0,2300082.647894764
2023-07-05,30.653264173200075,30.776866044866203,28.94755834420749,29.110712814806778,78770.0,2293050.84842233
2023-07-06,29.155209488606584,30.56427082560046,29.15026541373994,29.278811360272712,59592.0,1744782.9265813716
2023-07-07,29.17004171320652,29.605120301471295,27.73626000187942,28.12684191634439,59882.0,1684291.5476345348
2023-07-10,28.230667488543936,28.329548985876844,26.54968203388458,26.673283905550708,71193.0,1898951.1010878715
2023-07-11,26.64856353121748,27.311069563347935,26.401359787885223,27.083642119482256,44426.0,1203217.8848001186
2023-07-12,26.945208023216193,27.083642119482256,25.50648223702245,25.77346227982129,60730.0,1565222.3642535468
2023-07-13,25.847623402820965,27.414895135547486,25.664692632755095,27.26657288954813,72572.0,1978789.7277402868
2023-07-14,27.157803242481933,28.107065616877808,26.910599499149676,27.56816145641348,87210.0,2404219.3606138197
2023-07-17,27.63737850454652,28.171338590144195,27.34073401254781,27.498944408280455,54068.0,1486812.9262669077
2023-07-18,27.518720707747033,27.518720707747033,26.356863114085417,26.45574461141832,51674.0,1367074.1470504303
2023-07-19,26.317310515152254,26.742500953683738,25.9613371247538,26.12943567021974,30742.0,803271.1113738952
2023-07-20,26.134379745086385,26.19865271835277,25.165341071223928,25.239502194223604,36599.0,923740.5408063896
2023-07-21,25.165341071223928,25.887176001754124,25.021962900091218,25.308719242356638,28896.0,731320.7512271374
2023-07-24,25.180173295823867,25.981113424220382,24.87858472895851,25.511426311889092,33718.0,860194.2723842764
2023-07-25,25.77346227982129,26.09482714615322,25.195005520423802,25.649860408155156,35811.0,918547.1510764443
2023-07-26,25.555922985688902,25.555922985688902,24.710486183492577,24.898361028425093,31390.0,781559.5526822637
2023-07-27,25.066459573891024,25.066459573891024,24.176526097894893,24.31496019416096,43332.0,1053615.8551333828
2023-07-28,24.225966846561345,24.79947953109219,24.00842755242896,24.14191757382838,35586.0,859114.2787822568
2023-07-31,23.98370717809573,24.572052087226506,23.736503434763474,24.379233167427344,32979.0,804002.7306285864
2023-08-01,24.359456867960766,25.649860408155153,24.23091092142799,25.264222568556832,62247.0,1572622.0622249572
2023-08-02,25.387824440222964,25.911896376087352,25.11590032255748,25.372992215623032,54441.0,1381331.0692107335
2023-08-03,24.86869657922522,25.56086706055554,24.72531840809251,24.977466226291412,30476.0,761213.2607124571
2023-08-04,24.928025477624963,25.654804483021802,24.873640654091865,25.521314461622385,41396.0,1056480.3334533202
2023-08-07,25.46198556322264,26.54968203388458,25.44220926375606,25.88223192688748,52250.0,1352346.618179871
2023-08-08,25.788294504421224,26.376639413552,25.417488889422835,25.54603483595561,43971.0,1123284.6977718042
2023-08-09,25.3482718412898,25.46198556322264,24.324848343894253,24.552275787759932,42785.0,1050469.1195793087
2023-08-10,24.364400942827412,24.670933584559414,24.023259777028898,24.206190547094767,27718.0,670947.1895843728
2023-08-11,24.235854996294638,24.413841691493865,23.439858942764765,23.439858942764765,27289.0,639650.3106891076
2023-08-14,23.26187224756554,24.473170589893606,23.177822974832573,24.43856206582709,35305.0,862803.4337340253
2023-08-15,24.45833836529367,25.0417391995578,23.825496782363086,24.013371627295605,31109.0,747031.977953539
2023-08-16,23.830440857229735,24.20124647222812,23.34097744543186,23.415138568431537,24481.0,573226.0072937724
2023-08-17,23.29153669676541,24.077644600561992,23.143214450766056,23.766167883963345,24792.0,589210.8341792192
2023-08-18,23.57829303903083,23.929322354562636,23.078941477499665,23.078941477499665,26636.0,614730.685194681
2023-08-21,23.088829627232958,23.88482568076283,23.039388878566506,23.207487424032443,25746.0,597499.9712191393
2023-08-22,23.548628589830958,24.057868301095414,23.19759927429915,24.043036076495476,32274.0,775964.946332815
2023-08-23,23.731559359896828,23.835384932096378,23.113550001566182,23.22726372349902,24375.0,566164.5532602887
2023-08-24,23.38547411923167,23.58818118876412,21.852810910571666,22.228560600436698,62264.0,1384039.0972255906
2023-08-25,20.962877434575535,21.53144604423973,20.369588450578114,20.438805498711147,59522.0,1216558.5808942849
2023-08-28,21.709432739438956,22.05057390523747,21.239745627107663,21.422676397173532,62634.0,1341787.9134605671
2023-08-29,21.422676397173536,22.065406129837406,21.16064042924134,21.96158055763786,38753.0,851077.13135014
2023-08-30,21.946748333037924,22.713079937367922,21.882475359771533,22.60431029030173,44014.0,994906.1131173403
2023-08-31,22.436211744835795,22.900954782300442,22.223616525570055,22.258225049636568,36455.0,811423.5941845011
2023-09-01,22.243392825036633,22.79218513523425,22.243392825036633,22.446099894569084,31350.0,703685.2316947408
2023-09-04,22.540037317035345,22.688359563034698,22.085182429303988,22.42137952023586,26824.0,601431.0842508067
2023-09-05,22.29777764856973,22.45104396943573,21.902251659238118,22.045629830370828,29572.0,651933.3653437261
2023-09-06,21.912139808971407,22.347218397236183,21.69460051483902,22.3274420977696,23234.0,518755.78969957895
2023-09-07,22.149455402570375,22.3274420977696,21.61055124210605,21.61055124210605,21040.0,454685.99813391134
2023-09-08,21.63527161643928,21.798426087038568,21.16064042924134,21.689656439972374,23627.0,512461.5127072273
2023-09-11,21.748985338372115,22.905898857167088,21.44739677150676,22.33733024750289,45725.0,1021374.4255670697
2023-09-12,22.253280974769922,23.677174536363733,22.24833689990328,23.098717776966247,81931.0,1892501.0461846215
2023-09-13,23.43491486789812,24.32484834389425,23.098717776966247,24.32484834389425,138757.0,3375242.9816537346
2023-09-14,23.904601980229412,24.196302397361478,22.891066632567153,23.148158525632702,104021.0,2407894.5979948393
2023-09-15,23.019612579099928,23.088829627232958,21.061758931908436,21.185360803574568,84614.0,1792578.1190336584
2023-09-18,20.67612109231011,21.239745627107663,20.473414022777664,20.57723959497721,43482.0,894739.5320687991
2023-09-19,20.517910696577466,20.66128886771018,19.48459904944863,20.023503209912953,49611.0,993386.0177469915
2023-09-20,20.02350320991295,21.210081177907792,20.02350320991295,20.86399593724263,59123.0,1233542.031797596
2023-09-21,20.56735144524392,21.22985747737437,20.517910696577466,20.517910696577466,33088.0,678896.6291283552
2023-09-22,20.517910696577466,22.297777648569728,20.45363772331108,22.20384022610347,75621.0,1679076.6017381705
2023-09-25,22.198896151236823,22.535093242168696,21.70448866457231,21.74404126350547,49887.0,1084744.9865124973
2023-09-26,21.788537937305275,22.60431029030173,21.788537937305275,21.91708388383805,65453.0,1434538.891448852
2023-09-27,21.788537937305275,22.139567252837086,21.55122234370631,21.57099864317289,40056.0,864047.9216509332
2023-09-28,21.753929413238765,22.18406392663689,21.53144604423973,21.556166418572953,37310.0,804260.5690769568
2023-10-09,21.36334749877379,21.65010384103921,21.051870782175143,21.447396771506757,32500.0,697040.3950739696
2023-10-10,21.45728492124005,21.655047915905854,21.259521926574244,21.269410076307533,26726.0,568446.2536993951
2023-10-11,21.259521926574244,21.95169240790457,21.23480155224102,21.452340846373406,34131.0,732189.8454275707
2023-10-12,21.452340846373406,21.655047915905854,20.46352587304437,20.572295520110565,49926.0,1027092.42613704
2023-10-13,20.63162441851031,20.66128886771018,20.226210279445404,20.255874728645274,26491.0,536598.377436542
2023-10-16,20.250930653778628,20.40419697464463,19.627977220581336,19.741690942514175,28559.0,563802.9516272623
2023-10-17,19.855404664447015,19.914733562846756,19.395605701849014,19.652697594914564,21084.0,414357.47609117866
2023-10-18,19.627977220581336,19.67247389438114,18.891310065451204,19.16323418311669,23621.0,452654.7546393993
2023-10-19,19.16323418311669,19.474710899715337,19.034688236583914,19.084128985250366,19051.0,363571.74129800475
2023-10-20,18.911086364917786,19.17312233284998,18.411734803386626,18.431511102853204,25394.0,468049.79294585425
2023-10-23,18.555112974519336,18.71332337025198,17.956879915655268,18.10520216165462,23070.0,417687.0138693721
2023-10-24,18.10520216165462,18.866589691117976,18.10520216165462,18.23869218305404,33909.0,618455.8132351795
2023-10-25,18.26341255738727,18.535336675052754,17.932159541322044,18.075537712454754,31558.0,570427.8191296471
2023-10-26,18.035985113521594,18.24363625792069,17.754172846122817,18.169475134921015,24601.0,446987.2577941919
2023-10-27,18.021152888921655,18.387014429053398,17.92227139158875,18.302965156320433,30974.0,566916.0427518691
2023-10-30,18.1793632846543,18.560057049385982,17.897551017255527,18.540280749919397,36284.0,672715.5467300754
2023-10-31,18.515560375586173,18.515560375586173,17.798669519922623,17.98654436485514,36822.0,662300.5366026959
2023-11-01,18.124978461121206,18.45623147718643,18.001376589455077,18.075537712454754,28745.0,519581.3315445119
2023-11-02,18.29307700658714,18.56005704938598,17.798669519922623,17.798669519922623,31215.0,555585.4690643847
2023-11-03,17.78878137018933,18.441399252586493,17.76900507072275,18.431511102853204,35384.0,652180.5888633578
2023-11-06,18.589721498585845,19.840572439847076,18.47600777665301,19.64280944518127,69165.0,1358594.9152759626
2023-11-07,19.593368696514823,20.918380760775726,19.281891979916175,20.64645664311024,82952.0,1712664.8714592808
2023-11-08,20.69095331691005,21.936860183304635,20.44374957357779,21.012318183241984,96248.0,2022393.6005006745
2023-11-09,20.77005851477637,21.1013115308416,20.00372691044637,20.201489905112176,73565.0,1486122.6048695773
2023-11-10,19.850460589580372,20.34486807624489,19.46976682484869,20.02350320991295,45477.0,910608.8554772112
2023-11-13,20.176769530778948,21.007374108375338,20.117440632379207,20.344868076244886,46594.0,947948.7831445542
2023-11-14,20.275651028111852,20.616792193910367,20.08283210831269,20.458581798177722,31295.0,640251.3173739718
2023-11-15,20.666232942576823,20.745338140443145,20.17182545591231,20.334979926511597,29146.0,592683.324938107
2023-11-16,20.221266204578757,20.369588450578114,19.776299466580692,19.845516514713722,31925.0,633568.1147322356
2023-11-17,19.890013188513528,20.260818803511917,19.67247389438114,20.161937306179016,28987.0,584434.0766942111
2023-11-20,20.171825455912305,20.468469947911014,19.95923023664656,20.320147701911658,25052.0,509060.3402282909
2023-11-21,20.32014770191166,20.86399593724263,20.03339135964624,20.473414022777664,55905.0,1144566.2109433853
2023-11-22,20.285539177845145,20.44374957357779,19.93945393717998,19.988894685846432,28332.0,566325.3642394011
2023-11-23,19.776299466580692,20.25587472864527,19.543927947848367,20.21632212971211,24565.0,496613.953116378
2023-11-24,20.13721693184579,20.147105081579078,19.341220878315916,19.43515830078217,30981.0,602120.6393165324
2023-11-27,19.28189197991618,19.875180963913596,19.148401958516757,19.331332728582627,29747.0,575049.1546771474
2023-11-28,19.272003830182886,19.41043792644895,19.079184910383724,19.336276803449273,22778.0,440441.71302896756
2023-11-29,19.336276803449273,19.454934600248755,19.024800086850625,19.02974416171727,19453.0,370185.61317788606
2023-11-30,19.049520461183853,19.17312233284998,18.74298781945185,18.916030439784432,16866.0,319037.7693974042
2023-12-01,18.797372642984946,19.81585206551385,18.738043744585205,19.692250193847723,37312.0,734757.2392328463
2023-12-04,19.63786537031463,20.112496557512568,19.48459904944863,19.578536471914884,33003.0,646150.4391826069
2023-12-05,19.677417969247788,19.677417969247788,18.7924285681183,18.797372642984946,26100.0,490611.4259819071
2023-12-06,18.772652268651722,19.049520461183853,18.644106322118947,18.738043744585205,21062.0,394660.6773484536
2023-12-07,18.6391622472523,19.474710899715337,18.614441872919073,19.26705975531624,38872.0,748949.1468086529
2023-12-08,19.331332728582627,21.061758931908436,19.222563081516434,20.859051862375985,99501.0,2075496.519358273
2023-12-11,20.666232942576823,20.755226290176438,20.250930653778628,20.611848119043724,70691.0,1457072.1553833198
2023-12-12,21.54627826883966,21.739097188638823,20.60690404417708,20.85905186237598,104976.0,2189699.828304781
2023-12-13,20.740394065576503,21.08647930624166,20.48330217251095,20.512966621710824,46352.0,950817.02884954
2023-12-14,20.61679219391037,21.061758931908436,20.52779884631076,20.656344792843534,70712.0,1460651.452991552
2023-12-15,20.85410778750934,20.952989284842243,20.147105081579078,20.2262102794454,54718.0,1106737.7740706934
2023-12-18,20.0729439585794,20.245986578911985,19.415382001315596,19.46976682484869,38021.0,740260.004447572
2023-12-19,19.44010237564882,19.59336869651482,19.005023787384044,19.247283455849658,40707.0,783499.167637272
2023-12-20,19.459878675115405,19.519207573515143,18.77759634351837,18.78748449325166,32409.0,608883.5849417931
2023-12-21,18.639162247252305,19.583480546781534,18.441399252586496,19.217619006649787,38736.0,744413.6898415862
2023-12-22,19.118737509316883,19.21267493178314,18.298021081453783,18.51556037558617,40392.0,747880.5146906766
2023-12-25,18.490840001252945,18.673770771318814,18.243636257920688,18.401846653653333,17625.0,324332.54727064
2023-12-26,18.362294054720174,18.401846653653333,17.813501744522558,17.887662867522234,25698.0,459677.1603695864
2023-12-27,18.00632066432172,18.243636257920688,17.907439166988816,18.050817338121526,18164.0,327875.0461296394
2023-12-28,18.031041038654948,18.71332337025198,17.754172846122817,18.51061630071953,30775.0,569664.2166546435
2023-12-29,18.490840001252945,18.985247487917462,18.490840001252945,18.73309966971856,29203.0,547062.709654791
2024-01-02,18.728155594851916,18.79737264298495,18.446343327453143,18.471063701786367,27733.0,512258.0096416413
2024-01-03,18.456231477186428,18.555112974519332,18.228804033320753,18.387014429053398,16812.0,309122.4865812457
2024-01-04,18.476007776653013,18.52050445045282,18.164531060054365,18.362294054720174,18221.0,334579.3599710563
2024-01-05,18.347461830120235,18.391958503920044,17.764060995856106,17.897551017255527,20535.0,367526.21013934223
2024-01-08,17.798669519922623,17.89260694238888,17.304262033258105,17.324038332724687,20400.0,353410.3819875836
2024-01-09,17.403143530591006,17.798669519922623,17.254821284591653,17.37842315625778,18654.0,324177.1055568327
2024-01-10,17.30426203325811,17.40314353059101,16.958176792592944,17.1064990385923,17638.0,301724.430042691
2024-01-11,17.170772011858684,17.689899872856426,17.116387188325586,17.620682824723396,18782.0,330951.6648139548
2024-01-12,17.526745402257138,17.55640985145701,17.195492386191912,17.210324610791847,15888.0,273437.63741626084
2024-01-15,17.13616348779217,17.32403833272469,16.958176792592944,17.04717014019256,12838.0,218851.5702597921
2024-01-16,17.052114215059202,17.052114215059202,16.666476375460878,16.977953092059526,13195.0,224024.09104972545
2024-01-17,16.933456418259716,17.180660161591977,16.666476375460878,16.666476375460878,16010.0,266830.28677112865
2024-01-18,16.49837782999494,17.052114215059202,16.191845188262942,17.03233791559262,27178.0,462904.87986997626
2024-01-19,16.968064942326233,17.150995712392103,16.617035626794426,16.646700075994296,16116.0,268278.21842472407
2024-01-22,16.661532300594235,16.933456418259716,15.667773252398554,15.85564809733107,22042.0,349490.19536137144
2024-01-23,15.85564809733107,16.557706728394685,15.672717327265197,16.394552257795393,30907.0,506706.4266316822
2024-01-24,16.41927263212862,16.55276265352804,15.860592172197714,16.46871338079507,26262.0,432501.3508064401
2024-01-25,16.463769305928427,17.284485733791524,16.330279284529006,17.249877209725007,34429.0,593896.0224536223
2024-01-26,17.09661088885901,17.23504498512507,16.750525648193847,16.864239370126683,24924.0,420324.30206103745
2024-01-29,16.95817679259294,17.007617541259393,15.984194043863843,15.984194043863843,27860.0,445319.64606204664
2024-01-30,15.796319198931329,16.048467017130232,15.207974289800552,15.262359113333648,20465.0,312344.1792543731
2024-01-31,15.25247096360036,15.41562543419965,14.377369712204164,14.377369712204164,28829.0,414485.19143313385
2024-02-01,14.387257861937453,15.079428343267779,14.164774492938422,14.758063476935842,29968.0,442269.6462768133
2024-02-02,14.782783851269068,15.1585335411341,13.363834364541903,13.873074075806356,30815.0,427498.77764597285
2024-02-05,13.695087380607129,13.74452812927358,12.345354942012996,12.632111284278416,50385.0,636468.927058368
2024-02-06,12.597502760211901,14.115333744271968,12.310746417946481,13.84835370147313,42735.0,591809.3954324542
2024-02-07,13.853297776339774,14.886609423468615,13.843409626606483,14.268600065137969,51164.0,730038.653732719
2024-02-08,14.461418984937131,15.539227305865777,14.313096738937775,15.02504351973468,47467.0,713193.7407512461
2024-02-19,15.484842482332681,16.29567076046249,15.336520236333326,16.251174086662683,64499.0,1048184.4774156564
2024-02-20,15.821039573264553,15.929809220330746,15.474954332599392,15.811151423531262,46981.0,742823.7050289222
2024-02-21,15.420569509066294,16.186901113396296,15.390905059866423,15.751822525131521,41302.0,650581.7739329821
2024-02-22,16.107795915529973,17.00267346639275,16.107795915529973,16.73569342359391,71354.0,1194158.66854712
2024-02-23,16.893903819326557,17.74922877125617,16.562650803261327,17.284485733791524,87616.0,1514397.502051878
2024-02-26,16.908736043926492,17.699788022589722,16.765357872793782,17.36359093165785,72911.0,1265996.7784181056
2024-02-27,17.131219412925525,20.27070695324521,17.007617541259393,19.281891979916175,125173.0,2413572.2648020475
2024-02-28,18.995135637650755,19.27694790504953,17.40314353059101,17.541577626857077,108579.0,1904646.9571465144
2024-02-29,17.304262033258105,19.034688236583914,17.304262033258105,18.599609648319138,95307.0,1772672.996752352
2024-03-01,18.64905039698559,20.443749573577787,18.47600777665301,19.94934208691327,121984.0,2433500.5451300284
2024-03-04,20.478358097644307,21.185360803574568,19.627977220581336,19.964174311513208,130562.0,2606562.5264597875
2024-03-05,19.48459904944863,20.84421963777605,19.02974416171727,19.642809445181275,119007.0,2337631.823642688
2024-03-06,19.281891979916175,19.62303314571469,18.985247487917462,19.341220878315916,70534.0,1364213.6734311348
2024-03-07,19.370885327515786,19.87023688904695,18.7924285681183,19.29672420451611,63075.0,1217140.8791998536
2024-03-08,19.232451231249726,19.61808907084805,18.619385947785723,19.479654974581983,91323.0,1778940.5312437504
2024-03-11,18.91603043978443,19.326388653715977,18.57983334885256,19.242339380983015,78150.0,1503788.8226238226
2024-03-12,19.232451231249723,19.578536471914884,18.985247487917462,19.138513808783465,55900.0,1069842.9219109956
2024-03-13,19.370885327515786,20.048223584246177,18.92097451465108,19.6675298195145,102889.0,2023572.4756000272
2024-03-14,19.13356973391682,19.44010237564882,18.831981167051463,19.128625659050176,59419.0,1136603.8080351024
2024-03-15,19.000079712517397,19.761467241980757,18.75287596918514,19.751579092247468,64833.0,1280554.12728768
2024-03-18,20.245986578911985,20.260818803511917,19.4598786751154,19.647753520047917,75629.0,1485939.950967704
2024-03-19,19.454934600248755,20.171825455912305,19.232451231249723,19.865292814180304,85681.0,1702078.1536117827
2024-03-20,19.865292814180304,20.419029199244566,19.682362044114434,20.077888033446047,86473.0,1736195.21191618
2024-03-21,20.09766433291263,20.265762878378563,19.449990525382113,19.519207573515143,64963.0,1268026.2815982641
2024-03-22,19.281891979916175,19.721914643047594,19.118737509316883,19.395605701849014,58091.0,1126710.1308261112
2024-03-25,19.52909572324843,21.70448866457231,19.4598786751154,20.42397327411121,169970.0,3471462.737400682
2024-03-26,19.830684290113787,20.423973274111205,18.7924285681183,18.891310065451204,120346.0,2273493.6011367906
2024-03-27,18.87647784085127,19.06929676065043,17.487192803323975,17.506969102790556,85521.0,1497213.5046397513
2024-03-28,17.600906525256814,19.618089070848047,17.551465776590362,19.178066407716624,99343.0,1905206.6511417925
2024-03-29,18.88636599058456,19.09401713498366,18.446343327453143,19.024800086850625,52431.0,997489.2933536652
2024-04-01,19.375829402382433,20.038335434512884,19.178066407716624,19.761467241980757,61535.0,1216021.8867352859
2024-04-02,19.52909572324843,19.974062461246497,19.405493851582303,19.62303314571469,48361.0,948989.5059599081
2024-04-03,19.43021422591553,19.632921295447986,18.688602995918757,19.108849359583594,43288.0,827183.8710776547
2024-04-08,18.960527113584238,19.548872022715017,18.79737264298495,18.82703709218482,34426.0,648139.5789355546
2024-04-09,18.822093017318178,18.965471188450888,18.159586985187723,18.49084000125295,39037.0,721826.9211289113
2024-04-10,18.3870144290534,18.485895926386302,17.91732731672211,18.080481787321396,25345.0,458249.8108996608
2024-04-11,17.89260694238888,18.283188856853847,17.803613594789265,17.87777471778894,28203.0,504206.8803658015
2024-04-12,17.907439166988816,18.372182204453463,17.90249509212217,18.001376589455077,29092.0,523696.0477404271
2024-04-15,17.98654436485514,18.367238129586816,17.620682824723396,17.897551017255527,38827.0,694908.2133469804
2024-04-16,17.744284696389524,17.862942493189006,16.47860153052836,16.567594878127974,50551.0,837508.4886842472
2024-04-17,16.81479862146023,17.744284696389524,16.81479862146023,17.739340621522878,36781.0,652470.687400233
2024-04-18,17.59101837552353,18.332629605520303,17.13616348779217,17.813501744522558,36435.0,649034.9360616794
2024-04-19,17.813501744522558,18.04587326325488,17.408087605457656,17.675067648256494,30804.0,544462.783836893
2024-04-22,17.1064990385923,17.506969102790556,16.562650803261327,17.31909425785804,26500.0,458955.9978332381
2024-04-23,17.3586468567912,17.640459124189977,17.27954165892488,17.42291983005759,21335.0,371717.9945742787
2024-04-24,17.46247242899075,18.19419550925424,17.40314353059101,18.14969883545443,33728.0,612153.042322207
2024-04-25,17.98654436485514,18.1793632846543,17.82338989425585,17.838222118855786,22874.0,408031.4927467072
2024-04-26,16.809854546593588,17.5662980011903,16.063299241730167,17.294373883524816,67751.0,1171711.1249826897
2024-04-29,17.304262033258105,17.912383241855462,17.29931795839146,17.74922877125617,38806.0,688776.571697367
2024-04-30,17.74922877125617,17.867886568055656,17.14605163752546,17.190548311325266,29931.0,514530.30150627653
2024-05-06,17.472360578724043,17.63551504932333,17.205380535925205,17.284485733791524,27682.0,478469.13408281695
2024-05-07,17.333926482457976,17.388311305991074,16.91862419365978,17.037281990459267,24457.0,416680.80564066226
2024-05-08,16.933456418259716,17.047170140192556,16.562650803261327,16.62197970166107,21044.0,349792.94084175554
2024-05-09,16.62692377652772,16.849407145526747,16.54287450379475,16.71591712412733,23558.0,393793.5756101916
2024-05-10,16.874127519859975,16.91862419365978,16.350055583995587,16.424216706995264,21392.0,351346.84379604267
2024-05-13,16.424216706995264,16.607147477061137,16.117684065263266,16.22645371232946,23765.0,385621.67247350956
2024-05-14,16.216565562596166,16.5379304289281,16.162180739063068,16.379720033195454,20955.0,343237.03329561074
2024-05-15,16.374775958328815,16.414328557261975,16.117684065263266,16.14240443959649,15316.0,247237.06639685985
2024-05-16,16.31544705992907,16.908736043926492,16.167124813929718,16.42916078186191,32639.0,536231.3787591909
2024-05-17,16.350055583995587,17.116387188325586,16.14240443959649,17.096610888859008,49418.0,844880.3169056345
2024-05-20,17.096610888859008,17.180660161591977,16.646700075994296,16.908736043926492,36867.0,623374.371731438
2024-05-21,16.91862419365978,17.946991765921975,16.710973049260684,17.74922877125617,83737.0,1486267.169618678
2024-05-22,17.551465776590362,17.98654436485514,17.31909425785804,17.754172846122817,47097.0,836168.2785338463
2024-05-23,17.937103616188686,18.16947513492101,17.40314353059101,17.610794674990107,39425.0,694305.580061485
2024-05-24,18.05081733812153,19.014911937117336,17.348758707057915,17.541577626857077,118221.0,2073782.8486246704
2024-05-27,16.750525648193843,17.047170140192556,15.984194043863843,16.256118161529326,85247.0,1385785.3049158903
2024-05-28,16.236341862062748,16.493433755128297,15.776542899464747,15.86553624706436,40133.0,636731.566203434
2024-05-29,16.013858493063715,16.26600631126262,15.776542899464747,15.860592172197714,30697.0,486872.5979099532
2024-05-30,15.687549551865134,15.811151423531262,15.405737284466358,15.652941027798617,37326.0,584261.6768036112
2024-05-31,15.6183325037321,16.45882523106178,15.583723979665585,16.186901113396296,36074.0,583926.270764658
2024-06-03,16.023746642797004,16.64175600112765,15.860592172197714,16.12757221499655,40300.0,649941.160264361
2024-06-04,16.172842166825873,16.348907322607804,15.916290082686492,16.097385671490763,26069.0,419642.7470700927
2024-06-05,16.00683787708863,16.278481260295035,15.951503113842877,16.037020475222672,18757.0,300806.3930537517
2024-06-06,16.107446537535445,16.338846456563125,15.347851151161974,15.398155481385384,34450.0,530466.4563337265
2024-06-07,15.634585833435402,15.679859730636473,15.136572964223658,15.272394655826862,21584.0,329639.36625136697
2024-06-11,15.131542531201317,15.569190204144974,14.935355643330023,15.533977172988587,18654.0,289770.8101849291
2024-06-12,15.488703275787518,15.755316225971583,15.448459811608792,15.483672842765177,20723.0,320868.15232062276
2024-06-13,15.61949453436838,16.741281098350395,15.508825007876883,16.052111774289695,61837.0,992614.4357867519
2024-06-14,16.08732480544608,16.575276808613147,15.745255359926903,16.449515983054624,61308.0,1008486.9258891129
2024-06-17,16.348907322607804,16.640672437903575,16.08732480544608,16.439455117009942,38874.0,639067.3782186445
2024-06-18,16.434424683987597,16.917346254132323,16.248298662160988,16.595398540702504,41094.0,681971.3076316287
2024-06-19,16.811707160663165,16.932437553199343,16.298602992384396,16.343876889585466,29680.0,485086.2660828966
2024-06-20,16.31369429145142,16.429394250965263,15.916290082686492,15.921320515708834,27600.0,439428.4462335638
2024-06-21,15.850894453396059,15.931381381753512,15.55912933810029,15.745255359926903,20637.0,324934.8348628115
2024-06-24,15.579251070189654,15.699981462725836,14.96050780844173,14.97056867448641,27698.0,414654.81114592456
2024-06-25,14.97056867448641,15.066146901910887,14.467525372252323,14.633529661989572,23676.0,346463.4482772651
2024-06-26,14.588255764788503,15.277425088849203,14.477586238297006,15.171785995380043,28956.0,439314.23528222454
2024-06-27,15.076207767955568,15.166755562357704,14.693894858257663,14.724077456391706,19033.0,280243.36622750334
2024-06-28,14.643590528034252,15.217059892581112,14.643590528034252,15.010812138665136,22689.0,340580.3166141733
2024-07-01,15.191907727469406,15.242212057692814,14.824686116838524,15.136572964223658,17348.0,262589.267783352
2024-07-02,15.106390366089611,15.227120758625793,14.905173045195978,15.030933870754499,13182.0,198137.7702842858
2024-07-03,15.076207767955566,15.076207767955566,14.688864425235321,14.719047023369365,12245.0,180234.7308011579
2024-07-04,14.890081746128956,14.965538241464069,14.341764546693803,14.366916711805507,15307.0,219914.3941076069
2024-07-05,14.44237320714062,14.563103599676799,14.095273328599099,14.432312341095937,13073.0,188673.61923514717
2024-07-08,14.432312341095937,14.573164465721483,14.16066895788953,14.361886278783166,18715.0,268782.7017074269
2024-07-09,14.361886278783166,15.081238200977909,14.251216752291667,15.000751272620455,25568.0,383539.2085383598
2024-07-10,14.940386076352363,15.388094615340702,14.849838281950229,15.232151191648134,21609.0,329151.5551003245
2024-07-11,15.44342937858645,16.293572559362058,15.352881584184315,16.26842039425035,51996.0,845892.7868194411
2024-07-12,16.062172640334378,16.23823779611631,16.01186831011097,16.062172640334378,18089.0,290548.64089100854
2024-07-15,16.00683787708863,16.53503334443442,15.941442247798197,16.459576849099303,29839.0,491137.3136002741
2024-07-16,16.474668148166327,17.631667743304728,16.308663858429078,17.3449330610313,52081.0,903341.458751571
2024-07-17,17.334872194986616,17.697063372595156,16.892194089020617,16.902254955065303,32328.0,546416.0981873511
2024-07-18,16.791585428573804,17.022985347601484,16.288542126339717,16.37908992074185,34902.0,571662.9964137321
2024-07-19,16.25332909518333,16.932437553199343,16.122537836602465,16.61552027279187,22029.0,366023.2960893321
2024-07-22,16.60042897372485,16.85195062484189,16.3237551574961,16.4092725188759,17778.0,291724.0468405757
2024-07-23,16.404242085853554,16.459576849099303,15.805620556194993,15.825742288284356,19778.0,313001.530977688
2024-07-24,15.750285792949242,16.192963898915238,15.352881584184315,15.393125048363041,19794.0,304691.517207298
2024-07-25,15.247242490715157,15.388094615340703,15.005781705642796,15.101359933067274,18744.0,283059.89058541297
2024-07-26,15.146633830268339,15.488703275787518,14.965538241464069,15.121481665156635,23326.0,352723.68132144364
2024-07-29,15.342820718139633,15.408216347430066,14.809594817771503,15.000751272620455,39316.0,589769.5370343458
2024-07-30,14.950446942397047,14.97559910750875,14.603347063855526,14.779412219637457,20937.0,309436.55364254944
2024-07-31,14.78947308568214,15.689920596681153,14.78947308568214,15.574220637167313,37090.0,577647.8434325357
2024-08-01,15.594342369256676,15.78046839108329,15.342820718139633,15.398155481385382,20387.0,313922.19579900376
2024-08-02,15.232151191648134,15.347851151161974,14.784442652659797,14.814625250793842,24976.0,370010.080263827
2024-08-05,14.653651394078937,14.809594817771503,14.065090730465053,14.065090730465053,33890.0,476665.92485546065
2024-08-06,14.306551515537414,14.477586238297004,14.195881989045915,14.462494939229982,16021.0,231703.63142140355
2024-08-07,14.532921001542755,15.468581543698155,14.50776883643105,14.84480784892789,39981.0,593510.262607986
2024-08-08,14.754260054525753,14.895112179151297,14.412190609006574,14.44237320714062,26271.0,379415.5865247912
2024-08-09,14.583225331766164,15.061116468888546,14.55807316665446,14.73916875545873,22945.0,338190.22709400055
2024-08-12,14.869960014039592,15.242212057692816,14.724077456391706,15.141603397246,37704.0,570899.0144897632
2024-08-13,15.15166426329068,16.09235523846842,15.141603397246,15.649677132502427,41142.0,643859.0165854149
2024-08-14,15.73016406085988,15.815681422239674,15.453490244631132,15.710042328770516,23790.0,373741.9070014506
2024-08-15,15.659737998547106,16.02695960917799,15.523916306943905,15.755316225971583,16595.0,261459.47276999842
2024-08-16,15.825742288284356,16.187933465892897,15.705011895748177,15.946472680820538,21077.0,336103.80469365447
2024-08-19,15.90622921664181,16.37908992074185,15.820711855262015,16.09235523846842,21359.0,343716.615538447
2024-08-20,16.047081341267354,16.08229437242374,15.740224926904562,15.770407525038605,18236.0,287589.151626604
2024-08-21,15.644646699480086,15.986716144999264,15.644646699480086,15.765377092016266,15737.0,248099.73929705998
2024-08-22,15.79052925712797,16.399211652831216,15.684890163658812,16.14769000171417,26266.0,424135.2255850244
2024-08-23,16.630611571858896,16.67588546905996,15.030933870754499,15.820711855262015,61228.0,968670.5454739827
2024-08-26,16.03199004220033,16.197994331937583,15.765377092016266,15.886107484552445,29695.0,471737.96175378485
2024-08-27,15.639616266457743,15.996777011043946,15.564159771122632,15.574220637167313,16623.0,258890.26965163223
2024-08-28,15.02590343773216,15.699981462725836,15.02590343773216,15.614464101346039,14812.0,231281.44226913754
2024-08-29,15.594342369256676,15.710042328770516,15.222090325603453,15.589311936234337,15188.0,236770.4696875271
2024-08-30,15.699981462725836,16.197994331937583,15.473611976720496,15.96156397988756,31132.0,496915.4098218595
2024-09-02,15.981685711976922,16.348907322607804,15.825742288284356,15.84586402037372,29704.0,470685.54486118094
2024-09-03,15.876046618507766,16.278481260295035,15.805620556194993,16.107446537535445,17501.0,281896.4218534078
2024-09-04,15.95653354686522,16.24829866216099,15.85089445339606,16.057142207312037,14240.0,228653.7050321234
2024-09-05,16.097385671490763,16.20805519798226,15.795559690150311,15.96156397988756,19960.0,318592.8170385557
2024-09-06,15.800590123172654,15.946472680820538,15.37300331627368,15.393125048363043,16493.0,253878.81142265166
2024-09-09,15.307607686983246,15.574220637167313,15.232151191648134,15.398155481385382,16851.0,259474.31801682507
2024-09-10,15.533977172988587,16.54006377745676,15.302577253960907,16.374059487719514,39677.0,649673.5582942471
2024-09-11,16.243268229138646,16.31872472447376,15.936411814775855,16.12756826962481,26191.0,422397.1405497434
2024-09-12,16.24829866216099,16.288542126339717,15.679859730636473,15.699981462725836,25257.0,396534.4318040664
2024-09-13,15.694951029703494,15.986716144999264,15.579251070189654,15.589311936234337,21041.0,328014.7124503067
2024-09-18,15.55409890507795,15.579251070189652,15.217059892581112,15.488703275787518,17007.0,263416.3766113183
2024-09-19,15.579251070189652,15.745255359926903,15.317668553027929,15.513855440899222,22544.0,349744.3570596321
2024-09-20,15.544038039033268,15.79052925712797,15.408216347430065,15.624524967390721,24301.0,379691.5812325619
2024-09-23,15.639616266457743,16.06720307335672,15.468581543698155,15.533977172988585,27647.0,429467.8669016154
2024-09-24,15.594342369256676,16.187933465892897,15.277425088849203,16.132598702647147,40765.0,657645.3861134109
2024-09-25,16.31872472447376,16.877102789953597,16.298602992384396,16.49478988025569,47761.0,787807.659470892
2024-09-26,16.444485550032283,17.103472275958936,16.399211652831216,17.103472275958936,36425.0,622993.9776518042
2024-09-27,17.365054793120663,18.376171830611174,17.209111369428093,18.18501537576222,52918.0,962314.6436545851
2024-09-30,19.040188989560168,21.449766407261443,18.77860647239844,21.248549086367802,84866.0,1803279.36676369
2024-10-08,25.147134678681976,25.152165111704317,22.219422659679594,25.101860781480912,108713.0,2728898.5911371345
2024-10-09,23.643035205002057,24.06559157887869,21.706318491400825,21.892444513227435,79195.0,1733772.1432250468
2024-10-10,22.174148762478524,23.643035205002057,22.174148762478524,22.470944310796636,69002.0,1550540.0993335894
2024-10-11,22.1339052982998,22.631918167511547,21.334066447747603,22.29487915501471,50170.0,1118534.087207088
2024-10-14,22.284818288970026,23.039383242321158,21.404492510060376,22.989078912097746,54144.0,1244720.6886166204
2024-10-15,23.089687572544562,25.04652601823516,22.385426949416843,23.18526579996904,85157.0,1974387.6797279636
2024-10-16,22.385426949416843,23.542426544555237,22.33512261919343,23.341209223661604,43730.0,1020711.0793507219
2024-10-17,23.47200048224247,24.12092634212444,22.994109345120087,23.039383242321158,40875.0,941734.7900298773
2024-10-18,22.893500684673267,24.739669603872365,22.858287653516882,23.894556856119102,56307.0,1345430.8128974983
2024-10-21,24.020317681677625,25.40368676282136,23.975043784476558,24.840278264319185,70276.0,1745675.395303295
2024-10-22,24.64912180947023,25.730664909273514,23.94486118634251,25.670299713005427,65767.0,1688258.6012252278
2024-10-23,25.38859546375434,26.38965163520017,24.74973046991705,25.257804205173475,61008.0,1540928.1189492233
2024-10-24,25.16725641077134,26.379590769155485,24.950947790810684,26.0978865199044,62741.0,1637407.4981453218
2024-10-25,26.082795220837376,26.15825171617249,24.603847912269163,25.539508454424563,60022.0,1532932.3764514711
2024-10-28,25.363443298642633,25.725634476251177,24.900643460587272,25.096830348458568,42879.0,1076126.988511555
2024-10-29,25.147134678681976,25.81115183763097,25.05658688427984,25.24271290610645,40687.0,1027050.2600107532
2024-10-30,25.026404286145794,26.128069118038443,24.976099955922386,25.504295423268175,36962.0,942689.7674348383
2024-10-31,25.378534597709656,26.85245147325553,25.05658688427984,25.851395301809696,43782.0,1131825.789103832
2024-11-01,25.796060538563946,25.851395301809696,25.006282554056433,25.132043379614952,33846.0,850619.1402264477
2024-11-04,25.142104245659638,26.248799510574628,25.036465152190477,26.07776478781504,33258.0,867294.3013131525
2024-11-05,25.94697352923417,26.837360174188508,25.836304002742672,26.701538482585303,39077.0,1043416.0192839858
2024-11-06,26.57577765702678,27.03857749508214,26.15825171617249,26.51541246075869,31693.0,840352.9671188252
2024-11-07,26.228677778485263,26.79208627698744,25.846364868787358,26.193464747328875,27021.0,707773.6109375735
2024-11-08,26.656264585384235,27.62210772567368,26.193464747328875,26.62105155422785,36542.0,972786.4658945941
2024-11-11,26.62105155422785,27.91890327399179,26.57577765702678,27.22973394993109,40779.0,1110401.32074424
2024-11-12,27.26494698108748,27.425920837802387,26.434925532401238,26.84742104023319,35337.0,948707.3172987202
2024-11-13,26.741781946764032,27.72774681914284,26.470138563557626,27.164338320640667,31961.0,868199.4170659963
2024-11-14,27.305190445266206,29.151359364465304,26.661295018406577,26.90778623650128,66691.0,1794507.1718985068
2024-11-15,26.253829943596966,27.068760093216188,25.745756208340538,25.745756208340538,34831.0,896750.4344927092
2024-11-18,25.826243136697993,26.409773367289535,24.890582594542593,25.499264990245837,44385.0,1131784.8765920615
2024-11-19,25.45399109304477,26.0978865199044,25.036465152190477,25.906730065055445,29218.0,756942.83904079
2024-11-20,25.88157789994374,26.661295018406577,25.604904083714995,26.2085560463959,23395.0,613149.1687054321
2024-11-21,26.2085560463959,26.354438604043782,25.6300562488267,25.92182136412247,22927.0,594309.5984152359
2024-11-22,26.15825171617249,26.38462120217783,24.64912180947023,24.87046086245323,23371.0,581247.5408163944
2024-11-25,24.870460862453232,24.870460862453232,24.2265654355936,24.654152242492575,27441.0,676534.5916862388
2024-11-26,24.900643460587272,25.443930227000084,24.598817479246822,24.65918267551491,20261.0,499619.70018860756
2024-11-27,24.39760015835319,25.247743339128796,24.080682877945716,25.192408575883046,19254.0,485054.6347200522
2024-11-28,25.232652040061772,25.328230267486248,24.553543582045755,24.68936527364896,18495.0,456629.8107361375
2024-11-29,24.795004367118114,25.398656329799017,24.52839141693405,24.664213108537254,28125.0,693680.9936776103
2024-12-02,24.553543582045755,25.328230267486248,24.488147952755323,25.001252121034092,28460.0,711535.6353646303
2024-12-03,25.081739049391544,25.147134678681976,24.553543582045755,25.001252121034092,23501.0,587554.4260964222
2024-12-04,24.900643460587272,25.28295637028518,24.156139373280826,24.34729582812978,22523.0,548374.143936967
2024-12-05,24.432813189509574,24.81512609920748,24.2517176007053,24.52839141693405,16994.0,416835.48373937723
2024-12-06,24.729608737827682,24.966039089877704,24.24165673466062,24.578695747157457,14204.0,349115.7943926245
2024-12-09,24.578695747157457,24.83524783129684,23.84425252589569,24.332204529062754,22454.0,546355.3204955751
2024-12-10,24.950947790810684,25.403686762821362,24.261778466749984,24.377478426263824,17889.0,436088.71156743355
2024-12-11,24.603847912269163,25.11695208054793,24.070622011901033,25.041495585212818,26709.0,668833.3055854492
2024-12-12,24.900643460587272,25.4087171958437,24.65415224249257,24.850339130363864,22083.0,548770.0390158253
2024-12-13,24.65918267551491,25.443930227000084,24.543482716001073,25.00125212103409,26772.0,669333.5217843247
2024-12-16,26.052612622703336,27.325312177355574,24.80003480014046,26.686447183518283,83817.0,2236777.943580952
2024-12-17,26.238738644529942,29.61415920252066,26.198495180351216,28.27103358555565,120314.0,3401401.1348125422
2024-12-18,27.164338320640663,29.42803318069405,27.164338320640663,28.452129174359925,107846.0,3068448.3229380203
2024-12-19,28.60807259805249,34.14154892262744,28.60807259805249,34.14154892262744,102932.0,3514257.913703888
2024-12-20,34.709987854151954,40.137825085257745,34.14657935564978,36.53603504126169,245653.0,8975186.615991058
2024-12-23,37.708125935467116,43.10075013541652,37.632669440132,37.778551997779886,246436.0,9309995.240124883
2024-12-24,38.231290969790564,39.42853402910769,36.470639411971256,38.382203960460785,229101.0,8793401.309545526
2024-12-25,38.06528668005331,39.7001774123141,36.88313491980321,39.44362532817471,205722.0,8114421.489762758
2024-12-26,38.65887777668953,42.98001974288034,37.75339983266818,42.67819376153989,227858.0,9724567.874116955
2024-12-27,40.751537913983334,41.08354649345784,37.14974786998728,37.33084345879155,219778.0,8204498.113686289
2024-12-30,38.080377979120335,39.066342851499144,36.626582835663825,36.75737409424469,157872.0,5802960.163006597
2024-12-31,36.822769723535124,37.91437368938309,36.21911776085422,36.319726421301034,134744.0,4893865.216911786
2025-01-02,35.31363981683286,36.5863393714851,34.45846620303492,35.182848558252,132531.0,4662818.102273695
2025-01-03,34.84580954575516,35.68086142746374,33.79947947710826,34.327674944454046,99776.0,3425078.0952578466
2025-01-06,34.332705377476394,35.35388328101159,33.2008579474497,33.70893168270613,101751.0,3429917.5076470315
2025-01-07,33.81457077617528,35.46455280750309,33.24613184465077,35.283457218698814,153098.0,5401826.733268351
2025-01-08,34.31258364538702,35.96759610973717,33.50268392879015,35.96759610973717,142089.0,5110599.763636445
2025-01-09,35.39915717821265,37.044108776518115,34.901144309000905,36.69197846495425,182174.0,6684324.484874576
2025-01-10,35.52491800377118,35.61546579817332,32.199801776003866,32.25010610622727,184157.0,5939082.790204495
2025-01-13,31.611241112389987,32.44629299409857,31.188684738513352,31.79233670119426,110585.0,3515755.5541015672
2025-01-14,32.69781464521561,34.518831399303004,31.943249691864484,34.45846620303492,135923.0,4683698.101715115
2025-01-15,34.20694455191787,34.89611387597857,33.9403316017338,34.23712715005192,86177.0,2950452.906410024
2025-01-16,34.257248882141276,35.92735264555844,34.1616706547168,35.02187470153709,147313.0,5159177.427907533
2025-01-17,34.709987854151954,35.977656975781855,34.709987854151954,35.404187611234995,93541.0,3311743.113342533
2025-01-20,34.72507915321898,36.06820477018399,34.34276624352107,35.71607445862013,99279.0,3545856.1561773475
2025-01-21,36.118509100407394,38.05522581400864,35.39412674519031,36.22414819387656,180030.0,6521433.399343597
2025-01-22,35.68589186048608,36.973682714205346,35.565161467949906,36.249300358988265,124978.0,4530365.060265635
2025-01-23,36.354939452457415,38.04013451494161,35.31363981683286,35.479644106570106,119758.0,4248971.218914622
2025-01-24,35.213031156386045,36.79761755842342,34.96653993829134,36.19899602876485,96735.0,3501709.880842568
2025-01-27,35.16272682616264,35.20297029034136,32.93424499726563,32.94933629633265,113054.0,3725054.265645592
2025-02-05,32.194771342981525,32.49659732432198,30.24799376333561,31.97846272302087,107001.0,3421727.489825956
2025-02-06,31.993554022087892,33.231040545583745,31.430145523585715,32.999640626556065,80766.0,2665248.9748444273
2025-02-07,32.999640626556065,35.03193556758177,32.60223641779113,34.41822273885619,96091.0,3307281.44119943
2025-02-10,34.709987854151954,34.709987854151954,32.98957976051138,34.20191411889553,84441.0,2888043.8301136573
2025-02-11,34.136518489605095,34.38804014072214,33.63850562039335,33.7542055799072,53950.0,1821039.3910359934
2025-02-12,34.44337490396789,36.16881343063081,34.20694455191787,35.38909631216797,122386.0,4331129.94126099
2025-02-13,35.5400093028382,35.635587530262676,34.54901399743705,34.82065738064346,86867.0,3024766.0446843556
2025-02-14,35.21806158940838,37.01392617838407,35.11242249593923,35.746257056754175,115117.0,4115001.8736023703
2025-02-17,37.68800420337775,41.69222888916107,36.973682714205346,39.65490351511303,163531.0,6484806.026729949
2025-02-18,38.68402994180124,39.45871662724173,35.39412674519031,35.711044025597786,143814.0,5135748.08549732
2025-02-19,35.479644106570106,36.319726421301034,34.89108344295623,36.18893516272017,92141.0,3334484.674828199
2025-02-20,35.947474377647815,36.34487858641274,35.021874701537094,35.560131034927565,69869.0,2484550.795279354
2025-02-21,37.97976931867352,42.67316332851754,37.22520436532239,42.67316332851754,203185.0,8670546.690904837
2025-02-24,44.34326709193471,47.61807898947861,42.75868068989734,45.07771031319648,222675.0,10037679.143991025
2025-02-25,43.22651096097504,43.75470642832083,41.60168109475894,41.978963571434505,169605.0,7119842.116533149
2025-02-26,42.75868068989734,44.267810596599595,40.46983366473225,42.64801116340584,162025.0,6910044.008750832
2025-02-27,42.788863288031386,42.88444151545586,39.54423398862153,40.826994409318445,138087.0,5637677.176999556
2025-02-28,40.01206425969922,40.49498582984395,37.12459570487557,37.31575215972452,97781.0,3648771.561930023
2025-03-03,37.2755086955458,38.15583447445545,36.324756854323375,36.9183479509596,87094.0,3215366.5964408754
2025-03-04,36.118509100407394,37.38114778901495,35.68589186048608,36.98374358025003,67786.0,2506980.0423308285
2025-03-05,37.37611735599261,39.36313839981725,36.5863393714851,39.187073244035325,115853.0,4539939.996541224
2025-03-06,39.23737757425874,40.686142284692906,38.70918210691295,39.685086113247074,127673.0,5066713.999336594
2025-03-07,39.74042087649282,41.14894212274826,38.427477857661856,38.99591678918637,112624.0,4391876.132465325
2025-03-10,38.29165616605865,39.12167761474489,37.7684911317352,38.754456004114004,60250.0,2334955.9742478686
2025-03-11,37.728247667556474,39.38829056492896,37.57733467688625,39.22228627519171,56545.0,2217824.1774307154
2025-03-12,39.6649643811577,42.507159038780294,39.36313839981725,40.24346417872691,130509.0,5252134.2665014705
2025-03-13,39.92151646529709,40.49498582984395,38.4325082906842,38.48784305392995,74065.0,2850602.0957893217
2025-03-14,38.50293435299697,41.07851606043549,38.075347546097994,40.93263350278761,93958.0,3845948.378654918
2025-03-17,40.6609901195812,41.90350707609939,39.84102953693964,41.14894212274826,89557.0,3685175.809686966
2025-03-18,41.249550783195076,41.56646806360256,40.09255118805668,40.18309898245882,73167.0,2940076.8032495645
2025-03-19,40.53522929402268,40.69117271771525,38.67396907575655,38.78463860224805,67007.0,2598842.278820835
2025-03-20,38.51299521904165,38.83494293247146,37.008895745361734,37.0290174774511,92881.0,3439292.1723231357
2025-03-21,36.7221610630883,37.11453483883089,35.91729177951377,35.972626542759514,59993.0,2158105.7841797713
2025-03-24,35.94747437764781,36.45051767988189,34.64962265788387,35.711044025597786,54264.0,1937824.0930050383
2025-03-25,35.59031363306161,36.01287000693824,33.683779517594424,33.809540343152946,62584.0,2115936.272835884
2025-03-26,33.70390124968378,34.43331403792321,33.70390124968378,34.020818530091255,34802.0,1183992.526484236
2025-03-27,34.09627502542637,34.674774822995566,33.88499683848806,34.01578809706892,34746.0,1181912.5732207566
2025-03-28,34.09627502542637,35.23818332149774,34.07112286031467,34.35785754258809,53819.0,1849105.5350845486
2025-03-31,33.995666364979556,35.19793985731902,33.85481424035401,34.97157037131368,45528.0,1592185.6558651694
2025-04-01,35.102361629894546,35.147635527095616,34.45846620303492,34.594287894638114,35329.0,1222181.59702967
2025-04-02,34.6043487606828,34.961509505269,34.39810100676682,34.72004872019664,32966.0,1144581.1261100024
2025-04-03,34.50877053325832,36.3901524836138,34.257248882141276,35.80662225302226,84788.0,3035971.8875892516
2025-04-07,32.194771342981525,33.804509910130605,28.643285629208876,29.624220068565343,85941.0,2545935.096912574
2025-04-08,30.182598134045183,31.4402063896304,29.2368767258451,30.202719866134547,64465.0,1947018.3361703637
2025-04-09,29.322394087224897,31.188684738513352,28.01951193443861,30.896919623217585,69304.0,2141280.1175674717
2025-04-10,34.20694455191788,35.19290942429669,33.30649704091886,33.3366796390529,107222.0,3574425.46425853
2025-04-11,33.276314442784816,34.68986612206259,33.256192710695444,33.81960120919763,90412.0,3057697.784525976
2025-04-14,34.730109586241326,35.49473540563713,34.50877053325833,34.654653090906216,78012.0,2703478.7969277757
2025-04-15,35.10739206291688,35.10739206291688,34.131488056582754,34.72004872019664,50879.0,1766521.3588348846
2025-04-16,34.45846620303492,35.45449194145841,34.20694455191787,35.03193556758177,69486.0,2434229.0748489867
2025-04-17,34.6295009257945,35.15769639314029,34.15664022169447,34.17676195378383,62616.0,2140012.1264981283
2025-04-18,34.09124459240404,34.57416616254876,33.7793577450189,34.35282710956576,44782.0,1538388.3036205738
2025-04-21,34.20694455191787,35.15266596011795,34.20694455191787,35.011813835492404,54873.0,1921203.2605949747
2025-04-22,34.709987854151954,35.06211816571581,34.257248882141276,34.26730974818596,40842.0,1399545.4647354109
2025-04-23,34.50877053325832,35.71607445862013,34.39810100676682,35.19290942429668,75914.0,2671634.526036058
2025-04-24,35.213031156386045,36.21911776085422,34.840779112732825,35.39412674519031,77802.0,2753733.8490292965
2025-04-25,35.76637878884354,36.058143904139314,35.137574661050934,35.66577012839672,60054.0,2141872.159290737
2025-04-28,35.50982670470415,37.728247667556474,35.11242249593923,37.240295664389414,90034.0,3352892.7798476364
2025-04-29,36.86804362073618,37.542121645729864,36.56621763939573,37.129626137897915,68017.0,2525445.7810214027
2025-04-30,37.22520436532239,37.662852038266045,36.7221610630883,37.129626137897915,68743.0,2552401.8895975165
2025-05-06,37.36605648994793,38.32686919721504,36.99883487931705,37.964678019606495,89887.0,3412531.0131483693
2025-05-07,38.26147356792461,38.422447424639515,36.15875256458612,36.883134919803204,87962.0,3244314.3138157297
2025-05-08,36.515913309172326,37.48678688248411,36.37003075152444,36.99883487931705,60436.0,2236061.584766405
2025-05-09,36.72216106308831,36.95859141513833,35.625526664218,36.04808303809463,48684.0,1754964.874626599
2025-05-12,36.244269925965924,36.54609590730637,36.04305260507229,36.34990901943508,34375.0,1249528.122543081
2025-05-13,36.822769723535124,36.822769723535124,35.590313633061605,35.680861427463746,35118.0,1253040.4916096719
2025-05-14,35.69092229350843,36.31469598827869,35.69092229350843,35.84183528417865,33127.0,1187332.4774589862
2025-05-15,35.74122662373183,35.76637878884353,34.247188016096594,34.30755321236469,44844.0,1538487.916255282
2025-05-16,34.20694455191787,34.8508399787775,34.05603156124764,34.63453135881685,28419.0,984278.7466862161
2025-05-19,34.57416616254875,34.896113875978564,34.14657935564978,34.785444349487065,27338.0,950964.4776262774
2025-05-20,34.639561791839185,34.961509505269,34.53895313139237,34.61944005974982,24628.0,852607.5697915186
2025-05-21,34.901144309000905,34.901144309000905,34.23209671702957,34.27737061423064,26933.0,923192.4227530739
2025-05-22,34.227066284007236,34.65465309090621,33.70390124968378,33.764266445951876,25722.0,868484.4615227742
2025-05-23,33.74414471386251,33.8900272715104,33.2008579474497,33.2008579474497,26081.0,865911.5761274355
2025-05-26,33.200857947449705,33.62844475434868,33.110310153047564,33.62844475434868,20950.0,704515.9176036048
2025-05-27,33.62844475434868,33.81457077617528,33.20588838047204,33.346740505097586,20622.0,687676.4826961224
2025-05-28,33.4725013306561,33.61335345528165,33.10024928700288,33.10024928700288,19981.0,661376.0810036046
2025-05-29,33.10024928700288,33.79947947710826,33.10024928700288,33.67371865154974,26197.0,882150.4075146486
2025-05-30,33.45237959856674,34.030879396135944,33.185766648382675,33.61838388830399,25404.0,854041.4242984746
2025-06-03,33.527836093901854,34.21197498494021,33.40207526834334,34.21197498494021,30297.0,1036520.2061187336
2025-06-04,34.38960581269601,34.92250259698366,33.54407624829295,34.45355342681054,54280.0,1870138.8800072758
2025-06-05,34.44644813635336,36.23698133155985,33.83539315703686,36.116191393787986,92111.0,3326698.5054732054
2025-06-06,36.09487552241648,37.30277490013514,35.73250570910088,37.10382676733442,106164.0,3939090.664927291
2025-06-09,37.30277490013515,37.58698651842189,36.450140045274914,36.947510377276714,85528.0,3160046.667547723
2025-06-10,36.72014108264732,36.833825729962015,35.88171680870142,36.350665978874545,61323.0,2229131.8898225236
2025-06-11,36.38619243116039,36.58514056396111,36.09487552241648,36.41461359298907,37689.0,1372430.3717061651
2025-06-12,36.23698133155985,37.40935425699267,36.09487552241648,37.03987915321991,67403.0,2496598.9745644815
2025-06-13,36.734351663561654,37.37382780470683,36.450140045274914,36.45724533573208,72497.0,2643040.915104569
2025-06-16,36.23698133155985,37.650934132536406,36.09487552241648,36.63487759716129,64919.0,2378299.618730114
2025-06-17,36.80540456813334,36.940405086819545,35.618821061786186,35.7964533232154,48313.0,1729434.0494045056
2025-06-18,35.60461048087185,36.34356068841738,35.52645228584299,36.244086622017015,40319.0,1461325.328513104
2025-06-19,36.16592842698817,36.86224689179068,35.93855913235877,36.07355965104497,47001.0,1695493.3771587645
2025-06-20,36.10198081287365,37.36672251424966,35.88171680870142,36.13750726515949,53035.0,1916552.6978077337
2025-06-23,35.65434751407203,37.30277490013514,35.65434751407203,36.42171888344623,62971.0,2293512.059809493
2025-06-24,36.58514056396111,40.10225934025957,36.58514056396111,39.8464688838015,193493.0,7710012.803733404
2025-06-25,42.37595228655352,43.79701037798724,40.50015560586101,41.48779097940744,227591.0,9442247.836794319
2025-06-26,41.48779097940744,43.98174792987362,41.48779097940744,43.349377079185615,181084.0,7849878.599007248
2025-06-27,42.802269713983634,44.436486519132416,41.76489730723702,43.65490456884387,122708.0,5356806.029833693
2025-06-30,43.04384958952737,44.58569761873296,42.84490145672665,43.669115149758206,105203.0,4594121.921100013
2025-07-01,43.669115149758206,43.69043102112971,42.347531124724846,42.724111518954786,91649.0,3915622.096600687
2025-07-02,42.39016286746786,42.631742743011586,40.62094554363288,40.848314838262276,88797.0,3627207.8126931754
2025-07-03,40.82699896689076,41.67252853129383,40.429102701289324,41.46647510803594,61043.0,2531238.0400198377
2025-07-04,41.21778994203504,42.04910892552376,40.926473033291124,41.17515819929203,55562.0,2287774.1398690636
2025-07-07,40.80568309551926,41.32436929889256,39.78962656014415,39.89620591700168,62632.0,2498779.168993649
2025-07-08,40.137785792545415,44.280170129074705,39.917521788373186,43.335166498271285,134998.0,5850160.8069336265
2025-07-09,42.66016390484026,43.54832521198634,42.631742743011586,42.97279668495568,70598.0,3033793.500364501
2025-07-10,42.98700726587002,43.20016597958508,41.83595021180871,42.31910996289617,55296.0,2340077.5045083067
2025-07-11,42.312004672439,43.69043102112971,41.77200259769419,43.16463952729924,100908.0,4355657.445420711
2025-07-14,45.47385892587903,45.80780757736595,41.43805394620726,42.07042479689527,184695.0,7770197.107862571
2025-07-15,41.82173963089437,44.997804465248734,41.49489626986461,43.81122095890157,207819.0,9104804.128457965
2025-07-16,44.57148703781861,47.15781276422799,44.40806535730374,44.91964627021988,202836.0,9111321.37086632
2025-07-17,45.63728060639391,46.845179984112576,44.230433095874524,45.53780653999355,146296.0,6661998.9455748955
2025-07-18,45.53780653999355,46.539652494454316,44.663855813761806,44.940962141591385,122623.0,5510795.600688361
2025-07-21,44.47911826187543,44.91964627021988,43.81122095890158,44.29438070998904,83568.0,3701592.807172364
2025-07-22,44.059906124902476,45.829123448737455,43.62648340701519,43.9178003157591,102963.0,4521908.473911504
2025-07-23,43.342271788728446,44.940962141591385,43.16463952729924,44.891225108391204,91242.0,4095965.16133983
2025-07-24,45.1185944030206,45.17543672667795,42.773848552154966,43.00121784678436,137445.0,5910302.386951276
2025-07-25,43.10069191318472,43.61937811655803,42.894638489926834,43.20727127004225,68799.0,2972617.0561076365
2025-07-28,43.22148185095658,44.02437967261663,43.21437656049942,43.73306276387272,77037.0,3369063.9561404623
2025-07-29,43.59095695472935,45.68701763959408,43.342271788728446,45.58754357319372,121272.0,5528492.584208349
2025-07-30,45.0049097557059,45.218068469420956,43.51990405015766,43.995958510787965,89364.0,3931654.8363580555
2025-07-31,44.29438070998904,47.36386618748588,44.08832728673116,45.05464678890608,172104.0,7754084.930957893
2025-08-01,45.942808096052154,46.042282162452516,43.342271788728446,44.23753838633169,111118.0,4915586.790412405
2025-08-04,43.70464160204405,44.663855813761806,43.562535792900675,44.10253786764549,82826.0,3652836.801425605
2025-08-05,44.32280187181771,44.59280290919012,43.27121888415676,44.18780135313151,88817.0,3924627.9527810817
2025-08-06,44.05280083444531,45.60885944456523,43.825431539815916,45.18254201713512,92807.0,4193256.176984259
2025-08-07,45.338858407192824,47.86834180994485,44.65675052330464,45.601754154108065,127611.0,5819285.4493598845
2025-08-08,45.56622770182223,45.601754154108065,44.06701141535965,44.06701141535965,74566.0,3285900.7731977077
2025-08-11,43.889379153930435,46.14175622885288,43.81122095890158,46.11333506702421,120438.0,5553797.848802262
2025-08-12,46.113335067024195,48.78492427891959,45.54491183045071,48.045974071374054,155766.0,7483929.197201651
2025-08-13,48.38702801331816,48.9199247976058,47.25728683062835,48.42965975606117,146008.0,7071117.76166298
2025-08-14,48.31597510874647,49.65176971469416,47.62676193440112,47.93228942405937,143937.0,6899229.942830834
2025-08-15,47.61255135348678,48.65702905069056,47.25728683062835,48.46518620834701,116108.0,5627195.840278755
2025-08-18,49.026504154463325,58.156802391924984,48.799134859833934,58.156802391924984,203697.0,11846366.176827943
2025-08-19,60.23154720541822,61.57444710182307,58.14969710146781,59.329175317357794,232160.0,13773861.341677785
2025-08-20,57.552852703065646,60.39496888593308,54.7107365201982,59.37180706010081,169721.0,10076642.466047369
2025-08-21,59.39312293147231,59.67733454975905,57.233114632493056,57.72337967403769,102151.0,5896500.957082624
2025-08-22,58.156802391924984,66.78973029738484,56.91337656192048,64.05419347137492,229321.0,14688971.701049168
2025-08-25,67.85552386596011,69.63184648025226,63.91208766223154,64.7149854838916,215302.0,13933265.804652829
2025-08-26,64.72209077434876,65.45393569143712,62.959978740970946,63.18734803560034,163212.0,10312933.447586402
2025-08-27,63.2868221020007,66.43446577452639,62.78234647954174,63.016821064628296,171758.0,10823643.152418427
2025-08-28,63.009715774171134,67.42920643853,62.88182054594209,66.57657158366976,182001.0,12117002.60479948
2025-08-29,65.3686722059511,65.3686722059511,62.43418724714048,63.45024378251559,150206.0,9530607.317596536
2025-09-01,66.27814938446869,75.88450208256063,65.3686722059511,73.61791442672384,241199.0,17756567.341811363
2025-09-02,71.7492230364885,72.4739626631197,63.6491919153163,65.04182884492134,230431.0,14987653.662564069
2025-09-03,63.947614114517386,65.72393672880953,61.66681587776627,64.16787811868961,136272.0,8744285.086990071
2025-09-04,64.16787811868961,64.65814316023425,56.9986400474065,58.4907510434119,178035.0,10413400.862013837
2025-09-05,58.53338278615491,61.041550317535425,57.41074689392227,60.593917018733805,125751.0,7619745.659022795
2025-09-08,60.39496888593308,60.94918154159224,58.703909757126965,59.68443984021623,104310.0,6225683.919732954
2025-09-09,59.20838537958593,60.25286307678972,58.07153890643895,58.90285788992768,72776.0,4286714.385797377
2025-09-10,60.203126043589535,60.92786567022073,58.981016084956536,60.00417791078881,105350.0,6321440.142901601
2025-09-11,60.92786567022073,65.21235581589339,59.89759855393128,63.71313952943082,159346.0,10152433.931456683
2025-09-12,63.166032164228845,67.38657469578699,62.455503118511984,65.47525156280864,150256.0,9838049.398821374
2025-09-15,63.81261359583118,67.89105031824596,62.18550208113957,66.22130706081133,134460.0,8904116.947396692
2025-09-16,65.9584113138961,66.22130706081134,63.59234959165895,64.78603838846328,97508.0,6317157.031182278
2025-09-17,64.65814316023425,66.07920125166797,63.59945488211613,64.99919710217834,88624.0,5760488.843983454
2025-09-18,64.78603838846328,67.6992074759024,63.43603320160125,65.9797271852676,144306.0,9521270.511197228
2025-09-19,66.796835587842,68.56605291167698,64.22472044234696,64.8499860025778,114181.0,7404636.251760335
2025-09-22,64.33840508966165,67.3368376625868,64.16077282823244,67.0455207538429,105664.0,7084297.904934055
2025-09-23,68.55184233076264,69.9871110031107,62.945768160056616,65.574725629209,128018.0,8394745.225600077
2025-09-24,63.92629824314589,67.42210114807283,63.2655062306292,66.80394087829917,102610.0,6854752.373522278
2025-09-25,68.19657780790419,70.2357961691116,66.882099073328,68.03315612738933,136233.0,9268360.958702631
2025-09-26,66.79683558784198,68.32447303613324,64.16077282823244,64.22472044234696,100006.0,6422857.392557351
2025-09-29,63.507086106172935,65.01340768309268,62.952873450513785,63.51419139663011,78127.0,4962173.23124452
2025-09-30,64.28156276600431,66.43446577452639,63.166032164228845,63.52840197754444,72982.0,4636429.833125148
2025-10-09,64.08971992366075,67.96210322281765,64.08971992366075,65.31893517275093,127247.0,8311638.543927037
2025-10-10,64.47340560834786,64.7789330980061,61.78050052508096,62.44839782805481,80272.0,5012857.790453616
2025-10-13,57.993380711410104,61.37549896902236,57.993380711410104,61.02733973662109,69874.0,4264224.3367566615
2025-10-14,61.8160269773668,62.66866183222704,58.831804985355994,59.165753636842915,68010.0,4023862.9048416866
2025-10-15,59.22970125095743,59.90470384438845,57.90811722592407,59.72707158295924,45393.0,2711190.960365269
2025-10-16,59.68443984021623,60.45891650004761,58.65417272392678,59.18706950821442,47616.0,2818251.501703138
2025-10-17,60.323915981361395,61.87286930102415,58.71101504758413,60.039704363074655,90715.0,5446501.781296317
2025-10-20,59.64180809747322,60.906549798849234,58.31311878198269,59.37180706010081,87210.0,5177815.293711391
2025-10-21,59.386017641015144,61.22628786942181,59.37180706010081,60.96339212250657,77593.0,4730332.484961652
2025-10-22,56.84232365734879,56.84232365734879,53.71599585619461,55.066001043056644,161944.0,8917608.472916765
2025-10-23,54.45494606374014,54.88126349117025,52.57914938304763,54.50468309694031,111284.0,6065499.153759906
2025-10-24,54.96652697665628,55.78363537923067,54.128102702710386,55.69837189374464,88270.0,4916495.28706084
2025-10-27,56.998640047406504,57.37522044163644,54.85994761979875,55.932846478831216,103056.0,5764215.42672243
2025-10-28,55.421265565915064,55.84758299334518,54.199155607282066,54.61126245379784,105980.0,5787701.594853495
2025-10-29,55.030474590770794,56.131794611631925,53.76573288939478,56.01810996431723,81255.0,4551751.525150597
2025-10-30,55.847582993345185,55.975478221574214,53.573890047051236,53.573890047051236,82049.0,4395684.104470507
2025-10-31,53.552574175679716,53.81546992259496,52.69283403036232,52.79941338721986,61257.0,3234333.6658609267
2025-11-03,52.437043573904255,52.57204409259045,51.07282780612788,52.053357889217146,67476.0,3512352.376932816
2025-11-04,52.01072614647414,52.01072614647414,50.04966598029561,50.64651037869777,65591.0,3321955.262249165
2025-11-05,49.950191913895246,50.447562245897046,49.38176867732176,50.03545539938127,53860.0,2694909.627810675
2025-11-06,50.333877598582355,52.714149901733826,50.333877598582355,52.05335788921715,93909.0,4888278.786018494
2025-11-07,51.435197619443485,52.721255192191,51.24335477709993,51.96809440373113,60884.0,3164025.4596767663
2025-11-10,52.209674279274864,52.55072822121896,50.34098288903952,51.03019606338488,51014.0,2603254.4219775163
2025-11-11,51.435197619443485,51.69098807590155,49.53808506737946,49.687296166980005,47866.0,2378332.118328665
2025-11-12,49.46703216280778,49.68729616698001,48.60018672703322,49.062030606749175,33612.0,1649072.9727540533
2025-11-13,48.96255654034881,49.71571732880868,48.88439834531995,49.65887500515133,34624.0,1719388.8881783597
2025-11-14,49.38176867732176,49.7796649429232,48.5575549842902,48.75650311709092,37035.0,1805697.0929414623
2025-11-17,48.628607888861886,49.21124170634972,48.33729098011798,48.799134859833934,34556.0,1686302.9042164215
2025-11-18,48.458080917889845,49.637559133779824,48.01755290954539,48.81334544074827,40524.0,1978112.010640883
2025-11-19,48.855977183491284,49.63755913377984,48.188079880517435,48.47939678926135,42563.0,2063428.565541331
2025-11-20,49.026504154463325,50.014139528009764,48.14544813777442,48.58597614611888,46607.0,2264446.590242163
2025-11-21,47.633867224858285,48.422554465604,46.18438797159589,47.07254927874196,55536.0,2614221.0967442133
2025-11-24,47.18623392605666,50.220192951267656,47.150707473770815,49.43150571052193,104637.0,5172364.463031883
2025-11-25,49.70861203835152,52.870466291791544,49.70861203835152,52.39441183116125,127621.0,6686627.23230463
2025-11-26,51.86862033733077,53.77283817985196,51.15809129161391,52.57914938304763,116050.0,6101810.285902677
2025-11-27,52.053357889217146,54.20626089773923,52.03914730830281,52.36599066933256,81847.0,4285999.238312862
2025-11-28,52.088884341503,53.20441494327846,51.20072303435692,52.614675835333465,64248.0,3380387.6930685043
2025-12-01,52.61467583533348,54.625473034712186,51.818883304130594,53.48152127110804,87331.0,4670594.734127137
2025-12-02,53.161783200535446,54.07126037905303,52.69283403036232,53.644942951622916,69241.0,3714429.4949133224
2025-12-03,53.36783662379334,53.993102184024174,51.8828309182451,51.9965155655598,66306.0,3447680.961090008
2025-12-04,51.918357370530956,52.50099118801877,51.0230907729277,51.818883304130594,48531.0,2514822.225632762
2025-12-05,51.726514528187394,52.84915042042003,51.37125000532896,52.380201250246905,52749.0,2763003.235749274
2025-12-08,51.982304984645474,59.54233403107286,51.93967324190246,58.263381748782514,193243.0,11258990.67927998
2025-12-09,60.77865457062019,63.890771790860036,60.039704363074655,62.56208247536951,233081.0,14582032.7454416
2025-12-10,61.10549793164994,61.99365923879602,59.819440358902426,61.80181639645247,131002.0,8096161.551568067
2025-12-11,61.80181639645247,61.80181639645247,58.156802391924984,58.2207500060395,96466.0,5616322.870082607
2025-12-12,57.64522147900883,61.0486556079926,56.686007267291075,59.3504911887293,145963.0,8662975.745380495
2025-12-15,58.291802910611175,59.15154305592858,55.634424279630124,56.00389938340289,110583.0,6193079.205514842
2025-12-16,55.78363537923067,56.48705913449036,54.00020747448134,55.030474590770794,83686.0,4605280.296603245
2025-12-17,55.129948657171155,60.46602179050477,54.966526976656276,59.34338589827213,129693.0,7696421.747304607
2025-12-18,58.29180291061118,59.0804901513569,57.218904051578726,57.26153579432174,85047.0,4869921.834699681
2025-12-19,57.82995903089522,58.19232884421081,55.634424279630124,55.99679409294573,69592.0,3896928.894516279
2025-12-22,56.82811307643445,58.618646271640934,56.48705913449036,58.04311774461028,92655.0,5377985.074626865
2025-12-23,58.04311774461028,61.46076245450838,57.41074689392227,60.110757267646335,131830.0,7924401.130593817
2025-12-24,60.110757267646335,60.274178948161214,58.35575052472569,59.13022718455707,100907.0,5966653.834512101
2025-12-25,59.11601660364274,59.16575363684292,57.06969295197818,58.61154098118377,68419.0,4010143.0223916126
2025-12-26,58.05022303506745,60.039704363074655,57.21179876112155,58.831804985355994,82482.0,4852564.938802133
2025-12-29,58.618646271640934,64.65814316023425,58.618646271640934,62.87471525548492,166169.0,10447828.559288675
2025-12-30,61.60997355410891,65.9370954425246,61.47497303542271,63.556823139373115,114280.0,7263273.748367559
2025-12-31,63.69892894851649,64.6226167079484,61.844448139195485,63.09497925965716,74915.0,4726760.371237216
2026-01-05,63.364980297029554,65.29761930137941,62.540766603998,63.93340353360304,92051.0,5885133.728671693
2026-01-06,63.35076971611523,63.3791908779439,60.466021790504776,61.34707780719368,106636.0,6541806.989047905
2026-01-07,61.38260425947952,63.42182262068691,61.05576089844977,62.32050259982578,80678.0,5027893.508748745
2026-01-08,62.014975110167526,63.35076971611522,60.039704363074655,60.74312811833434,86804.0,5272746.493183894
2026-01-09,60.196020753132366,62.014975110167526,58.05022303506745,60.984707993878075,154796.0,9440188.858620351
2026-01-12,61.00602386524958,64.43787915606201,61.00602386524958,63.1518215833145,185644.0,11723756.766012836
2026-01-13,63.798403014916836,63.84103475765985,58.73233091895563,58.98101608495653,128698.0,7590738.808101735
2026-01-14,59.47128112650116,64.15366753777526,59.24391183187177,62.98129461234245,183594.0,11562987.8030584
2026-01-15,62.88182054594209,63.87656120994569,59.69865042113056,60.72891753742001,112977.0,6860970.9166251
2026-01-16,60.714706956505665,62.029185691081864,59.85496681118827,61.531815359080056,96509.0,5938373.968489457
2026-01-19,60.920760379763564,60.920760379763564,53.71599585619461,54.06415508859587,219721.0,11879030.220221372
2026-01-20,54.04283921722436,54.7107365201982,52.42283299298992,52.827834549048525,83399.0,4405788.573556098
2026-01-21,52.36599066933257,53.89362811762383,52.18835840790336,53.61652178979425,61449.0,3294681.647461067
2026-01-22,53.97178631265267,55.6841613128303,53.85810166533797,54.56152542059766,64181.0,3501813.2630193783
2026-01-23,54.42652490191147,54.625473034712186,53.43178423790786,54.348366706882615,67689.0,3678786.594022177
2026-01-26,55.421265565915064,61.759184653709454,55.421265565915064,61.38970954993669,222561.0,13662955.147143459
2026-01-27,59.812335068445265,60.89233921793489,57.119429985178364,60.56549585690513,123403.0,7473963.885229664
2026-01-28,61.74497407279511,61.74497407279511,58.178118263296476,58.50496162432623,75774.0,4433154.962121695
2026-01-29,58.497856333869066,58.497856333869066,55.577581955972775,55.591792536887105,81587.0,4535567.577707008
2026-01-30,55.186790980828505,59.087595441814074,54.54020954922616,57.673642640837514,87604.0,5052441.7899079295
2026-02-02,57.02706120923517,58.064433615981784,54.99494813848495,55.073106333513806,60160.0,3313198.0770241907
2026-02-03,56.131794611631925,58.21364471558232,55.4354761468294,57.289956956150405,88921.0,5094280.26249785
2026-02-04,56.20995280666078,56.48705913449036,53.34652075242183,54.44784077328296,81988.0,4464069.569319923
2026-02-05,53.403363076079195,54.135207993167555,51.875725627787936,52.19546369836053,66560.0,3474130.0637628767
2026-02-06,51.57019813812968,52.57914938304763,50.80993205921265,51.996515565559804,47723.0,2481429.7123352103
2026-02-09,53.50283714247954,56.59363849134788,53.1262567482496,54.76757884385555,92633.0,5073285.131042872
2026-02-10,55.31468620905754,57.46758921757963,54.7817894247699,55.279159756771705,92027.0,5087175.23493643
2026-02-11,54.7107365201982,56.771270752777106,54.48336722556881,54.611262453797856,48956.0,2673548.964688128
2026-02-12,54.99494813848495,60.73602282787718,54.7107365201982,60.0752308153605,159339.0,9572327.202888727
2026-02-13,59.357596479186476,60.99891857479241,58.46232988158323,58.888647309013336,82501.0,4858372.291640909
2026-02-24,60.40207417639026,62.88182054594209,58.79627853307015,60.45181120959043,128754.0,7783412.500479606
2026-02-25,61.0486556079926,61.26891961216482,58.78206795215581,59.819440358902426,77675.0,4646475.029877746
2026-02-26,59.84075623027393,65.28340872046508,59.84075623027393,63.364980297029554,145974.0,9249639.633878592
2026-02-27,62.32760789028294,66.207096479897,61.26891961216482,64.4876161892622,108333.0,6986136.924631341
2026-03-02,63.18734803560035,66.84657262104218,62.88892583639927,64.67235374114858,104167.0,6736725.072154225
2026-03-03,64.57998496520538,64.57998496520538,60.331021271818564,60.55128527599079,77177.0,4673166.5437451415
2026-03-04,59.86207210164545,63.052347516914146,59.755492744787915,60.12496784856068,64778.0,3894775.1672940636
2026-03-05,62.455503118511984,62.64734596085553,59.68443984021623,60.87812863702055,64664.0,3936623.310184297
2026-03-06,60.430495338218925,61.766289944166616,59.719966292502065,60.39496888593308,42169.0,2546795.4429509123
2026-03-09,59.329175317357794,59.68443984021623,54.7107365201982,58.718120338041295,89672.0,5265371.286952839
2026-03-10,59.869177392102614,63.3791908779439,59.83365093981677,62.74682002725589,108505.0,6808343.707057401
2026-03-11,62.73971473679872,68.75079046356336,61.99365923879602,66.53393984092675,184247.0,12258678.81387123
2026-03-12,66.19999118943983,71.7492230364885,65.83051608566707,68.63710581624866,167427.0,11491704.715497065
2026-03-13,67.6352598617879,67.8839450277888,64.942354778521,65.3260404632081,97831.0,6390911.864556111
2026-03-16,65.27630343000791,65.44683040097996,62.27787085708277,63.46445436342992,67672.0,4294766.55568203
2026-03-17,63.947614114517386,64.09682521411793,58.05022303506745,58.13548652055348,110455.0,6421355.163627734
2026-03-18,58.68969917621262,64.65814316023425,57.72337967403769,63.83392946720268,130671.0,8341243.397408841
2026-03-19,62.49102957079782,65.99393776618194,61.8160269773668,63.00261048371396,89880.0,5662674.630276211
2026-03-20,63.91208766223154,65.19814523497907,60.757338699248685,60.82128631336321,94624.0,5755153.39611568
2026-03-23,59.42154409330098,60.821286313363196,56.26679513031813,56.89206069054896,85002.0,4835938.942818043
2026-03-24,57.53153683169414,58.789173242612975,56.01100467386006,58.21364471558232,89927.0,5234978.428338171
2026-03-25,59.165753636842915,62.02208040062469,59.165753636842915,60.67918050421982,90092.0,5466708.729986172
2026-03-26,60.01128320124599,61.60286826365175,58.05732832552462,58.6044356907266,67639.0,3963945.425685057
2026-03-27,57.70916909312336,59.64180809747321,56.42311152037583,58.30601349152552,78696.0,4588450.037729092
2026-03-30,55.2081068522,57.190482889750044,54.092576250424536,56.636270234090894,102458.0,5802838.975644485
2026-03-31,56.16021577346061,56.80679720506294,54.06415508859587,54.39810374008279,75302.0,4096286.007835714
2026-04-01,55.83337241243084,58.76075208078431,55.7765300887735,57.94364367820992,91732.0,5315286.321889552
2026-04-02,57.645221479008846,59.63470280701605,56.23837396848946,57.08390353289252,68975.0,3937362.2461812617
2026-04-03,57.552852703065646,58.6044356907266,57.08390353289252,57.28995695615041,61381.0,3516514.8479254683
2026-04-07,57.31127282752192,61.81602697736682,57.268641084778906,60.96339212250658,126522.0,7713210.298123778
2026-04-08,62.05050156245338,65.72393672880955,61.17655083622164,65.61735737195201,160503.0,10531782.710270414
2026-04-09,63.663402496230646,66.19288589898267,63.663402496230646,65.44683040097996,90745.0,5938972.6247369265
2026-04-10,65.58183091966617,65.9370954425246,64.17498340914679,64.26024689463281,84822.0,5450682.662096544
2026-04-13,63.56392842983028,67.41499585761565,63.31524326382938,65.55340975783749,86988.0,5702360.008014767
2026-04-14,65.73104201926671,66.78262500692766,64.66524845069142,66.0507800898393,77226.0,5100837.543217929
2026-04-15,66.08630654212513,68.56605291167698,65.65998911469501,66.44867635544072,119758.0,7957760.582974871
2026-04-16,66.27104409401153,69.27658195739383,66.08630654212513,67.89105031824596,105574.0,7167529.7462984985
2026-04-17,67.02420488247138,69.63184648025226,66.77551971647048,68.18947251744703,92912.0,6335620.270541038
2026-04-20,68.56605291167698,71.31580031860122,68.07578787013234,70.71895592019906,133416.0,9435040.22304928
2026-04-21,66.15025415623964,66.4557816458979,63.237085068800525,66.07209596121079,154062.0,10179199.247976057
2026-04-22,65.95130602343892,69.63184648025226,65.01340768309268,68.02605083693216,125071.0,8508086.204225942
2026-04-23,68.21078838881854,68.651316397163,65.22656639680773,65.58183091966616,92752.0,6082845.981460876
2026-04-24,65.58183091966616,72.82922718597813,63.237085068800525,71.47922199911609,175959.0,12577412.423742468
2026-04-27,71.52895903231628,72.44554150129102,68.74368517310619,70.3281649450548,127907.0,8995464.593627123
2026-04-28,69.63184648025226,70.30684907368328,65.72393672880953,66.207096479897,104857.0,6942277.51559256
2026-04-29,65.2336716872649,67.91236618961746,65.027618264007,65.04893413537852,106564.0,6931874.617202477
2026-04-30,65.38998807732261,68.4452629739051,63.27261152108637,66.02235892801062,119513.0,7890530.182563333
2026-05-06,68.21789367927572,73.63923029809536,68.21789367927572,72.2039616257473,176661.0,12755624.064766143
2026-05-07,72.4952785344912,72.50238382494838,70.2144802977401,70.34237552596913,116947.0,8226329.790635512
2026-05-08,69.91605809853901,71.70659129374549,68.85026452996372,70.61237656334154,101550.0,7170686.840007334
2026-05-11,71.87001297426036,74.90397199947137,70.04395332676803,72.68712137683475,132175.0,9607420.267983133
2026-05-12,73.18449170883656,74.0371265636968,70.98895695757146,72.96422770466434,124300.0,9069453.503689777
2026-05-13,71.15237863808635,74.20054824421167,69.9871110031107,73.88791546409625,109243.0,8071737.549044267
2026-05-14,77.09240146027929,78.39266961394114,69.29789782876534,69.36184544287985,173807.0,12055574.27089062
2026-05-15,71.08132573351466,73.79554668815307,67.28710062938663,67.84131328504577,138075.0,9367189.331832696
2026-05-18,67.43631172898718,69.27658195739383,67.09525778704308,67.64236515224506,90134.0,6096876.940632457
2026-05-19,67.14499482024326,71.19501038082936,64.30287863737581,70.68342946791321,119240.0,8428292.129753971
2026-05-20,69.66737293253811,71.38685322317292,68.43815768344794,70.04395332676805,77933.0,5458735.414615015
2026-05-21,71.05290457168599,73.13475467563639,65.4397251105228,65.8020949238384,129285.0,8507223.842228446
2026-05-22,66.03656950892496,71.6142225178023,65.3686722059511,69.98000571265352,128138.0,8967097.972007997
2026-05-25,70.0,72.19,68.08,72.0,170082.0,12245904.0
2026-05-26,71.0,71.66000000000001,67.51,68.56,151497.0,10386634.32
2026-05-27,68.63,70.58,66.0,66.54,120180.0,7996777.200000001
2026-05-28,66.31,67.77,64.0,66.89,138926.0,9292760.14
2026-05-29,67.3,68.23,63.86,64.46,112371.0,7243434.659999999
2026-06-01,65.05,67.69,61.25,61.4,122422.0,7516710.8
2026-06-02,61.81,64.4,60.550000000000004,63.71000000000001,106656.0,6795053.760000001
2026-06-03,65.46000000000001,69.88000000000001,65.15,66.35000000000001,194050.0,12875217.500000002
2026-06-04,64.64,65.56,64.3,64.75,97931.0,6341032.25
2026-06-05,63.900000000000006,67.09,63.31,63.760000000000005,114471.0,7298670.960000001
2026-06-08,61.0,61.9,57.08,57.699999999999996,163605.0,9440008.5
2026-06-09,58.71,59.17,57.58,59.1,90146.0,5327628.600000001
2026-06-10,58.0,61.13,57.5,58.54,98367.0,5758404.18
2026-06-11,58.050000000000004,58.550000000000004,56.2,56.7,78356.0,4442785.2
2026-06-12,57.83,58.38,55.85,56.0,99914.0,5595184.0
2026-06-15,58.00000000000001,64.5,57.800000000000004,63.910000000000004,188243.0,12030610.13
2026-06-16,63.81,64.56,62.5,63.89,118039.0,7541511.71
2026-06-17,63.0,66.45,62.57,65.39,114666.0,7498009.74
2026-06-18,64.9,68.77,64.81,67.8,124832.0,8463609.6
2026-06-22,67.91,68.9,65.28,67.38,127649.0,8600989.62
2026-06-23,66.99000000000001,67.38,63.88,64.36,93964.0,6047523.04
2026-06-24,63.25,67.17,63.25,66.79,102874.0,6870954.460000001
2026-06-25,66.58,68.0,65.09,67.22,120722.0,8114932.84
2026-06-26,66.0,66.16,62.58,63.5,115491.0,7333678.5
2026-06-29,63.43,67.13,62.68,67.04,134379.0,9008768.16
2026-06-30,68.7,80.45,68.7,80.45,222258.0,17880656.1
2026-07-01,85.27,91.5,84.3,85.92,403308.0,34652223.36
2026-07-02,85.06,90.15,82.84,85.25,314004.0,26768841.0
2026-07-03,102.30000000000001,102.30000000000001,94.4,94.89,476816.0,45245070.24
2026-07-06,96.78,107.99,93.13,102.0,466918.0,47625636.0
2026-07-07,100.88,102.5,93.63,94.50999999999999,336394.0,31792596.939999998
2026-07-08,100.02,109.39999999999999,100.02,105.5,373335.0,39386842.5
2026-07-09,102.95,109.2,100.0,109.18,322189.0,35176595.02
2026-07-10,108.10000000000001,114.99000000000001,103.60000000000001,103.61000000000001,401749.0,41625213.89000001
2026-07-13,104.66000000000001,111.85000000000001,101.51,104.88000000000001,325121.0,34098690.480000004
2026-07-14,106.09,109.94,92.26,98.82000000000001,398396.0,39369492.720000006
2026-07-15,98.03,103.88000000000001,96.9,100.7,297341.0,29942238.7
2026-07-16,96.3,107.75,96.3,104.02,280793.0,29208087.86
2026-07-17,101.67,106.60000000000001,93.9,96.09,275387.0,26461936.830000002
2026-07-20,103.53999999999999,108.66,99.33,102.95,338798.0,34879254.1
2026-07-21,100.5,111.01,89.0,110.86,398018.0,44124275.48
2026-07-22,107.76,133.03,107.03,126.0,508909.0,64122534.0
2026-07-23,132.3,139.47,124.08,126.8,449463.0,56991908.4
2026-07-24,123.73,137.88,121.74000000000001,132.0,357033.0,47128356.0
2026-07-27,128.02,132.66,121.0,130.64,359857.0,47011718.48
2026-07-28,122.0,125.5,115.0,115.4,368686.0,42546364.4
2026-07-29,112.0,114.86,98.5,105.0,390284.0,40979820.0
2026-07-30,105.74000000000001,109.30000000000001,99.9,102.0,273155.0,27861810.0
2026-07-31,110.0,120.99,107.0,118.0,305141.0,36006638.0
2026-08-03,114.81,120.08,103.13,107.02,262872.0,28132561.439999998
2026-08-04,109.11,110.0,101.9,107.59,280749.0,30205784.91
2026-08-05,108.59,123.22,108.59,114.04,222164.0,25335582.560000002
2026-01-01,61.752750396728516,64.53271484375,61.033782958984375,63.094444274902344,104724.1328125,5276220.5
2026-01-02,62.50353240966797,67.63861083984375,61.9319953918457,66.19631958007812,137896.15625,7329603.0
2026-01-05,66.7952880859375,69.12926483154297,64.87186431884766,66.10054016113281,163297.875,8672253.0
2026-01-06,65.50276184082031,66.16586303710938,62.30058288574219,63.285770416259766,141483.734375,7384178.0
2026-01-07,62.30567932128906,63.472938537597656,58.37122344970703,59.18848419189453,152608.40625,7929154.5
2026-01-08,57.992942810058594,59.96373748779297,54.109832763671875,56.234962463378906,127696.71875,6419188.0
2026-01-09,56.23773956298828,58.361541748046875,52.97480010986328,55.08618927001953,130574.078125,6376897.0
2026-01-12,55.07677459716797,57.685585021972656,54.434043884277344,56.43995666503906,92691.8984375,4384157.0
2026-01-13,55.81837463378906,57.07735061645508,54.17521667480469,55.356285095214844,84810.1171875,3861378.75
2026-01-14,55.256675720214844,57.46504592895508,54.752830505371094,56.552520751953125,74765.25,3333316.75
2026-01-15,55.19300842285156,54.943275451660156,50.89726867675781,50.89726867675781,112065.625,5278690.0
2026-01-16,48.354530334472656,50.021141052246094,45.80754180908203,47.31417465209961,106785.46875,4932910.0
2026-01-19,46.90800094604492,48.47038650512695,44.94163513183594,46.467891693115234,95839.4453125,4373479.5
2026-01-20,42.9486198425293,44.67995071411133,41.82110252380371,42.51472473144531,111610.09375,5139309.5
2026-01-21,42.89777374267578,46.027957916259766,42.56320571899414,45.211185455322266,71921.4375,3078316.75
2026-01-22,44.67057800292969,45.201202392578125,42.70964050292969,43.555580139160156,57747.7734375,2317646.5
2026-01-23,43.65892791748047,44.90054702758789,42.801063537597656,43.879554748535156,45819.40625,1652366.25
2026-01-26,44.30236053466797,45.11996841430664,43.12285232543945,43.940338134765625,42850.67578125,1488574.75
2026-01-27,43.05775451660156,43.764122009277344,39.546304321289064,44.059471130371094,58395.3203125,2256775.5
2026-01-28,42.81623077392578,43.57910919189453,40.87860107421875,42.662452697753906,48628.84765625,1836179.25
2026-01-29,42.74504089355469,42.15604782104492,38.39620742797852,38.39620742797852,93686.28125,4085574.0
2026-01-30,38.1896858215332,37.13067626953125,34.55658668518067,34.55658668518067,91585.0625,3839563.25
2026-02-02,31.100928016662603,32.57160186767578,31.100928016662603,31.159765243530273,61256.55859375,2307209.0
2026-02-03,31.199920654296875,32.24686050415039,29.73589324951172,30.470718383789062,58185.9453125,2150727.5
2026-02-04,30.668128967285156,31.64576530456543,29.60823631286621,30.272165298461914,38829.7578125,1146677.75
2026-02-05,30.945266723632812,32.60009765625,30.11035919189453,31.40673828125,70221.0,2715915.25
2026-02-06,31.67731475830078,33.278839111328125,31.044105529785156,32.337974548339844,50056.4140625,1716948.875
2026-02-09,32.411712646484375,33.681884765625,31.76601219177246,32.80252456665039,38894.33984375,1142347.0
2026-02-10,32.513465881347656,32.675838470458984,30.599328994750977,30.702951431274414,44478.30078125,1443884.75
2026-02-11,30.79724884033203,31.431230545043945,29.6047306060791,30.08945083618164,45068.4765625,1463012.0
2026-02-12,29.992141723632812,30.74020004272461,28.920080184936523,29.40562629699707,52929.046875,1853148.875
2026-02-13,29.40591812133789,32.281639099121094,29.975830078125,31.88547134399414,54844.3046875,1925143.125
2026-02-16,33.04389190673828,35.074018478393555,33.530948638916016,34.77749252319336,67873.453125,2690068.0
2026-02-17,35.000083923339844,36.08586883544922,33.28055953979492,35.188236236572266,56014.3125,2082075.75
2026-02-18,35.72957229614258,36.83864974975586,35.08514404296875,35.950504302978516,75737.703125,3073444.0
2026-02-19,37.04848098754883,37.405784606933594,33.58951950073242,33.46017074584961,52143.20703125,1809367.0
2026-02-20,33.23189926147461,34.45176315307617,32.35539245605469,33.103694915771484,56860.765625,2076678.25
2026-02-23,33.1270751953125,36.41406440734863,33.385276794433594,36.332489013671875,47207.74609375,1611247.5
2026-02-24,35.5325813293457,36.723968505859375,34.337711334228516,35.99024963378906,45840.78125,1525287.875
2026-02-25,36.044349670410156,36.76156997680664,35.03508377075195,35.810569763183594,49615.984375,1734590.375
2026-02-26,35.734615325927734,36.814144134521484,34.434043884277344,36.256160736083984,54337.15234375,1984819.375
2026-02-27,37.386924743652344,37.88113021850586,37.21245193481445,37.208770751953125,54346.80078125,2019017.875
2026-03-02,36.651519775390625,38.75078582763672,36.38603210449219,38.962825775146484,60806.9296875,2291709.5
2026-03-03,38.87496566772461,39.249908447265625,37.427738189697266,37.90419387817383,43242.76953125,1428825.25
2026-03-04,38.50770568847656,40.45241165161133,37.18891143798828,37.41127395629883,49237.46484375,1730123.75
2026-03-05,37.624080657958984,38.644474029541016,36.7453498840332,37.732810974121094,49988.52734375,1768853.25
2026-03-06,38.341156005859375,39.87556076049805,38.21672439575195,39.27207946777344,43755.734375,1412252.75
2026-03-09,38.90981674194336,39.175472259521484,37.50320053100586,37.93939971923828,48959.125,1717050.5
2026-03-10,37.60084533691406,38.73426055908203,36.6180534362793,38.27799606323242,45265.71484375,1519063.125
2026-03-11,38.1380615234375,39.837135314941406,38.478111267089844,39.6870231628418,79126.09375,3306263.0
2026-03-12,40.89292907714844,42.16398239135742,42.485164642333984,42.358455657958984,124598.484375,5643676.5
2026-03-13,42.192901611328125,44.898746490478516,42.45632553100586,44.683448791503906,85788.7109375,3823038.25
2026-03-16,44.69964599609375,46.39034652709961,44.32286834716797,45.737762451171875,83965.9765625,3726731.5
2026-03-17,45.615509033203125,47.57102584838867,45.53691101074219,47.01192855834961,69337.3359375,2902585.0
2026-03-18,46.96943664550781,49.2823486328125,46.96782684326172,48.73596954345703,83722.2578125,3754360.0
2026-03-19,46.244747161865234,50.65116882324219,45.98499298095703,47.01447296142578,125196.390625,6206984.0
2026-03-20,47.25361633300781,49.28692626953125,46.56235122680664,48.32575225830078,86668.25,3954003.0
2026-03-23,47.12506103515625,51.78282928466797,46.45543670654297,51.09613800048828,144010.375,7238222.0
2026-03-24,49.98784637451172,51.580902099609375,48.797813415527344,50.560760498046875,110669.4296875,5367405.5
2026-03-25,49.73490905761719,51.58406066894531,49.051490783691406,51.1663703918457,97805.25,4600785.5
2026-03-26,50.28800582885742,51.051334381103516,48.918243408203125,49.6959228515625,85808.15625,3939315.75
2026-03-27,49.341064453125,51.172035217285156,48.416664123535156,49.69367980957031,129859.3046875,6423296.5
2026-03-30,46.86845779418945,50.11985397338867,44.72431182861328,47.08281326293945,214510.71875,10876216.0
2026-03-31,44.7757682800293,48.02009582519531,43.66785430908203,46.16447448730469,214710.0625,11175793.0
2026-04-01,46.07858657836914,50.24079132080078,44.60013198852539,47.812164306640625,158908.9375,7862220.0
2026-04-02,47.540977478027344,50.083866119384766,46.271995544433594,47.57395935058594,164884.203125,8401164.0
2026-04-03,47.26658630371094,48.301124572753906,44.238590240478516,45.24286651611328,192734.25,9827372.0
2026-04-06,43.615135192871094,45.068843841552734,41.45719909667969,42.88119888305664,145811.765625,7206484.0
2026-04-07,41.78531265258789,45.707828521728516,41.734100341796875,45.064170837402344,149100.515625,7396438.0
2026-04-08,44.106956481933594,45.855003356933594,43.5977668762207,45.89338684082031,131608.25,6431467.0
2026-04-09,46.48641586303711,47.53462219238281,45.457359313964844,46.46046447753906,117725.296875,5721656.5
2026-04-10,45.87086868286133,47.35849380493164,45.340721130371094,47.395713806152344,126178.953125,6141048.0
2026-04-13,46.54994201660156,48.54915237426758,45.90454864501953,47.65253448486328,105647.6875,5008023.0
2026-04-14,47.102088928222656,47.902164459228516,44.92626953125,45.8316535949707,86360.7734375,3894983.75
2026-04-15,46.14915466308594,46.272525787353516,42.91864776611328,43.43458557128906,105139.453125,4895608.0
2026-04-16,42.999202728271484,45.00333786010742,42.72904968261719,44.35084915161133,72778.8046875,3074498.5
2026-04-17,45.40025329589844,46.508426666259766,44.48431396484375,45.65840530395508,108071.1015625,5099952.0
2026-04-20,45.69951248168945,47.465065002441406,44.83027648925781,46.568885803222656,111448.9765625,5279933.5
2026-04-21,45.96302795410156,46.62371063232422,44.5787467956543,45.34523010253906,71299.5,3015251.0
2026-04-22,45.21260070800781,49.879753112792976,44.366294860839844,48.4427490234375,111938.625,5792089.0
2026-04-23,49.15726089477539,50.05976867675781,47.848609924316406,48.56047821044922,89739.6875,4141418.0
2026-04-24,47.45708465576172,47.739559173583984,45.898956298828125,46.59091567993164,59291.68359375,2359100.25
2026-04-27,46.0904541015625,47.442474365234375,45.58403396606445,46.734256744384766,67856.15625,2799441.0
2026-04-28,46.499935150146484,47.432918548583984,45.48536682128906,46.36054992675781,80612.890625,3538075.5
2026-04-29,45.7923583984375,49.42045593261719,45.44043731689453,47.9659538269043,140383.890625,6634010.0
2026-04-30,46.73552322387695,47.80377960205078,45.935813903808594,47.64274597167969,120776.359375,5781492.0
2026-05-01,46.716548919677734,48.706512451171875,46.15973663330078,47.890419006347656,101141.390625,4717392.5
2026-05-04,48.649906158447266,49.06341552734375,47.28949737548828,47.82281494140625,109199.4296875,5187554.5
2026-05-05,46.884952545166016,49.10896301269531,45.7627067565918,48.02688217163086,136272.484375,6776502.0
2026-05-06,46.510887145996094,47.53428268432617,44.36825180053711,45.30123519897461,123562.1875,6002225.0
2026-05-07,45.13434982299805,46.16984558105469,44.11759948730469,45.18703079223633,73286.109375,3139975.0
2026-05-08,44.97813034057617,45.848812103271484,43.99433898925781,44.75230407714844,100417.875,4651741.0
2026-05-11,44.62239456176758,45.64822006225586,43.61189270019531,44.56817626953125,105301.7890625,4907649.5
2026-05-12,44.11994934082031,45.06972122192383,43.092750549316406,44.00310134887695,85579.8671875,3769999.25
2026-05-13,43.68544387817383,44.35540771484375,42.67684555053711,43.2148551940918,68493.6171875,2827595.25
2026-05-14,43.033409118652344,43.625789642333984,41.821205139160156,42.238868713378906,94476.625,4269196.0
2026-05-15,42.02737808227539,42.50379180908203,40.42759704589844,40.67489242553711,81844.421875,3550759.5
2026-05-18,40.82646942138672,42.272464752197266,40.325077056884766,41.3738899230957,60947.671875,2424795.5
2026-05-19,41.696109771728516,43.43228530883789,41.44682312011719,42.42896270751953,50085.375,1805481.125
2026-05-20,38.18606643676758,44.23989486694336,38.18606643676758,38.18606643676758,88100.1484375,3981185.0
2026-05-21,39.80648422241211,40.324337005615234,38.81216812133789,38.91138458251953,52323.109375,1908038.25
2026-05-22,38.5794677734375,39.85582733154297,36.96193313598633,39.52600860595703,58445.234375,2261578.75
2026-05-25,40.22769546508789,40.458343505859375,39.52240753173828,39.55357360839844,56355.0703125,2163173.0
2026-05-26,40.33182144165039,41.006107330322266,40.71177673339844,40.53670120239258,50525.9453125,1809399.125
2026-05-27,40.550201416015625,40.54053497314453,39.58561706542969,39.21449661254883,64316.78125,2539445.5
2026-05-28,39.4431266784668,42.269798278808594,39.65465545654297,42.52507019042969,114162.0859375,5317246.0
2026-05-29,41.568477630615234,44.37204360961914,40.83245849609375,43.571842193603516,134895.0625,6522260.0
2026-06-01,43.14744567871094,43.84476852416992,41.943870544433594,42.783912658691406,70920.8359375,2960126.0
2026-06-02,42.080406188964844,42.66287612915039,39.87758255004883,40.411766052246094,79445.2578125,3318524.5
2026-06-03,40.27558135986328,41.30870056152344,40.50676345825195,41.287044525146484,83923.8671875,3604399.75
2026-06-04,40.840110778808594,41.60064697265625,39.52229690551758,40.35771179199219,101456.6484375,4587275.5
2026-06-05,39.71435546875,40.78773880004883,37.965938568115234,40.59284210205078,63514.84375,2530368.5
2026-06-08,40.95756149291992,42.244224548339844,38.48441696166992,39.1461067199707,52312.453125,1963864.125
2026-06-09,40.07322311401367,41.8746223449707,37.96877670288086,38.8133544921875,50334.2578125,1844016.75
2026-06-10,39.81201934814453,41.23859405517578,40.0924186706543,40.783294677734375,57783.6015625,2237346.5
2026-06-11,39.596923828125,39.80256271362305,37.970462799072266,38.32960891723633,61327.828125,2394798.5
2026-06-12,38.4315185546875,39.49036407470703,37.945777893066406,38.72392272949219,46196.3125,1567711.5
2026-06-15,40.06869125366211,40.051963806152344,39.05475616455078,39.203983306884766,104392.9609375,4745205.5
2026-06-16,39.46403503417969,42.61837387084961,39.349117279052734,42.16743469238281,202970.21875,9765869.0
2026-06-17,40.9140739440918,41.67717742919922,40.21994400024414,40.273475646972656,94103.5078125,4195697.0
2026-06-18,40.211036682128906,43.58244705200195,40.49907684326172,43.1763801574707,102463.171875,4717896.5
2026-06-19,43.21807098388672,44.24326705932617,41.610313415527344,42.54075241088867,82434.0234375,3621671.0
2026-06-22,41.11117172241211,43.6883544921875,40.780147552490234,41.7954216003418,89143.25,4002466.0
2026-06-23,40.86342239379883,41.62834167480469,39.1395263671875,39.80640411376953,79752.140625,3333035.5
2026-06-24,35.82576370239258,43.787044525146484,35.82576370239258,40.25242614746094,143106.96875,7262180.0
2026-06-25,39.46531295776367,39.410186767578125,36.22718353271485,36.22718353271485,82624.3671875,3476136.75
2026-06-26,35.129249572753906,37.0797233581543,34.353172302246094,36.45735168457031,47756.609375,1627256.5
2026-06-29,35.85743713378906,36.88313674926758,34.65658187866211,35.98432159423828,42035.984375,1323096.0
2026-06-30,32.38588943481445,39.58275375366211,32.38588943481445,32.44621658325195,106335.421875,4836250.0
2026-07-01,35.690838241577154,35.690838241577154,29.20159492492676,31.16670036315918,99680.21875,4407199.0
2026-07-02,30.21001434326172,33.49116516113281,29.906702041625977,32.974239349365234,67147.9609375,2646800.0
2026-07-03,33.583316802978516,35.09288787841797,33.2928466796875,34.38740158081055,49195.984375,1701143.625
2026-07-06,34.8445930480957,35.8780403137207,34.39836502075195,35.052940368652344,46937.70703125,1572358.625
2026-07-07,35.43848419189453,38.55823440551758,34.099571228027344,37.533531188964844,133736.53125,6022683.0
2026-07-08,37.65468215942383,38.29988479614258,35.58518600463867,37.5430908203125,61288.265625,2386983.0
2026-07-09,37.800846099853516,38.75196838378906,37.36042022705078,37.976318359375,63810.8515625,2516907.5
2026-07-10,37.66139602661133,37.92041015625,36.24494552612305,36.67352294921875,62222.94140625,2432651.25
2026-07-13,37.37745666503906,38.7679443359375,35.64671325683594,35.28634262084961,55663.6171875,2059065.375
2026-07-14,35.458160400390625,36.39115905761719,34.50014877319336,35.13999557495117,49704.55078125,1727541.875
2026-07-15,34.892887115478516,36.18768310546875,34.802799224853516,35.88847351074219,51226.2109375,1817738.75
2026-07-16,32.29962615966797,39.06571578979492,32.29962615966797,33.04567337036133,84144.5390625,3701744.5
2026-07-17,34.85885238647461,36.21639633178711,32.318058013916016,32.5970458984375,51469.2421875,1787933.25
2026-07-20,32.64787292480469,34.27730178833008,32.32732009887695,33.467227935791016,39278.1875,1134167.75
2026-07-21,31.44109535217285,36.81395072937012,31.849212646484375,33.65483856201172,64050.859375,2517145.25
2026-07-22,33.970741271972656,34.15726852416992,31.918867111206055,32.04640579223633,36404.8828125,1017830.25
2026-07-23,31.57590675354004,32.03248977661133,30.306640625,30.619226455688477,43285.1875,1369060.25
2026-07-24,31.371822357177734,31.962539672851562,27.55730381011963,27.55730381011963,58365.4140625,2122460.5
2026-07-27,28.233816146850586,28.02764892578125,24.80157342910767,24.80157342910767,72790.21875,2772932.5
2026-07-28,27.281730772018438,26.796730041503906,25.415630340576172,23.681690216064453,41041.328125,1243139.0
2026-07-29,25.074108123779297,26.0498592376709,21.31352119445801,25.507823944091797,130036.984375,5349039.0
2026-07-30,23.69365692138672,23.416954040527344,22.957041549682618,22.957041549682618,147254.359375,6740808.0
2026-07-31,20.661337394714355,20.661337394714355,20.661337394714355,20.661337394714355,119692.0625,5235567.5
2026-08-03,19.172630310058594,22.506065368652344,19.176782608032227,21.78097152709961,95430.578125,4053863.75
2026-08-04,23.959068679809572,23.959068679809572,21.36148452758789,21.98516082763672,99909.328125,4011409.5
2026-08-05,22.989421844482422,24.183676910400393,19.786644744873048,20.785728454589844,123399.203125,5486727.5
2026-08-06,111.52207946777344,113.18946075439453,102.63600000000001,102.63600000000001,415448.96875,39625764.0
2026-08-07,92.37240000000001,92.37240000000001,92.37240000000001,92.37240000000001,209741.203125,16626172.0
2026-08-10,83.13516000000001,83.13516000000001,83.13516000000001,83.13516000000001,261325.5,22276098.0
2026-08-11,74.82164400000002,74.82164400000002,74.82164400000002,74.82164400000002,158978.484375,11467614.0
2026-08-12,67.33947960000002,67.33947960000002,67.33947960000002,67.33947960000002,120806.3046875,7602329.5
2026-08-13,62.14217758178711,64.29044342041016,60.60553164000002,61.07333755493164,127068.5703125,8221100.0
2026-08-14,63.52873611450195,67.18067131042481,62.2436408996582,67.18067131042481,143740.53125,10354202.0
2026-08-17,67.93104553222656,69.44115447998047,64.88140869140625,66.77372741699219,95554.2890625,5014252.5
2026-08-18,68.63655853271484,71.30902099609375,63.05741882324219,64.17487335205078,99222.484375,5206669.0
2026-08-19,64.69770812988281,66.98055267333984,60.849388122558594,63.15155029296875,97073.0703125,5164706.0
2026-08-20,63.07350158691406,64.00177764892578,57.172569274902344,58.51658630371094,131644.484375,8712695.0
2026-08-21,58.582611083984375,62.343597412109375,58.410980224609375,60.73414611816406,115370.9140625,6994193.0
2026-08-24,61.2490119934082,62.5196533203125,57.237850189208984,57.50923538208008,91271.84375,4485631.0
2026-08-25,58.831932067871094,59.40089797973633,55.1458740234375,55.726078033447266,87562.7265625,3894925.0
2026-08-26,57.334327697753906,57.72704315185547,53.08945846557617,53.77338409423828,96919.2109375,4878067.0
2026-08-27,55.17755126953125,58.32356643676758,52.21935272216797,52.91421890258789,89508.6875,4173372.5
2026-08-28,52.98744583129883,53.50775909423828,49.4466552734375,49.71100616455078,87908.2734375,4044439.5
2026-08-31,54.41252899169922,54.682106781005864,54.2135009765625,54.682106781005864,80159.34375,3203471.5
2026-09-01,55.445762634277344,57.40095138549805,54.58454513549805,56.177005767822266,68974.078125,2164049.0
2026-09-02,57.00856018066406,57.9693717956543,55.85850524902344,56.354278564453125,70275.6328125,2277689.5
2026-09-03,56.103668212890625,56.95724868774414,53.71270751953125,54.31800842285156,63790.07421875,1541339.0
2026-09-04,54.241153717041016,54.78289031982422,51.39247512817383,51.70503234863281,83504.796875,3558592.0
2026-09-07,52.13059616088867,54.46120071411133,51.69101333618164,53.67341995239258,60903.66015625,1483653.0
2026-09-08,53.54490661621094,55.30632400512695,53.18018341064453,54.387237548828125,52137.3828125,382143.0
2026-09-09,54.334617614746094,55.07830810546875,52.188690185546875,52.87348175048828,86257.5,3888653.25
2026-09-10,51.75244140625,53.09914016723633,48.401634216308594,50.37205123901367,110324.9921875,6264367.0
2026-09-11,49.796810150146484,49.512657165527344,45.334846115112306,45.334846115112306,95440.296875,4693883.0
2026-09-14,43.831111907958984,44.75812530517578,40.80136150360108,41.16896057128906,72203.859375,2498749.5
2026-09-15,41.72482681274414,42.46026611328125,38.553077697753906,39.2702751159668,67551.8046875,1985602.5
2026-09-16,39.991634368896484,40.693572998046875,37.249210357666016,37.910430908203125,65330.53125,1740696.0
2026-09-17,38.3465690612793,39.6147346496582,37.881988525390625,38.624656677246094,54458.44921875,361853.5
2026-09-18,39.82882308959961,42.48712234497071,40.87403869628906,42.48712234497071,67454.796875,1835983.0
2026-09-21,46.735834579467785,46.735834579467785,44.0154914855957,43.527801513671875,70253.984375,1974943.5
2026-09-22,45.119075775146484,47.88058166503907,45.211204528808594,47.29655075073242,62363.38671875,1360002.0
2026-09-23,49.69350814819336,51.934791564941406,50.2435188293457,51.58270263671875,95586.4765625,4741830.0
2026-09-24,51.118797302246094,50.994747161865234,47.83708953857422,47.87319564819336,82422.21875,3425215.5
2026-09-25,50.2768440246582,52.6605152130127,51.28642654418945,52.6605152130127,86154.171875,3858181.25
2026-09-28,51.099857330322266,56.949344635009766,47.51457977294922,56.03033447265625,127530.0625,8197318.5
2026-09-29,59.17467498779297,61.63336791992188,56.46513366699219,58.822181701660156,100195.3515625,5493403.0
2026-09-30,59.86097717285156,61.76725387573242,58.26126480102539,59.70156478881836,70705.2734375,2307423.0
2026-10-01,59.55131912231445,62.73809814453125,59.192893981933594,61.65071487426758,81506.109375,3386665.0
2026-10-02,61.785987854003906,66.62802124023438,61.15306854248047,64.68744659423828,138328.515625,9458939.0
2026-10-05,65.69600677490234,71.15619125366212,65.74996948242188,71.15619125366212,101018.390625,5603097.5
2026-10-06,64.0405721282959,78.27181037902834,64.42160034179688,71.8278579711914,209809.515625,18351360.0
2026-10-07,71.01253509521484,72.03148651123047,64.64507217407227,65.15068054199219,173454.296875,13357812.0
2026-10-08,63.73582458496094,65.87841033935547,58.8831901550293,60.96779251098633,172015.078125,12884216.0
2026-10-09,59.739681243896484,62.80854415893555,57.675376892089844,60.15748596191406,141459.671875,9766416.0
2026-10-12,59.96778106689453,60.85678482055664,55.320247650146484,56.537803649902344,150513.609375,10640162.0
2026-10-13,56.71360778808594,58.90396499633789,55.38885498046875,56.863121032714844,103406.3984375,5694211.5
2026-10-14,57.03141403198242,60.273963928222656,56.370704650878906,58.90190124511719,102218.8828125,5601378.5
2026-10-15,56.22199249267578,59.45142364501953,53.16229248046875,57.78800964355469,110493.6328125,6424129.5
2026-10-16,57.69353103637695,63.56681060791016,56.139556884765625,63.182220458984375,171692.4375,12955892.0
2026-10-19,64.01782989501953,69.50044250488281,63.03098678588867,67.64813232421875,188733.125,14978633.0
2026-10-20,67.3478775024414,71.09396362304688,65.93505859375,69.06002807617188,117252.078125,7395393.5
2026-10-21,68.45501708984375,70.3577651977539,66.24636840820312,67.88639831542969,105972.453125,6135586.0
2026-10-22,67.56884765625,72.48184204101562,65.5423583984375,66.85165405273438,121664.6796875,7863310.0
2026-10-23,66.03968811035156,68.0316390991211,63.90297317504883,65.79975128173828,86268.03125,3995104.25
2026-10-26,64.7638931274414,66.35944366455078,62.33876419067383,63.76042938232422,95330.21875,4914538.5
2026-10-27,62.901893615722656,65.01217651367188,62.33855438232422,63.448394775390625,80077.671875,3312335.5
2026-10-28,64.65838623046875,69.50709533691406,64.45275115966797,67.35932159423828,100047.0546875,5387622.0
2026-10-29,67.28886413574219,71.03633117675781,63.69904327392578,65.0976791381836,97445.3671875,5157462.5
2026-10-30,65.08148193359375,67.79388427734375,63.783531188964844,66.02318572998047,84684.421875,3741067.25
2026-11-02,65.63414764404297,71.05643463134766,65.27411651611328,69.54023742675781,102891.28125,5766019.0
2026-11-03,68.91121673583984,70.06562042236328,64.10604095458984,65.2166748046875,128890.921875,8604689.0
2026-11-04,65.1856918334961,71.5472183227539,63.79145050048828,68.14314270019531,122559.0390625,8251647.0
2026-11-05,68.12509155273438,74.95745697021485,67.66558837890625,74.95745697021485,216449.34375,18187682.0
2026-11-06,77.42842102050781,79.70024108886719,69.62545776367188,69.67750549316406,116576.8125,7494381.0
2026-11-09,68.41172790527344,73.8347396850586,62.709754943847656,69.04936981201172,495802.34375,48372544.0
2026-11-10,66.85009765625,69.87744140625,64.68626403808594,66.65310668945312,231566.0625,19547692.0
2026-11-11,66.37313842773438,73.31841735839845,64.47655487060547,68.41061401367188,273315.875,24350282.0
2026-11-12,68.74786376953125,73.94276428222656,61.56955261230469,61.56955261230469,259303.03125,22562054.0
2026-11-13,58.32932662963867,64.51880645751953,58.49787139892578,62.643959045410156,231411.71875,19997106.0
2026-11-16,61.96636199951172,68.2982406616211,60.311397552490234,64.82521057128906,273040.1875,23932012.0
2026-11-17,62.645668029785156,66.40447998046875,60.343772888183594,62.825496673583984,228670.09375,18467354.0
2026-11-18,63.093013763427734,66.35383605957031,60.52003860473633,62.72312927246094,230580.09375,19348902.0
2026-11-19,60.40327453613281,64.38871765136719,56.45081634521485,58.6219482421875,302310.46875,26999840.0
2026-11-20,57.4293327331543,60.08991241455078,54.380611419677734,57.2023811340332,243903.296875,20542236.0
2026-11-23,55.84208297729492,58.49653625488281,53.01795196533203,55.24925994873047,192190.984375,15207910.0
2026-11-24,49.724333953857425,51.50083923339844,49.724333953857425,49.724333953857425,204775.3125,16419296.0
2026-11-25,44.75190055847168,48.732696533203125,44.75190055847168,44.75190055847168,229829.0,18739176.0
2026-11-26,45.07243728637695,49.227090614318854,43.41082000732422,46.75761032104492,188437.59375,14708219.0
2026-11-27,47.10784912109375,50.433441162109375,46.20912170410156,48.661319732666016,185579.59375,14120025.0
2026-11-30,50.03432846069336,53.52745170593262,48.926700592041016,53.077247619628906,206808.9375,16663952.0
2026-12-01,53.353363037109375,57.89801025390625,52.402565002441406,55.72272872924805,229718.59375,19201700.0
2026-12-02,56.155303955078125,56.98189926147461,54.28104782104492,54.57020950317383,139081.25,9570064.0
2026-12-03,54.4959831237793,56.27800750732422,52.454345703125,55.289154052734375,104861.0859375,5873150.5
2026-12-04,54.51010513305664,56.89223098754883,49.76023864746094,55.73759460449219,145105.5,9985193.0
2026-12-07,54.82707977294922,57.04743957519531,54.191322326660156,55.93342971801758,100161.53125,5578466.0
2026-12-08,55.49285888671875,58.186279296875,55.1912841796875,57.5101318359375,91946.5078125,4566243.0
2026-12-09,57.32862854003906,59.25282669067383,56.246891021728516,57.831058502197266,102993.515625,5678963.0
2026-12-10,57.994873046875,59.044281005859375,56.43305587768555,57.17161560058594,100414.3515625,5407672.0
2026-12-11,57.640296936035156,60.11042022705078,57.354217529296875,59.412445068359375,89571.9921875,4310251.5
2026-12-14,58.88432693481445,60.45512390136719,57.591590881347656,59.012577056884766,99626.7109375,5319578.5
2026-12-15,58.51561737060547,59.77830505371094,57.37606430053711,58.58330535888672,73369.9140625,2605458.0
2026-12-16,58.442901611328125,60.6525764465332,57.974769592285156,59.835506439208984,84133.3125,3740528.5
2026-12-17,59.34966278076172,60.36701965332031,57.98569107055664,59.02469253540039,69907.171875,2221956.5
2026-12-18,58.72465515136719,59.94941329956055,57.633182525634766,58.80073547363281,67406.2578125,1962230.5
2026-12-21,58.425193786621094,62.183998107910156,54.703575134277344,53.8959846496582,123452.3515625,8114591.5
2026-12-22,55.13422393798828,58.62173843383789,53.342288970947266,53.97657775878906,85675.59375,3848249.25
2026-12-23,54.20279312133789,56.567474365234375,54.00287628173828,55.52371597290039,71655.15625,2371773.5
2026-12-24,55.632423400878906,57.79389953613281,55.59635925292969,56.45296096801758,100335.5,5462972.0
2026-12-25,52.97749328613281,62.09825706481934,52.82428741455078,58.87379837036133,117341.78125,7755314.0
2026-12-28,59.28830337524414,61.674686431884766,57.49781036376953,59.27460861206055,135620.171875,9313887.0
2026-12-29,58.64192581176758,59.93815612792969,55.745079040527344,57.11087417602539,148383.265625,10487983.0
2026-12-30,55.38152313232422,61.16315460205078,55.34096145629883,60.249473571777344,194802.59375,15401291.0
2026-12-31,58.85090637207031,63.28135681152344,57.490135192871094,60.804954528808594,121021.5703125,8027216.5
2027-01-01,60.36498260498047,61.57011795043945,57.547096252441406,58.695533752441406,136231.0,9329411.0
2027-01-04,52.82598037719727,52.93402862548828,52.82598037719727,52.82598037719727,186643.8125,14591261.0
2027-01-05,50.860069274902344,53.06464385986328,47.543382339477546,47.543382339477546,181200.1875,13795680.0
2027-01-06,45.02368927001953,48.77667999267578,42.78904410552979,48.23405838012695,145008.8125,9964627.0
2027-01-07,45.2996826171875,53.05746421813965,47.173919677734375,53.05746421813965,120651.1953125,7813053.0
2027-01-08,50.015098571777344,54.67323303222656,47.751717796325686,47.751717796325686,126278.0,8366449.0
2027-01-11,45.533668518066406,52.52688957595826,42.97654601669312,43.88821792602539,136366.8125,9051034.0
2027-01-12,39.499396133422856,48.27703971862793,39.499396133422856,45.678565979003906,168662.5625,12448068.0
2027-01-13,42.37791061401367,46.830753326416016,41.11070938110352,45.85260009765625,139033.28125,9464781.0
2027-01-14,45.72574996948242,48.222225189208984,44.70581817626953,46.71904754638672,99166.515625,5245943.0
2027-01-15,47.17443084716797,48.984153747558594,46.69374465942383,48.313167572021484,86518.875,3903703.0
2027-01-18,48.723289489746094,50.418495178222656,47.39556121826172,49.84019470214844,91758.3203125,4474586.0
2027-01-19,49.89919662475586,50.81372833251953,48.52180862426758,49.43003463745117,96329.984375,4951614.0
2027-01-20,46.621131896972656,54.37303810119629,47.22977066040039,49.285675048828125,104595.0546875,5844849.0
