date,open,high,low,close,volume,amount
2020-01-02,13.076044624186888,13.311649031829894,12.997509821639218,13.24882118979176,1530231.0,20273756.898076236
2020-01-03,13.303795551575128,13.594374321001505,13.288088591065595,13.492279077689535,1116194.0,15060000.952842593
2020-01-06,13.358769913358497,13.617934761765802,13.280235110810827,13.405890794887098,862083.0,11556990.554128654
2020-01-07,13.453011676415697,13.5708138802372,13.311649031829894,13.468718636925232,728607.0,9813402.679894183
2020-01-08,13.350916433103729,13.390183834377563,13.060337663677352,13.083898104441655,847824.0,11092842.826500142
2020-01-09,13.20170030826316,13.29594207132036,12.981802861129685,13.185993347753627,1031636.0,13603145.43330316
2020-01-10,13.185993347753623,13.201700308263156,12.973949380874917,13.107458545205956,585548.0,7675046.136228257
2020-01-13,13.154579426734555,13.37447687386803,13.044630703167819,13.34306295284896,872133.0,11636925.522257023
2020-01-14,13.343062952848964,13.562960399982437,13.162432906989324,13.162432906989324,1304493.0,17170301.590137225
2020-01-15,13.185993347753623,13.240967709536992,12.91897501909155,12.973949380874917,859439.0,11150318.081949757
2020-01-16,12.973949380874917,13.013216782148753,12.722638012722376,12.824733256034344,1028104.0,13185159.559461933
2020-01-17,12.864000657308182,12.997509821639218,12.84044021654388,12.871854137562948,605436.0,7793083.881629561
2020-01-20,12.903268058582015,13.044630703167822,12.84044021654388,12.918975019091551,746074.0,9638511.36839371
2020-01-21,12.832586736289112,12.832586736289112,12.51059404584367,12.565568407627039,896603.0,11266326.330983626
2020-01-22,12.502740565588905,12.69122409170331,12.3378174802388,12.63624972991994,719464.0,9091326.77568712
2020-01-23,12.502740565588903,12.502740565588903,12.086506112086258,12.204308315907761,1100592.0,13431964.098021556
2020-02-03,10.987018876418892,11.544615974507341,10.987018876418892,10.987018876418892,2259194.0,24821807.123492304
2020-02-04,11.034139757947493,11.513202053488275,11.010579317183192,11.466081171959672,1706172.0,19563106.645324778
2020-02-05,11.458227691704906,11.693832099347913,11.2461837248262,11.489641612723974,1491380.0,17135421.70838428
2020-02-06,11.631004257309778,11.678125138838379,11.39539984966677,11.59959033629071,1185815.0,13754968.214628568
2020-02-07,11.466081171959672,11.536762494252574,11.316865047119101,11.481788132469207,924852.0,10618954.717890412
2020-02-10,11.395399849666772,11.411106810176305,11.230476764316666,11.387546369412004,1339495.0,15253561.424095532
2020-02-11,11.466081171959672,11.733099500621748,11.434667250940606,11.615297296800245,1407507.0,16348612.252327422
2020-02-12,11.615297296800243,11.638857737564544,11.466081171959672,11.59959033629071,1070503.0,12417396.253770214
2020-02-13,11.552469454762107,11.685978619093145,11.473934652214439,11.505348573233507,1013205.0,11657276.701143054
2020-02-14,11.583883375781177,11.890169105717085,11.544615974507343,11.80378082291465,1512434.0,17852439.445124097
2020-02-17,11.811634303169416,12.070799151576724,11.72524602036698,12.070799151576724,1543696.0,18633644.367092382
2020-02-18,12.039385230557656,12.039385230557656,11.788073862405115,11.937289987245686,973612.0,11622288.779062247
2020-02-19,11.858755184698017,12.070799151576724,11.843048224188484,11.968703908264754,874106.0,10461915.898437671
2020-02-20,11.992264349029055,12.267136157945895,11.858755184698017,12.243575717181596,1235444.0,15126252.1583377
2020-02-21,12.165040914633927,12.345670960493566,12.13362699361486,12.235722236926831,995071.0,12175412.362021018
2020-02-24,12.141480473869628,12.141480473869628,11.898022585971853,11.960850428009987,1191794.0,14254869.774999734
2020-02-25,11.78022038215035,11.882315625462319,11.607443816545478,11.811634303169416,1144575.0,13519301.332550135
2020-02-26,11.599590336290712,11.992264349029057,11.544615974507343,11.772366901895582,1176599.0,13851355.12440344
2020-02-27,11.748806461131283,11.898022585971853,11.693832099347913,11.866608664952786,975270.0,11573147.432668503
2020-02-28,11.662418178328846,11.811634303169416,11.356132448392938,11.387546369412004,1300644.0,14811143.860097505
2020-03-02,11.42681377068584,11.740952980876514,11.356132448392938,11.615297296800245,1116580.0,12969408.655661218
2020-03-03,11.748806461131283,11.772366901895582,11.489641612723974,11.560322935016876,1153584.0,13335803.572668508
2020-03-04,11.528909013997808,11.607443816545477,11.39539984966677,11.536762494252574,862595.0,9951553.643729798
2020-03-05,11.623150777055011,12.28284311845543,11.568176415271642,12.086506112086258,2686602.0,32471631.493743166
2020-03-06,11.921583026736153,11.992264349029055,11.795927342659882,11.803780822914648,1228531.0,14501310.658156155
2020-03-09,11.552469454762107,11.568176415271642,11.324718527373868,11.34827896813817,1665793.0,18903883.667171784
2020-03-10,11.293304606354802,11.662418178328846,11.293304606354802,11.591736856035944,1167864.0,13537572.171637561
2020-03-11,11.599590336290712,11.685978619093147,11.481788132469207,11.536762494252576,814381.0,9395320.176831907
2020-03-12,11.505348573233508,11.65456469807408,11.411106810176305,11.52890901399781,986497.0,11373234.155581797
2020-03-13,10.91633755412599,11.45037421145014,10.91633755412599,11.403253329921537,1169765.0,13339126.631475667
2020-03-16,11.34827896813817,11.356132448392938,10.798535350304487,10.798535350304487,1406202.0,15184922.00666887
2020-03-17,10.798535350304487,10.971311915909359,10.311619574508939,10.531517021642411,1177849.0,12404536.792424493
2020-03-18,10.531517021642411,10.64146574520915,9.934652522280128,9.98177340380873,1384784.0,13822600.101219866
2020-03-19,9.958212963044428,10.00533384457303,9.353494983427376,9.604806351579917,1891457.0,18167078.207340296
2020-03-20,9.738315515910955,9.958212963044428,9.628366792344218,9.832557278968157,1578352.0,15519236.446373947
2020-03-23,9.424176305720279,9.69904811463712,9.369201943936911,9.541978509541783,1071113.0,10220537.227290828
2020-03-24,9.738315515910955,9.958212963044428,9.636220272598985,9.903238601261059,1180200.0,11687802.197208302
2020-03-25,10.115282568139767,10.264498692980338,9.973919923553963,10.107429087885,1136957.0,11491712.253474467
2020-03-26,10.036747765592098,10.476542659859044,9.989626884063496,10.256645212725571,1075192.0,11027862.879560832
2020-03-27,10.405861337566142,10.507956580878112,10.272352173235104,10.327326535018473,653018.0,6743930.119244694
2020-03-30,10.091722127375466,10.240938252216036,10.021040805082563,10.162403449668368,661738.0,6724848.533976646
2020-03-31,10.248791732470805,10.280205653489872,10.036747765592098,10.052454726101631,513370.0,5160628.682738794
2020-04-01,10.099575607630232,10.311619574508939,10.068161686611164,10.123136048394533,520836.0,5272493.686901615
2020-04-02,10.013187324827797,10.185963890432669,9.942506002534895,10.185963890432669,518365.0,5280047.17206413
2020-04-03,10.068161686611164,10.123136048394533,9.85611771973246,9.90323860126106,825348.0,8173618.173073614
2020-04-07,10.123136048394533,10.162403449668368,10.060308206356398,10.115282568139767,870313.0,8803461.917725425
2020-04-08,10.115282568139767,10.146696489158833,9.989626884063496,10.036747765592098,528716.0,5306589.131632792
2020-04-09,10.115282568139767,10.123136048394533,9.989626884063496,10.00533384457303,408553.0,4087709.1582018454
2020-04-10,10.021040805082563,10.193817370687436,9.934652522280128,10.044601245846865,666674.0,6696474.490973713
2020-04-13,9.950359482789661,9.98177340380873,9.793289877694324,9.887531640751526,446214.0,4411955.043546301
2020-04-14,9.934652522280128,10.099575607630232,9.871824680241993,10.099575607630232,686086.0,6929177.4303365955
2020-04-15,10.099575607630234,10.154549969413601,10.036747765592098,10.107429087885,656396.0,6634476.023571363
2020-04-16,10.044601245846865,10.044601245846865,9.848264239477693,9.95821296304443,789154.0,7858563.592638364
2020-04-17,10.02889428533733,10.240938252216036,9.934652522280128,10.123136048394533,1331164.0,13475554.27472506
2020-04-20,10.099575607630232,10.248791732470803,10.02889428533733,10.201670850942202,818455.0,8349608.5163079
2020-04-21,10.445128738839976,10.759267949030653,10.445128738839976,10.562930942661481,2122448.0,22419271.653389975
2020-04-22,10.500103100623345,10.539370501897178,10.33518001527324,10.390154377056607,1032803.0,10730982.611087196
2020-04-23,10.390154377056607,10.452982219094741,10.295912613999404,10.390154377056607,646990.0,6722325.980411855
2020-04-24,10.343033495528006,10.429421778330441,10.295912613999404,10.398007857311375,566002.0,5885293.243253953
2020-04-27,10.445128738839976,10.71214706750205,10.405861337566142,10.602198343935314,936830.0,9932457.47454892
2020-04-28,10.56293094266148,10.649319225463914,10.421568298075675,10.617905304444847,771564.0,8192393.488318684
2020-04-29,10.58649138342578,11.073407159221329,10.562930942661481,11.010579317183193,1108722.0,12207671.521705985
2020-04-30,11.010579317183193,11.2461837248262,10.900630593616457,10.939897994890291,819540.0,8965684.002732389
2020-05-06,10.806388830559253,10.908484073871222,10.688586626737749,10.81424231081402,1008998.0,10911548.863126725
2020-05-07,10.806388830559253,10.806388830559253,10.680733146482982,10.751414468775884,662749.0,7125489.1877667485
2020-05-08,10.806388830559253,11.010579317183192,10.743560988521118,10.955604955399824,934782.0,10241102.31141856
2020-05-11,10.932044514635523,11.096967599985629,10.91633755412599,10.994872356673659,612862.0,6738339.462255732
2020-05-12,10.955604955399824,11.034139757947495,10.774974909540186,10.829949271323555,558511.0,6048645.79747619
2020-05-13,10.798535350304487,10.822095791068788,10.625758784699615,10.704293587247284,640359.0,6854590.7372360835
2020-05-14,10.64146574520915,10.672879666228216,10.38230089680184,10.445128738839976,944672.0,9867220.655977437
2020-05-15,10.515810061132878,10.547223982151944,10.319473054763707,10.390154377056607,756794.0,7863206.491630178
2020-05-18,10.366593936292308,10.476542659859044,10.303766094254172,10.366593936292308,637209.0,6605686.955550885
2020-05-19,10.531517021642411,10.56293094266148,10.421568298075675,10.492249620368577,600369.0,6299221.412331062
2020-05-20,10.50795658087811,10.696440106992515,10.421568298075675,10.61005182419008,690851.0,7329964.912793541
2020-05-21,10.617905304444847,10.657172705718683,10.492249620368577,10.523663541387643,552312.0,5812345.6578708915
2020-05-22,10.468689179604276,10.476542659859044,10.146696489158833,10.146696489158833,856237.0,8687976.961787893
2020-05-25,10.185963890432669,10.193817370687436,10.021040805082563,10.1781104101779,410171.0,4174765.72505308
2020-05-26,10.225231291706502,10.264498692980338,10.162403449668368,10.240938252216036,396212.0,4057582.6267870204
2020-05-27,10.248791732470805,10.358740456037541,10.178110410177903,10.209524331196969,482963.0,4930822.499567881
2020-05-28,10.281418372203854,10.529067144183898,10.233486351820618,10.441191773481302,960760.0,10031479.408289896
2020-05-29,10.393259753098066,10.417225763289684,10.321361722523214,10.385271083034194,457808.0,4754460.1839817185
2020-06-01,10.465157783672918,10.69682921552522,10.449180443545174,10.640908525078114,882961.0,9395507.232211497
2020-06-02,10.616942514886496,10.88855729705816,10.608953844822624,10.82464793654718,883459.0,9563132.641374035
2020-06-03,10.896545967122032,11.088274048654972,10.784704586227818,10.816659266483306,956803.0,10349412.036149027
2020-06-04,10.808670596419434,10.896545967122032,10.712806555652966,10.840625276674924,583066.0,6320800.017569741
2020-06-05,10.864591286866542,10.880568626994286,10.72878389578071,10.85660261680267,383027.0,4158371.930506076
2020-06-08,10.928500647377522,11.064308038463354,10.848613946738798,10.880568626994286,585972.0,6375708.559497096
2020-06-09,10.896545967122032,10.968443997696884,10.808670596419436,10.92051197731365,474300.0,5179598.830839864
2020-06-10,10.95246665756914,10.95246665756914,10.704817885589094,10.776715916163946,580476.0,6255624.948151182
2020-06-11,10.688840545461348,10.69682921552522,10.385271083034194,10.449180443545174,1349040.0,14096362.385560181
2020-06-12,10.30538438239547,10.40124842316194,10.281418372203854,10.377282412970322,1030551.0,10694318.767968979
2020-06-15,10.265441032076108,10.361305072842578,10.225497681756746,10.24147502188449,660313.0,6762579.096125613
2020-06-16,10.305384382395468,10.377282412970322,10.27342970213998,10.297395712331596,718059.0,7394137.667801114
2020-06-17,10.297395712331598,10.321361722523214,10.193543001501256,10.265441032076108,716468.0,7354860.005369505
2020-06-18,10.193543001501256,10.225497681756746,10.057735610415424,10.193543001501256,1119648.0,11413180.034544878
2020-06-19,10.169576991309636,10.257452362012234,10.073712950543168,10.225497681756744,1539522.0,15742378.642013507
2020-06-22,10.17756566137351,10.193543001501256,10.081701620607042,10.097678960734786,1319080.0,13319646.363526043
2020-06-23,10.105667630798658,10.137622311054148,10.001814919968316,10.065724280479296,990807.0,9973190.07716885
2020-06-24,10.097678960734784,10.289407042267724,10.065724280479296,10.225497681756744,1523220.0,15575682.578805508
2020-06-29,10.321361722523216,10.361305072842578,10.153599651181894,10.225497681756746,1038480.0,10618974.832550745
2020-06-30,10.249463691948362,10.289407042267726,10.161588321245766,10.225497681756746,937940.0,9590903.295626922
2020-07-01,10.217509011692874,10.505101133992282,10.17756566137351,10.481135123800664,1697390.0,17790573.947788008
2020-07-02,10.449180443545174,10.776715916163946,10.361305072842578,10.728783895780712,2590501.0,27792925.41080383
2020-07-03,10.840625276674924,11.43977553146536,10.832636606611052,11.383854841018252,3768334.0,42898167.248473674
2020-07-06,11.663458293253788,12.526234660152014,11.655469623189916,12.526234660152014,4711461.0,59016866.07815447
2020-07-07,13.021532204112106,13.2851583162199,12.006971106000304,12.366461258874564,3964427.0,49025932.90913631
2020-07-08,12.166744507277754,12.781872102195932,12.166744507277754,12.590144020662992,2631339.0,33128936.977187335
2020-07-09,12.510257320024268,12.510257320024268,12.230653867788732,12.406404609193928,2243994.0,27839897.50460352
2020-07-10,12.262608548044222,12.366461258874564,11.791277014275746,11.871163714914472,2158773.0,25627147.70633706
2020-07-13,11.743344993892512,12.046914456319666,11.583571592615064,11.89512972510609,1937160.0,23042769.49828651
2020-07-14,11.903118395169962,12.134789827022264,11.623514942934426,11.727367653764768,1953566.0,22910186.71789462
2020-07-15,11.807254354403494,11.871163714914472,11.367877500890508,11.399832181145996,2042563.0,23284875.419418108
2020-07-16,11.423798191337614,11.623514942934426,11.28000213018791,11.303968140379528,1930891.0,21826730.346545566
2020-07-17,11.319945480507274,11.40782085120987,11.144194739102078,11.295979470315656,1291347.0,14587029.20105371
2020-07-20,11.367877500890508,11.79926568433962,11.264024790060164,11.76731100408413,1979632.0,23294945.417637073
2020-07-21,11.727367653764768,11.727367653764768,11.503684891976338,11.57558292255119,1252866.0,14502654.273845019
2020-07-22,11.57558292255119,11.70340164357315,11.399832181145996,11.511673562040212,1312952.0,15114274.82662782
2020-07-23,11.37586617095438,11.415809521273742,11.032353358207864,11.192126759485312,2027526.0,22692328.000152215
2020-07-24,11.160172079229824,11.176149419357568,10.720795225716838,10.784704586227818,1830882.0,19745521.502241958
2020-07-27,10.92051197731365,10.928500647377522,10.465157783672918,10.576999164567134,1880653.0,19891665.209840674
2020-07-28,10.656885865205858,10.72878389578071,10.529067144183898,10.656885865205858,1217006.0,12969494.03927072
2020-07-29,10.664874535269732,10.88855729705816,10.553033154375516,10.816659266483308,1519580.0,16436779.088162705
2020-07-30,10.784704586227818,10.792693256291692,10.680851875397476,10.680851875397476,964068.0,10297067.505810693
2020-07-31,10.608953844822622,10.808670596419434,10.584987834631006,10.656885865205858,1165822.0,12424031.993146025
2020-08-03,10.760738576036198,10.880568626994286,10.72878389578071,10.85660261680267,1445096.0,15688833.015131071
2020-08-04,10.912523307249776,11.303968140379528,10.768727246100072,11.21609276967693,2445663.0,27430783.091366388
2020-08-05,11.040342028271736,11.064308038463354,10.880568626994288,10.992410007888502,1440203.0,15831301.870591044
2020-08-06,11.040342028271736,11.152183409165952,10.904534637185904,11.104251388782716,1352511.0,15018622.1500939
2020-08-07,11.024364688143992,11.104251388782716,10.880568626994288,10.944477987505268,988678.0,10820564.607730733
2020-08-10,10.92051197731365,11.200115429549186,10.880568626994288,11.144194739102078,1587710.0,17693749.42921976
2020-08-11,11.160172079229824,11.711390313637022,11.160172079229824,11.287990800251782,2603308.0,29386116.754221864
2020-08-12,11.351900160762762,11.583571592615064,11.303968140379528,11.487707551848594,1596812.0,18343709.271282457
2020-08-13,11.503684891976338,11.551616912359574,11.295979470315656,11.327934150571144,837262.0,9484448.802775497
2020-08-14,11.264024790060164,11.591560262678936,11.232070109804676,11.559605582423446,1103216.0,12752741.832218865
2020-08-17,11.66345829325379,12.262608548044224,11.623514942934426,12.134789827022264,3268028.0,39656832.92882391
2020-08-18,12.142778497086134,12.22266519772486,11.911107065233834,12.102835146766774,1350261.0,16341986.288108451
2020-08-19,12.070880466511284,12.262608548044224,11.951050415553198,12.062891796447412,1420928.0,17140500.714542426
2020-08-20,11.99099376587256,12.094846476702902,11.607537602806682,11.655469623189916,1333802.0,15546088.694349956
2020-08-21,11.751333663956386,11.751333663956386,11.43977553146536,11.543628242295702,1234517.0,14250805.306794163
2020-08-24,11.583571592615064,11.751333663956386,11.511673562040212,11.551616912359574,919449.0,10621122.618452098
2020-08-25,11.631503612998298,11.735356323828642,11.551616912359574,11.66345829325379,748320.0,8727999.110007675
2020-08-26,11.66345829325379,11.671446963317662,11.40782085120987,11.479718881784722,734118.0,8427468.266058037
2020-08-27,11.503684891976338,11.551616912359572,11.272013460124036,11.551616912359572,626667.0,7239017.115617636
2020-08-28,11.391843511082124,12.12680115695839,11.391843511082124,12.086857806639028,2410400.0,29134162.05712271
2020-08-31,12.22266519772486,12.526234660152014,11.975016425744814,12.046914456319666,1797130.0,21649871.37688576
2020-09-01,11.951050415553198,12.166744507277754,11.887141055042218,12.094846476702902,813643.0,9840887.17184398
2020-09-02,11.990993765872558,12.406404609193926,11.990993765872558,12.238642537852606,1679383.0,20553368.221146524
2020-09-03,12.238642537852606,12.246631207916478,11.855186374786726,11.903118395169962,1279842.0,15234110.853111114
2020-09-04,11.76731100408413,12.030937116191922,11.663458293253788,11.951050415553196,909890.0,10874141.262607697
2020-09-07,11.887141055042218,12.174733177341626,11.847197704722854,11.93507307542545,1031377.0,12309559.863313075
2020-09-08,11.983005095808686,12.326517908555202,11.983005095808686,12.326517908555202,1407602.0,17350831.261118118
2020-09-09,12.190710517469372,12.430370619385544,12.086857806639028,12.150767167150008,1013572.0,12315677.379142568
2020-09-10,12.238642537852606,12.366461258874564,12.142778497086136,12.254619877980351,957092.0,11728798.64825597
2020-09-11,12.12680115695839,12.22266519772486,11.839209034658982,11.990993765872558,954236.0,11442237.927171167
2020-09-14,11.990993765872558,12.22266519772486,11.919095735297706,12.22266519772486,680251.0,8314480.223417534
2020-09-15,12.142778497086136,12.366461258874564,12.102835146766774,12.262608548044222,657133.0,8058164.743001943
2020-09-16,12.238642537852606,12.4143932792578,12.150767167150008,12.334506578619076,722415.0,8910632.5699931
2020-09-17,12.4143932792578,12.558189340407504,12.302551898363584,12.438359289449416,988216.0,12291785.663582543
2020-09-18,12.478302639768778,12.853770132770784,12.398415939130054,12.83779279264304,1373193.0,17628767.19830787
2020-09-21,12.781872102195932,12.821815452515294,12.550200670343632,12.670030721301718,896162.0,11354400.07126319
2020-09-22,12.51824599008814,12.654053381173972,12.294563228299712,12.438359289449416,867756.0,10793460.903575467
2020-09-23,12.454336629577162,12.6460647111101,12.390427269066182,12.48629130983265,599200.0,7481785.752851724
2020-09-24,12.454336629577162,12.470313969704907,12.078869136575156,12.078869136575156,1061011.0,12815813.021466743
2020-09-25,12.142778497086134,12.230653867788732,12.070880466511282,12.134789827022262,614087.0,7451816.68050662
2020-09-28,12.134789827022264,12.278585888171968,11.967027755680942,12.230653867788732,612711.0,7493856.161986701
2020-09-29,12.294563228299712,12.310540568427458,11.791277014275746,11.823231694531236,1182374.0,13979481.751589676
2020-09-30,11.823231694531238,12.198699187533244,11.823231694531238,12.118812486894518,1217065.0,14749382.519362276
2020-10-09,12.22266519772486,12.422381949321672,12.086857806639028,12.126801156958392,900426.0,10919287.058555417
2020-10-12,12.15875583721388,12.821815452515294,12.150767167150008,12.701985401557208,1591347.0,20213266.362811856
2020-10-13,12.701985401557208,12.869747472898528,12.598132690726866,12.829804122579166,908819.0,11659969.752878275
2020-10-14,12.813826782451422,12.877736142962402,12.622098700918484,12.80583811238755,662562.0,8484661.71141972
2020-10-15,12.94164550347338,13.516829748072196,12.901702153154018,13.229237625772788,1600062.0,21167600.41396926
2020-10-16,13.229237625772788,13.876319900946456,13.213260285645044,13.6606258092219,2095614.0,28627398.69456674
2020-10-19,13.820399210499351,14.45949281560915,13.820399210499351,13.964195271649055,2016106.0,28153297.87234329
2020-10-20,13.964195271649055,14.060059312415525,13.78045586017999,14.01212729203229,960072.0,13452651.073516024
2020-10-21,14.092013992671015,14.379606114970425,13.84436522069097,14.307708084395571,1244560.0,17806801.173515353
2020-10-22,14.33167409458719,14.779039618164045,13.820399210499351,14.028104632160037,1890519.0,26520398.341086563
2020-10-23,14.00413862196842,15.002722379952475,14.00413862196842,14.483458825800767,1698502.0,24600183.782540254
2020-10-26,14.539379516247871,14.611277546822723,13.940229261457437,14.13994601305425,1175599.0,16622906.393000562
2020-10-27,14.379606114970423,14.379606114970423,13.9801726117768,14.187878033437485,1034865.0,14682538.401073283
2020-10-28,14.187878033437482,14.299719414331697,13.812410540435478,14.084025322607141,1205824.0,16982855.750607435
2020-10-29,14.012127292032293,14.323685424523315,13.860342560818715,14.195866703501359,846604.0,12018277.534651065
2020-10-30,14.171900693309741,14.667198237269833,14.060059312415525,14.179889363373611,1007804.0,14290549.21996538
2020-11-02,14.10000266273489,14.419549465289785,13.84436522069097,14.084025322607145,968453.0,13639716.575754857
2020-11-03,14.147934683118123,14.651220897142087,14.13994601305425,14.347651434714933,957869.0,13743170.53211896
2020-11-04,14.659209567205961,14.763062278036301,14.347651434714933,14.635243557014341,1247636.0,18259456.730499145
2020-11-05,14.675186907333702,14.779039618164045,14.01212729203229,14.13994601305425,1429469.0,20212614.487334646
2020-11-06,14.14793468311812,14.179889363373611,13.75648984998837,14.092013992671015,848782.0,11961047.82072729
2020-11-09,14.11598000286263,14.379606114970423,14.01212729203229,14.251787393948463,951424.0,13559492.569500023
2020-11-10,14.379606114970423,14.779039618164045,14.323685424523315,14.46748148567302,1021063.0,14772210.04820575
2020-11-11,14.539379516247875,14.619266216886597,14.060059312415525,14.227821383756849,940130.0,13376001.717511326
2020-11-12,14.227821383756845,14.331674094587186,13.940229261457437,14.10799133279876,677258.0,9554749.994068623
2020-11-13,13.916263251265821,13.956206601585185,13.333090336603131,13.724535169732881,1289189.0,17693519.770932764
2020-11-16,13.644648469094156,13.924251921329693,13.500852407944452,13.876319900946456,759857.0,10544018.810973471
2020-11-17,13.88430857101033,14.323685424523315,13.78045586017999,14.24379872388459,852931.0,12148977.489361607
2020-11-18,14.20385537356523,14.779039618164045,14.179889363373611,14.747084937908557,1373401.0,20253661.20080855
2020-11-19,14.850937648738897,15.162495781229925,14.619266216886597,15.058643070399583,1211741.0,18247175.21276906
2020-11-20,15.042665730271835,15.170484451293795,14.795016958291791,15.066631740463453,673919.0,10153689.39590139
2020-11-23,15.058643070399583,15.673770665317761,15.018699720080221,15.673770665317761,1165858.0,18273390.920326035
2020-11-24,15.673770665317761,15.721702685700999,15.314280512443501,15.466065243657079,678543.0,10494390.308626805
2020-11-25,15.561929284423547,15.737680025828741,15.218416471677031,15.226405141740905,552585.0,8413883.085248899
2020-11-26,15.218416471677031,15.665781995253889,15.202439131549287,15.577906624551291,639658.0,9964532.595647229
2020-11-27,15.977340127744915,15.977340127744915,15.482042583784821,15.737680025828741,753774.0,11862654.023789033
2020-11-30,15.89745342710619,16.68034309336569,15.649804655126143,15.76963470608423,1581441.0,24938746.87922455
2020-12-01,15.737680025828743,16.38476230100241,15.498019923912569,16.01728347806428,1263720.0,20241361.47689939
2020-12-02,15.921419437297807,16.02527214812815,15.593883964679037,15.681759335381633,889385.0,13947121.526498394
2020-12-03,15.801589386339721,15.865498746850703,15.314280512443501,15.609861304806783,714452.0,11152496.628941815
2020-12-04,15.553940614359673,15.553940614359673,15.154507111166051,15.41813322327384,891348.0,13742922.21229869
2020-12-07,15.426121893337713,15.490031253848695,14.92283567931375,15.106575090782817,873807.0,13200231.06035166
2020-12-08,15.114563760846691,15.202439131549287,14.803005628355665,14.946801689505369,719648.0,10756435.94224916
2020-12-09,15.010711050016347,15.218416471677031,14.92283567931375,14.946801689505369,677221.0,10122287.986968515
2020-12-10,14.962779029633113,15.0826090805912,14.739096267844683,14.898869669122131,607867.0,9056531.209160263
2020-12-11,14.946801689505365,15.018699720080217,14.555356856375615,14.795016958291791,887794.0,13134927.285469703
2020-12-14,14.858926318802771,15.226405141740903,14.779039618164045,15.0826090805912,835992.0,12608940.530501598
2020-12-15,15.018699720080221,15.058643070399583,14.499436165928511,14.970767699696987,788858.0,11809809.866047565
2020-12-16,15.018699720080221,15.258359821996395,14.842948978675027,15.186461791421543,689070.0,10464535.226614842
2020-12-17,15.106575090782817,15.234393811804777,14.858926318802771,15.138529771038309,686141.0,10387165.955629997
2020-12-18,15.17847312135767,15.258359821996395,14.56334552643949,14.667198237269831,1058756.0,15528984.136898857
2020-12-21,14.619266216886597,14.890880999058261,14.403572125162041,14.603288876758853,906878.0,13243401.409977315
2020-12-22,14.667198237269831,14.898869669122131,14.283742074203953,14.299719414331697,1028738.0,14710664.750860762
2020-12-23,14.347651434714933,14.435526805417531,14.211844043629101,14.379606114970423,750083.0,10785898.09353536
2020-12-24,14.499436165928511,14.771050948100175,14.419549465289785,14.587311536631109,632950.0,9233038.837110661
2020-12-25,14.587311536631109,14.587311536631109,14.219832713692975,14.411560795225911,577077.0,8316580.269026583
2020-12-28,14.395583455098167,15.066631740463453,14.347651434714933,15.058643070399583,1270337.0,19129551.462122194
2020-12-29,15.074620410527327,15.418133223273843,14.938813019441495,15.3142805124435,963092.0,14749061.047290234
2020-12-30,15.17847312135767,15.338246522635117,14.95479035956924,15.338246522635117,978498.0,15008443.545905417
2020-12-31,15.346235192698991,15.64181598506227,15.194450461485413,15.450087903529333,924503.0,14283652.61707658
2021-01-04,15.258359821996395,15.258359821996395,14.731107597780813,14.858926318802771,1554216.0,23093981.02750437
2021-01-05,14.699152917525323,14.763062278036301,14.219832713692975,14.515413506056257,1821352.0,26437677.420082577
2021-01-06,14.443515475481401,15.625838644934525,14.379606114970423,15.625838644934525,1934945.0,30235138.356822833
2021-01-07,15.593883964679037,15.961362787617169,15.362212532826735,15.897453427106191,1584185.0,25184507.25742022
2021-01-08,15.89745342710619,16.057226828383637,15.426121893337713,15.857510076786825,1195473.0,18957225.144026577
2021-01-11,15.977340127744915,16.488615011832753,15.977340127744915,16.28090959017207,1790457.0,29150268.54209071
2021-01-12,16.28889826023594,16.77620713413216,16.121136188894617,16.77620713413216,1288166.0,21610539.63914649
2021-01-13,16.776207134132164,16.784195804196035,16.296886930299813,16.53654703221599,1049120.0,17348822.22243844
2021-01-14,16.52056969208824,16.688331763429563,15.937396777425551,16.113147518830743,1130156.0,18210370.34729168
2021-01-15,16.77620713413216,17.535130790200043,16.632411072982457,16.77620713413216,2480689.0,41616552.49936318
2021-01-18,16.93598053540961,18.19819040550146,16.93598053540961,18.134281044990477,2157302.0,39121120.766920045
2021-01-19,17.982496313776902,18.246122425884693,17.61501749083877,17.84668892269107,1242088.0,22167158.150607504
2021-01-20,17.694904191477494,18.349975136715035,17.670938181285877,17.950541633521414,1280793.0,22990928.07042279
2021-01-21,17.974507643713032,18.214167745629204,17.694904191477494,17.758813551988474,944779.0,16778154.108834118
2021-01-22,17.758813551988474,17.758813551988474,17.18362930738966,17.599040150711023,924434.0,16269151.082682393
2021-01-25,17.351391378730977,18.054394344351756,17.119719946878675,17.966518973649155,1028365.0,18476139.284336712
2021-01-26,17.81473424243558,18.629578588950572,17.81473424243558,17.870654932882687,1126721.0,20135242.196632512
2021-01-27,17.82272291249945,18.749408639908655,17.82272291249945,18.43785050741763,1294153.0,23861399.547726046
2021-01-28,18.198190405501457,18.517737208056356,17.934564293393667,18.222156415693075,857477.0,15625080.01685925
2021-01-29,18.222156415693078,18.805329330355764,18.14226971505435,18.445839177481503,1240258.0,22877599.606584854
2021-02-01,18.373941146906652,19.96368648961727,18.134281044990477,19.612185006806882,1475239.0,28932660.197256777
2021-02-02,18.677510609333805,19.252694853932624,18.3020431163318,18.59762390869508,2416169.0,44935002.361847885
2021-02-03,18.75739730997253,20.115471220830848,18.677510609333805,19.93173180936178,1923272.0,38334141.700454846
2021-02-04,19.3166042144436,20.16340324121408,19.20476283354939,19.652128357126244,1255248.0,24668294.816026002
2021-02-05,19.652128357126244,20.219323931661187,19.388502245018454,19.915754469234034,1015576.0,20225962.260846823
2021-02-08,19.89178845904242,19.89178845904242,19.252694853932624,19.811901758403696,1084265.0,21481351.660075583
2021-02-09,19.803913088339822,19.843856438659188,19.30861554437973,19.6361510169985,942094.0,18499100.056208186
2021-02-10,19.652128357126244,19.939720479425652,18.677510609333805,19.029012092144193,1918867.0,36514143.34621645
2021-02-18,19.172808153293897,19.612185006806882,18.75739730997253,19.412468255210072,1505231.0,29220249.00425811
2021-02-19,19.14085347303841,19.324592884507474,18.829295340547382,19.05297810233581,922583.0,17577953.69658728
2021-02-22,19.01303475201645,19.01303475201645,17.782779562180092,17.87864360294656,1956842.0,34985680.70527715
2021-02-23,17.878643602946557,18.118303704862733,17.4312780793697,17.5191534500723,1870460.0,32768875.76222223
2021-02-24,17.790768232243963,17.798756902307833,17.223572657709017,17.702892861541365,1428500.0,25288582.45271184
2021-02-25,17.894620943074305,18.02243966409626,17.31943669847549,17.64697217109426,1593403.0,28118738.398338106
2021-02-26,17.25552733796451,17.543119460263917,16.943969205473483,17.079776596559316,1124977.0,19214355.83626751
2021-03-01,17.207595317581273,17.31943669847549,16.920003195281865,17.13569728700642,1125387.0,19284290.962732293
2021-03-02,17.271504678092253,17.694904191477494,16.983912555792845,17.29547068828387,1473425.0,25483578.89888466
2021-03-03,17.239549997836765,18.437850507417632,17.143685957070293,18.381929816970526,1919635.0,35286595.844200216
2021-03-04,18.190201735437586,18.765385980036402,18.09433769467112,18.310031786395673,1213579.0,22220670.065302275
2021-03-05,18.134281044990477,18.35796380677891,17.463232759625193,17.84668892269107,880171.0,15708138.03577392
2021-03-08,17.926575623329796,18.126292374926606,17.159663297198037,17.25552733796451,993774.0,17148094.42475834
2021-03-09,17.31943669847549,17.51116478000843,16.440682991449517,16.656377083174075,1361895.0,22684236.667689357
2021-03-10,16.6483884131102,16.704309103557307,16.201022889533345,16.296886930299813,1149417.0,18731918.88476442
2021-03-11,16.440682991449517,17.079776596559313,16.424705651321773,16.991901225856715,1048659.0,17818710.147605676
2021-03-12,17.071787926495443,17.335414038603233,16.93598053540961,17.159663297198037,697201.0,11963734.410469769
2021-03-15,17.095753936687057,17.670938181285877,16.864082504834755,17.255527337964505,958749.0,16543719.57974613
2021-03-16,17.255527337964505,17.662949511222003,16.991901225856715,17.30345935834774,939684.0,16259783.903689638
2021-03-17,17.135697287006423,17.215583987645147,16.696320433493437,16.935980535409612,821489.0,13912721.714053107
2021-03-18,17.015867236048333,17.35938004879485,16.77620713413216,17.35938004879485,691610.0,12005920.835547006
2021-03-19,17.199606647517403,17.29547068828387,16.272920920108195,16.352807620746923,1525622.0,24948203.06797916
2021-03-22,16.4167169812579,17.215583987645147,16.400739641130155,17.215583987645147,1451190.0,24983083.32703076
2021-03-23,17.23156132777289,17.29547068828387,16.744252453876673,16.959946545601227,682903.0,11581998.375830716
2021-03-24,16.943969205473483,16.99988989592059,16.336830280619175,16.40073964113015,850085.0,13942022.757830124
2021-03-25,16.440682991449517,16.64039974304633,16.296886930299813,16.57649038253535,492666.0,8166673.210802161
2021-03-26,16.6483884131102,17.09575393668706,16.58447905259922,16.888048515026377,822108.0,13883799.788591305
2021-03-29,16.99988989592059,17.295470688283867,16.93598053540961,17.16765196726191,785667.0,13488057.618162764
2021-03-30,17.079776596559316,17.5191534500723,16.943969205473483,17.5191534500723,738655.0,12940610.291663153
2021-03-31,17.391334729050342,17.630994830966515,17.25552733796451,17.58306281058328,777028.0,13662532.129581904
2021-04-01,17.638983501030385,17.662949511222003,17.175640637325785,17.399323399114213,544449.0,9473044.225324335
2021-04-02,17.335414038603233,17.35938004879485,17.06379925643157,17.175640637325785,581084.0,9980489.964099817
2021-04-06,17.215583987645147,17.64697217109426,17.18362930738966,17.31943669847549,401103.0,6946878.0180686135
2021-04-07,17.479210099752937,17.5191534500723,17.023855906112207,17.287482018219997,517605.0,8948087.130040761
2021-04-08,17.143685957070293,17.35938004879485,17.039833246239954,17.22357265770902,383030.0,6597145.035082286
2021-04-09,17.343402708667107,17.35139137873098,16.84011649464314,17.015867236048333,398960.0,6788650.392493843
2021-04-12,17.183629307389655,17.183629307389655,16.48062634176888,16.536547032215985,594743.0,9834995.591581231
2021-04-13,16.55252437234373,16.68034309336569,16.44867166151339,16.60045639272697,499904.0,8298634.552549782
2021-04-14,16.608445062790842,16.728275113748925,16.31286427042756,16.51258102202437,537438.0,8874488.519314734
2021-04-15,16.58447905259922,16.592467722663095,16.041249488255897,16.264932250044325,735865.0,11968794.370178867
2021-04-16,16.26493225004432,16.32085294049143,15.825555396531337,16.185045549405597,729998.0,11815050.880974988
2021-04-19,16.00130613793653,16.9679352156651,15.905442097170063,16.896037185090247,1112283.0,18793174.928343736
2021-04-20,16.84011649464314,17.535130790200046,16.71229777362118,17.327425368539362,834773.0,14464466.857171709
2021-04-21,17.81473424243558,18.525725878120227,17.806745572371707,18.381929816970523,1597100.0,29357780.110683624
2021-04-22,18.52572587812023,18.55768055837572,18.19819040550146,18.35796380677891,829694.0,15231492.42270162
2021-04-23,18.629578588950572,18.89320470105836,18.42986183735376,18.60561257875895,823230.0,15316698.44321173
2021-04-26,19.068955442463555,19.356547564762966,18.29405444626793,18.326009126523417,872418.0,15987940.230143307
2021-04-27,18.33399779658729,18.525725878120227,18.262099766012437,18.326009126523417,470431.0,8621122.799399538
2021-04-28,18.605612578758954,18.733431299780914,18.19819040550146,18.65354459914219,593838.0,11077183.6176654
2021-04-29,18.645555929078316,18.941136721441598,18.461816517609247,18.845272680675127,614837.0,11586770.919168252
2021-04-30,18.65354459914219,18.765385980036402,18.381929816970526,18.605612578758954,561981.0,10456000.762623535
2021-05-06,18.453827847545377,18.933148051377724,18.453827847545377,18.773374650100276,500295.0,9392225.470571918
2021-05-07,18.909182041186106,19.412468255210072,18.68549927939768,19.21275150361326,802214.0,15412738.234719606
2021-05-10,19.172808153293897,19.20476283354939,18.389918487034397,19.060966772399684,661439.0,12607666.800969275
2021-05-11,18.86923869086674,18.973091401697086,18.421873167289885,18.79734066029189,497223.0,9346470.115132315
2021-05-12,18.60561257875895,18.88521603099449,18.27807710614018,18.81331800041964,533265.0,10032484.023493778
2021-05-13,18.78935199022802,18.845272680675127,18.246122425884693,18.42986183735376,549653.0,10130028.848487005
2021-05-14,18.631136235816964,18.86462930013792,18.19635604708139,18.77606296539549,563785.0,10585662.658945495
2021-05-17,18.639187720793547,19.17863721422472,18.478158021261855,19.00150454473986,527565.0,10024528.745145684
2021-05-18,19.20279166915448,19.412130278545682,18.840474845208167,19.243049094037403,395415.0,7608990.2575188
2021-05-19,19.17863721422472,19.42823324849885,18.93709266492718,19.00150454473986,429420.0,8159626.081602191
2021-05-20,18.84852633018475,19.194740184177892,18.735805540512565,19.17863721422472,405788.0,7782460.837885821
2021-05-21,19.226946124084233,19.396027308592508,18.542569901074533,18.91293820999743,539336.0,10200428.442427175
2021-05-24,18.904886725020845,19.00150454473986,18.671393660699888,18.904886725020845,343936.0,6502071.120656769
2021-05-25,18.953195634880352,19.91132234709393,18.880732270091087,19.806653042398327,972375.0,19259494.252102073
2021-05-26,19.838858982304668,20.225330261180734,19.726138192632483,20.136763926438302,919264.0,18511002.15407338
2021-05-27,20.056249076672454,20.25753620108707,19.74224116258565,19.959631256953436,504091.0,10061470.479948916
2021-05-28,19.871064922211005,19.895219377140762,19.452387703428602,19.726138192632483,492401.0,9713170.172190428
2021-05-31,19.589262948030544,19.750292647562237,19.251100579013986,19.48459364333494,515351.0,10041404.818686305
2021-06-01,19.48459364333494,19.524851068217863,18.92098969497401,19.25915206399057,625018.0,12037316.704731258
2021-06-02,19.234997609060816,19.25915206399057,18.824371875254997,19.234997609060816,497527.0,9569930.6554432
2021-06-03,19.098122364458874,19.436284733475432,19.065916424552537,19.138379789341798,400901.0,7672595.595926916
2021-06-04,19.315512458826664,20.09650650155538,19.162534244271555,19.75834413253882,756739.0,14951909.580513295
2021-06-07,19.710035222679313,19.710035222679313,19.267203548967153,19.565108493100787,447914.0,8763486.005578745
2021-06-08,19.444336218452015,19.782498587468574,19.283306518920323,19.750292647562233,570078.0,11259207.331936983
2021-06-09,19.66977779779639,20.032094621742697,19.468490673381773,19.84691046728125,453832.0,9007163.071187185
2021-06-10,19.854961952257838,20.177021351321226,19.44433621845202,19.484593643334943,530215.0,10331023.818600837
2021-06-11,19.573159978077374,19.60536591798371,18.615033265863797,18.816320390278413,834665.0,15705324.058551732
2021-06-15,18.800217420325243,18.86462930013792,18.357385746613087,18.695548115629645,660623.0,12350709.082791602
2021-06-16,18.695548115629645,18.840474845208167,18.526466931121366,18.727754055535982,378208.0,7082986.405836153
2021-06-17,18.53451841609795,19.073967909529124,18.53451841609795,18.598930295910623,453282.0,8430560.322390959
2021-06-18,18.623084750840377,18.743857025489152,18.027274862573112,18.236613471964315,694099.0,12658015.17427696
2021-06-21,18.19635604708139,18.252716441917485,17.721318433462894,17.842090708111666,718273.0,12815492.019187491
2021-06-22,18.01922337759653,18.59087881093404,17.914554072900927,18.494260991215025,757751.0,14014044.760354176
2021-06-23,18.397643171496007,18.84852633018475,18.292973866800406,18.631136235816964,447908.0,8345034.969112305
2021-06-24,18.542569901074533,18.615033265863797,18.26076792689407,18.582827325957453,390283.0,7252561.597256653
2021-06-25,18.582827325957453,19.00150454473986,18.566724356004286,18.808268905301826,559973.0,10532122.76370858
2021-06-28,18.808268905301826,18.83242336023158,18.099738227362376,18.341282776659916,626257.0,11486356.72786271
2021-06-29,18.18025307712822,18.3493342616365,17.71326694848631,17.987017437690188,1049749.0,18881853.568197835
2021-06-30,18.00312040764336,18.462055051308685,17.995068922666775,18.21245901703456,403435.0,7347543.403537339
2021-07-01,18.36543723158967,18.92098969497401,18.131944167268713,18.67944514567647,664833.0,12418711.554535525
2021-07-02,18.29297386680041,18.30907683675358,17.520031309048278,17.560288733931202,1070678.0,18801414.821067993
2021-07-05,17.463670914212187,17.83403922313508,16.980581815617104,17.761575858345818,859341.0,15263250.359686753
2021-07-06,17.77767882829899,18.51841544614478,17.592494673837543,18.341282776659916,791957.0,14525507.283955257
2021-07-07,18.26076792689407,18.558672871027703,18.115841197315543,18.156098622198467,468945.0,8514211.66838686
2021-07-08,18.341282776659916,18.341282776659916,17.069148150359535,17.31874418463366,1457059.0,25234432.082918134
2021-07-09,17.149663000125383,17.415362004352676,16.92422142078101,17.12550854519563,762365.0,13055888.322058065
2021-07-12,17.310692699657075,17.310692699657075,16.81955211608541,17.036942210453198,877901.0,14956748.603499074
2021-07-13,17.02889072547661,17.18186894003172,16.537750141904944,17.004736270546857,657614.0,11182552.6378194
2021-07-14,16.908118450827843,16.908118450827843,16.433080837209346,16.71488281138981,847951.0,14173401.5948008
2021-07-15,16.68267687148347,17.487825369141937,16.61021350669421,17.40731051937609,956003.0,16641441.0784551
2021-07-16,17.238229334867814,17.568340218907785,17.149663000125383,17.18186894003172,573003.0,9845262.448244996
2021-07-19,17.19797190998489,17.254332304820984,16.73098578134298,17.07719963533612,522136.0,8916620.70879586
2021-07-20,16.988633300593687,17.069148150359535,16.481389747068853,16.58605905176445,804034.0,13335755.403626379
2021-07-21,16.569956081811284,16.747088751296147,16.263999652701067,16.465286777115683,753077.0,12399628.770249948
2021-07-22,16.465286777115686,16.634367961623965,16.296205592607407,16.408926382279592,868648.0,14253581.084114403
2021-07-23,16.40892638227959,16.40892638227959,16.10296995316937,16.183484802935222,727404.0,11771931.579594292
2021-07-26,16.070764013263034,16.094918468192787,14.838886811845576,15.13679175597921,1451304.0,21968086.422619652
2021-07-27,15.193152150815305,15.289769970534321,14.170613558789048,14.299437318414403,1357551.0,19412215.431050792
2021-07-28,14.371900683203666,14.549033352688529,14.235025438601726,14.291385833437818,1062994.0,15191657.3926294
2021-07-29,14.420209593063174,14.685908597290469,14.315540288367574,14.460467017946097,872378.0,12614993.296181781
2021-07-30,14.428261078039759,14.53293038273536,13.880760099632,14.243076923578311,950156.0,13533144.997399474
2021-08-02,14.202819498695387,14.605393747524621,13.83245118977249,14.500724442829018,1159923.0,16819723.797899563
2021-08-03,14.48462147287585,14.613445232501205,14.218922468648556,14.404106623110005,896949.0,12919749.031491896
2021-08-04,14.524878897758777,14.549033352688529,14.170613558789048,14.339694743297327,729620.0,10462528.078604596
2021-08-05,14.251128408554898,14.53293038273536,14.15451058883588,14.235025438601728,621574.0,8848121.70197343
2021-08-06,14.130356133906124,14.412158108086587,14.049841284140276,14.37995216818025,567454.0,8159961.377642555
2021-08-09,14.420209593063174,15.49910857992552,14.363849198227081,15.346130365370412,1752798.0,26898666.612160526
2021-08-10,15.370284820300169,16.086866983216208,15.217306605745058,15.88557985880159,1301988.0,20682834.349201363
2021-08-11,16.094918468192787,16.569956081811284,15.86142540387183,15.949991738614262,1048308.0,16720503.93952324
2021-08-12,15.933888768661093,16.344514502466915,15.805065009035738,16.014403618426943,666458.0,10672927.406729585
2021-08-13,15.92583728368451,16.038558073356697,15.700395704340139,16.014403618426943,562885.0,9014267.58075825
2021-08-16,16.175433317958635,16.263999652701067,15.756756099176231,16.062712528286447,627050.0,10072123.890862016
2021-08-17,15.9821976785206,16.280102622654233,15.78896203908257,15.837270948942077,476022.0,7538889.391657306
2021-08-18,15.837270948942079,17.069148150359535,15.740653129223062,16.602162021717625,1332732.0,22126232.59552777
2021-08-19,16.489441232045436,16.602162021717625,16.11907292312254,16.37672044237325,649976.0,10644475.246251997
2021-08-20,16.078815498239617,16.159330348005465,15.056276906213363,15.63598382452746,1614628.0,25246297.290629122
2021-08-23,15.700395704340139,16.1432273780523,15.386387790253336,15.539366004808445,1191849.0,18520577.83346494
2021-08-24,15.579623429691368,16.07881549823962,15.466902640019184,15.587674914667952,868953.0,13544956.880125461
2021-08-25,15.63598382452746,15.676241249410383,15.25756403062798,15.42664521513626,698084.0,10769094.198363181
2021-08-26,15.458851155042597,15.507160064902108,14.822783841892408,14.863041266775332,951619.0,14143952.467247475
2021-08-27,14.943556116541178,15.201203635791886,14.74226899212656,14.806680871939236,728820.0,10791405.153086754
2021-08-30,14.661754142360714,14.726166022173391,14.130356133906124,14.267231378508066,1252211.0,17865584.071712963
2021-08-31,14.267231378508063,14.436312563016342,13.937120494468092,14.331643258320739,1174868.0,16837789.05161677
2021-09-01,14.073995739070032,14.428261078039759,13.695575945170553,14.396055138133422,2316894.0,33354133.773210496
2021-09-02,14.492672957852434,15.120688786026042,14.331643258320742,14.814732356915824,2422604.0,35890229.86679371
2021-09-03,14.89524720668167,14.89524720668167,14.251128408554894,14.524878897758773,1394819.0,20259577.059292994
2021-09-06,14.436312563016342,14.975762056447518,14.315540288367574,14.854989781798748,1515226.0,22508666.74711579
2021-09-07,14.975762056447518,15.748704614199648,14.7744749320329,15.491057094948937,1622344.0,25131823.53164784
2021-09-08,15.491057094948937,15.740653129223062,15.378336305276752,15.483005609972352,1026201.0,15888675.839959238
2021-09-09,15.386387790253336,15.418593730159676,15.13679175597921,15.297821455510904,739506.0,11312830.753279047
2021-09-10,15.209255120768473,16.722934296366393,15.16899769588555,16.5619045968347,2314945.0,38339898.23691951
2021-09-13,16.392823412326422,16.51359568697519,15.949991738614262,16.27205113767765,1297228.0,21108560.353227302
2021-09-14,16.247896682747896,16.320360047537157,15.515211549878691,15.595726399644539,1158173.0,18062549.231455516
2021-09-15,15.547417489785031,16.90006696585126,15.450799670066013,15.716498674293307,841618.0,13227288.181261385
2021-09-16,15.539366004808445,15.700395704340139,15.080431361143118,15.362233335323584,1176954.0,18080641.972942434
2021-09-17,15.217306605745057,15.297821455510904,14.822783841892408,14.919401661611424,1124880.0,16782536.54111346
2021-09-22,14.388003653156835,14.53293038273536,14.025686829210525,14.476569987899266,1473365.0,21329271.540221203
2021-09-23,14.573187807618284,14.750320477103148,14.210870983671972,14.235025438601728,1379838.0,19642029.03114933
2021-09-24,14.170613558789048,14.235025438601726,13.961274949397845,13.969326434374432,1265696.0,17680920.59068198
2021-09-27,13.856605644702244,14.235025438601726,13.735833370053474,14.146459103859295,1140668.0,16136413.213080974
2021-09-28,14.065944254093447,14.629548202454373,14.049841284140276,14.46851850292268,1293167.0,18710210.666869015
2021-09-29,14.37995216818025,14.846938296822163,14.25917989353148,14.613445232501208,1230122.0,17976320.476294853
2021-09-30,14.565136322641697,14.653702657384128,14.25917989353148,14.436312563016342,795611.0,11485689.074573996
2021-10-08,14.629548202454373,15.209255120768473,14.508775927805605,15.007967996353855,1159201.0,17397251.509341385
2021-10-11,15.297821455510904,15.89363134377817,15.297821455510904,15.61988085457429,1455338.0,22732206.16313444
2021-10-12,15.539366004808445,15.869476888848418,15.458851155042597,15.579623429691367,1031232.0,16066206.228647487
2021-10-13,15.539366004808445,16.03050658838011,15.434696700112845,15.764807584152818,807897.0,12736340.75281431
2021-10-14,15.7728590691294,16.038558073356697,15.209255120768473,15.466902640019184,842990.0,13038444.256509772
2021-10-15,15.297821455510904,16.022455103403523,15.297821455510904,15.829219463965494,993494.0,15726234.562132934
2021-10-18,15.660138279457216,15.740653129223062,15.378336305276752,15.531314519831863,729623.0,11332004.293903284
2021-10-19,15.418593730159676,15.845322433918666,15.418593730159676,15.756756099176235,682415.0,10752646.71341935
2021-10-20,15.901682828754755,15.92583728368451,15.450799670066013,15.491057094948937,662956.0,10269889.247438967
2021-10-21,15.716498674293307,16.151278863028878,15.49910857992552,16.10296995316937,1621661.0,26113558.357226595
2021-10-22,16.231793712794726,16.578007566787868,15.941940253637679,16.13517589307571,1134964.0,18312843.77230878
2021-10-25,15.869476888848418,16.263999652701067,15.700395704340139,16.19958777288839,730828.0,11839112.332884476
2021-10-26,16.151278863028878,16.465286777115683,15.990249163497186,16.1432273780523,652807.0,10538411.834984187
2021-10-27,16.10296995316937,16.23984519777131,15.7728590691294,16.038558073356693,687600.0,11028112.531240063
2021-10-28,15.941940253637679,16.054661043309867,15.595726399644539,15.877528373825003,619011.0,9828364.71620979
2021-10-29,15.805065009035738,15.893631343778173,15.555468974761615,15.700395704340139,539930.0,8477114.652644372
2021-11-01,15.5635204597382,15.885579858801586,15.30587294048749,15.611829369597707,841490.0,13137198.296222774
2021-11-02,15.595726399644539,15.692344219363555,14.484621472875853,14.637599687430962,1997691.0,29241401.157183647
2021-11-03,14.573187807618284,14.685908597290469,14.371900683203666,14.51682741278219,1114972.0,16185856.094084583
2021-11-04,14.557084837665114,14.573187807618284,14.331643258320742,14.388003653156835,983411.0,14149321.060554616
2021-11-05,14.371900683203666,14.492672957852434,14.146459103859295,14.202819498695387,1096040.0,15566858.283350091
2021-11-08,14.186716528742219,14.339694743297326,13.977377919351015,14.025686829210523,1376815.0,19310776.011759486
2021-11-09,14.073995739070032,14.210870983671972,13.89686306958517,14.114253163952956,1240573.0,17509761.39036461
2021-11-10,14.057892769116863,14.065944254093447,13.816348219819321,14.009583859257353,1220851.0,17103614.4641582
2021-11-11,13.969326434374432,14.838886811845576,13.945171979444677,14.7744749320329,2084729.0,30800776.350582015
2021-11-12,14.74226899212656,14.99991651137727,14.581239292594866,14.710063052220221,957546.0,14085562.035401264
2021-11-15,14.774474932032899,14.99991651137727,14.653702657384128,14.838886811845576,655090.0,9720806.36157192
2021-11-16,14.782526417009487,14.927453146588011,14.629548202454377,14.6698056273373,601110.0,8818166.860648725
2021-11-17,14.613445232501208,14.734217507149976,14.476569987899266,14.581239292594866,664640.0,9691274.883430252
2021-11-18,14.565136322641697,14.589290777571453,14.27528286348465,14.331643258320742,799844.0,11463078.870308295
2021-11-19,14.331643258320742,14.685908597290467,14.251128408554894,14.613445232501205,786372.0,11491604.154372437
2021-11-22,14.51682741278219,14.693960082267056,14.41215810808659,14.589290777571453,738618.0,10775912.775548272
2021-11-23,14.581239292594866,14.7744749320329,14.235025438601726,14.396055138133418,1235978.0,17793207.437519867
2021-11-24,14.307488803390987,14.45241553296951,14.218922468648556,14.388003653156835,741311.0,10665985.376125347
2021-11-25,14.283334348461231,14.323591773344157,14.194768013718802,14.235025438601726,603533.0,8591307.608035615
2021-11-26,14.186716528742219,14.226973953625139,14.10620167897637,14.154510588835878,694500.0,9830307.603946518
2021-11-29,14.01763534423394,14.146459103859295,13.977377919351015,14.098150193999784,512595.0,7226641.298693319
2021-11-30,14.122304648929543,14.235025438601726,13.969326434374432,14.041789799163693,733616.0,10301281.665303271
2021-12-01,14.033738314187108,14.307488803390987,13.9854294043276,14.202819498695387,706925.0,10040328.174115237
2021-12-02,14.186716528742219,14.339694743297327,13.9854294043276,14.162562073812463,994798.0,14088888.42590449
2021-12-03,14.202819498695387,14.251128408554894,14.01763534423394,14.21087098367197,707600.0,10055612.308046287
2021-12-06,14.371900683203666,14.94355611654118,14.331643258320742,14.573187807618284,2145625.0,31268596.08972098
2021-12-07,14.734217507149976,15.03212245128361,14.613445232501208,14.863041266775332,1616444.0,24025273.877431385
2021-12-08,14.854989781798746,14.935504631564594,14.62149671747779,14.871092751751915,980281.0,14577849.673780119
2021-12-09,14.887195721705087,15.346130365370414,14.790577901986069,15.056276906213363,1455887.0,21920237.816156253
2021-12-10,14.903298691658252,15.056276906213363,14.710063052220221,14.798629386962652,989255.0,14639618.114199739
2021-12-13,14.871092751751915,15.201203635791886,14.63759968743096,14.710063052220221,1314490.0,19336230.781512957
2021-12-14,14.62149671747779,14.629548202454373,14.10620167897637,14.154510588835878,1937209.0,27420245.30328816
2021-12-15,14.098150193999787,14.21892246864856,14.009583859257356,14.130356133906124,1294627.0,18293540.570570484
2021-12-16,14.130356133906124,14.27528286348465,14.057892769116863,14.267231378508066,819480.0,11691710.77005979
2021-12-17,14.251128408554894,14.291385833437818,14.146459103859295,14.146459103859295,602370.0,8521402.570391724
2021-12-20,14.138407618882708,14.21087098367197,14.049841284140276,14.10620167897637,746435.0,10529362.650246726
2021-12-21,14.082047224046619,14.25917989353148,14.073995739070032,14.162562073812463,893734.0,12657563.252476707
2021-12-22,14.186716528742219,14.202819498695387,13.929069009491508,14.00153237428077,976928.0,13678489.019341363
2021-12-23,14.009583859257356,14.033738314187108,13.856605644702245,13.945171979444677,1059576.0,14775969.545292072
2021-12-24,13.953223464421264,13.969326434374432,13.856605644702245,13.937120494468093,488251.0,6804813.018544541
2021-12-27,13.953223464421264,13.969326434374432,13.816348219819321,13.864657129678829,731119.0,10136714.255993655
2021-12-28,13.864657129678829,13.95322346442126,13.759987824983229,13.824399704795905,1126639.0,15575107.859011553
2021-12-29,13.816348219819321,13.816348219819321,13.445979910896426,13.48623733577935,1469374.0,19816326.49902345
2021-12-30,13.494288820755934,13.647267035311042,13.462082880849595,13.542597730615443,796664.0,10788900.078463022
2021-12-31,13.574803670521781,13.607009610428118,13.204435361598884,13.26884724141156,1750761.0,23230580.265220944
2022-01-04,13.268847241411564,13.413773970990087,13.027302692114022,13.413773970990087,1169259.0,15684175.939545898
2022-01-05,13.349362091177412,13.864657129678832,13.325207636247656,13.808296734842738,1961998.0,27091850.577167984
2022-01-06,13.776090794936398,13.904914554561753,13.687524460193966,13.784142279912984,1107885.0,15271244.469781397
2022-01-07,13.768039309959812,13.912966039538336,13.735833370053474,13.84855415972566,1126631.0,15602210.42152588
2022-01-10,13.921017524514925,14.025686829210525,13.711678915123722,13.840502674749077,909774.0,12591729.480417166
2022-01-11,13.89686306958517,14.12230464892954,13.800245249866153,14.01763534423394,1581999.0,22175885.09694275
2022-01-12,14.01763534423394,14.049841284140276,13.607009610428118,13.687524460193966,1502164.0,20560906.49322281
2022-01-13,13.615061095404705,13.880760099632,13.542597730615443,13.671421490240798,909423.0,12433105.145919258
2022-01-14,13.687524460193966,13.703627430147137,13.12392051183304,13.148074966762794,2103095.0,27651650.722223997
2022-01-17,13.164177936715964,13.268847241411564,12.978993782254514,13.059508632020362,1143689.0,14936016.367846737
2022-01-18,13.083663086950116,13.317156151271071,13.011199722160853,13.3010531813179,1152974.0,15335768.490676826
2022-01-19,13.317156151271071,13.43792842591984,13.172229421692546,13.284950211364732,988392.0,13130738.50931121
2022-01-20,13.26079575643498,14.057892769116863,13.220538331552056,13.953223464421264,3031194.0,42294927.24601295
2022-01-21,14.049841284140276,14.138407618882711,13.856605644702245,13.969326434374432,1481683.0,20698113.499263212
2022-01-24,13.961274949397845,13.993480889304184,13.671421490240798,13.84855415972566,874771.0,12114313.570857376
2022-01-25,13.751936340006642,13.751936340006642,13.534546245638857,13.566752185545194,1093284.0,14832313.096421592
2022-01-26,13.647267035311042,13.768039309959812,13.317156151271071,13.405722486013502,984975.0,13204301.505661149
2022-01-27,13.284950211364732,13.317156151271071,13.083663086950116,13.12392051183304,1024643.0,13447333.285006141
2022-01-28,13.196383876622301,13.244692786481808,12.737449232956974,12.745500717933558,1675564.0,21355902.164943624
2022-02-07,12.898478932488667,13.212486846575471,12.793809627793067,13.196383876622301,1515476.0,19998803.05180806
2022-02-08,13.12392051183304,13.663370005264214,13.091714571926701,13.550649215592028,1754695.0,23777256.42535325
2022-02-09,13.62311258038129,13.687524460193966,13.454031395873011,13.574803670521781,1051162.0,14269317.775913017
2022-02-10,13.502340305732522,13.711678915123722,13.421825455966674,13.679472975217383,784557.0,10732326.279017624
2022-02-11,13.711678915123722,13.961274949397845,13.711678915123722,13.768039309959814,1078139.0,14843860.133600764
2022-02-14,13.768039309959814,13.808296734842738,13.29300169634132,13.349362091177412,1150659.0,15360563.63447211
2022-02-15,13.284950211364732,13.421825455966674,12.962890812301346,13.10781754187987,1208264.0,15837704.054421939
2022-02-16,13.164177936715964,13.309104666294488,13.051457147043777,13.212486846575471,782400.0,10337449.708760649
2022-02-17,13.196383876622301,13.325207636247656,13.140023481786208,13.220538331552056,794502.0,10503744.145494772
2022-02-18,13.140023481786208,13.502340305732519,13.131971996809622,13.502340305732519,802499.0,10835614.59301004
2022-02-21,13.413773970990087,13.421825455966674,13.140023481786208,13.29300169634132,800995.0,10647627.893760914
2022-02-22,13.131971996809622,13.236641301505225,13.011199722160853,13.067560116996946,894957.0,11694904.399627235
2022-02-23,13.12392051183304,13.131971996809622,12.914581902441837,13.035354177090605,886742.0,11558996.033701677
2022-02-24,12.987045267231098,13.00314823718427,12.721346263003804,12.809912597746235,1324087.0,16961438.74181202
2022-02-25,12.874324477558913,12.946787842348177,12.777706657839898,12.801861112769652,726397.0,9299233.506732536
2022-02-28,12.801861112769652,12.817964082722822,12.57641953342528,12.681088838120882,723990.0,9180981.507911138
2022-03-01,12.71329477802722,12.842118537652576,12.57641953342528,12.817964082722822,935040.0,11985309.135909148
2022-03-02,12.71329477802722,12.777706657839898,12.60862547333162,12.624728443284788,760761.0,9604401.035241779
2022-03-03,12.664985868167712,12.72939774798039,12.584471018401866,12.648882898214543,578285.0,7314659.2467939975
2022-03-04,12.57641953342528,12.584471018401866,12.302669044221402,12.342926469104325,990936.0,12231050.183588363
2022-03-07,12.214102709478968,12.214102709478968,11.803476975673151,11.851785885532658,1113159.0,13192922.124553649
2022-03-08,11.77127103576681,11.964506675204843,11.473366091633178,11.521675001492687,1003033.0,11556620.241772214
2022-03-09,11.594138366281948,11.634395791164872,10.644063139044956,11.143255207593207,1800760.0,20066328.24762554
2022-03-10,11.417005696797085,11.875940340462412,11.344542332007823,11.731013610883888,2249158.0,26384903.111028384
2022-03-11,11.594138366281948,12.06112449492386,11.392851241867332,11.996712615111182,1493647.0,17918853.807422973
2022-03-14,11.779322520743397,12.020867070040937,11.634395791164872,11.66660173107121,1118407.0,13048009.04224216
2022-03-15,11.594138366281948,11.594138366281948,10.950019568155174,11.014431447967851,1781409.0,19621207.31129296
2022-03-16,11.159358177546375,11.594138366281948,10.877556203365911,11.521675001492687,1531779.0,17648659.812111467
2022-03-17,11.803476975673151,11.843734400556075,11.465314606656593,11.634395791164872,1730061.0,20128214.41685849
2022-03-18,11.561932426375611,11.95645519022826,11.384799756890747,11.83568291557949,1528807.0,18094474.891118333
2022-03-21,11.674653216047796,11.932300735298506,11.586086881305365,11.747116580837057,1208868.0,14200713.32684333
2022-03-22,11.747116580837057,12.254360134361892,11.674653216047796,12.222154194455554,1628657.0,19905696.9838794
2022-03-23,12.165793799619461,12.230205679432139,11.996712615111182,12.07722746487703,1050102.0,12682320.715322299
2022-03-24,12.012815585064352,12.326823499151155,11.924249250321921,12.238257164408724,1002360.0,12267139.45131673
2022-03-25,12.1979997395258,12.278514589291646,11.932300735298506,12.06112449492386,742933.0,8960607.404387267
2022-03-28,11.916197765345336,12.117484889759954,11.779322520743397,11.95645519022826,727137.0,8693980.957657006
2022-03-29,11.980609645158012,12.036970039994106,11.755168065813642,11.81957994562632,615643.0,7276641.656465224
2022-03-30,11.964506675204843,12.294617559244816,11.883991825438997,12.246308649385307,1236792.0,15146136.567090552
2022-03-31,12.157742314642876,12.536162108542356,12.125536374736537,12.383183893987248,1163747.0,14410893.107075978
2022-04-01,12.375132409010664,12.71329477802722,12.238257164408724,12.681088838120882,1484879.0,18829882.512860097
2022-04-06,12.59252250337845,13.317156151271071,12.584471018401866,13.196383876622301,2488540.0,32839729.13232966
2022-04-07,13.188332391645716,13.413773970990087,13.043405662067192,13.107817541879868,1659065.0,21746721.310118925
2022-04-08,13.091714571926698,13.244692786481808,12.987045267231098,13.204435361598884,1066779.0,14086214.350611096
2022-04-11,13.164177936715964,13.204435361598888,12.721346263003804,12.922633387418422,1416735.0,18307947.012124237
2022-04-12,12.922633387418422,13.091714571926701,12.60862547333162,12.81796408272282,1039261.0,13321210.170574602
2022-04-13,12.793809627793067,12.946787842348177,12.656934383191127,12.721346263003804,890628.0,11329987.179526553
2022-04-14,12.882375962535498,13.083663086950116,12.81796408272282,12.914581902441837,929615.0,12005589.055238469
2022-04-15,12.801861112769652,13.309104666294488,12.769655172863313,13.220538331552056,1231761.0,16284543.515810892
2022-04-18,13.00314823718427,13.043405662067192,12.72939774798039,12.801861112769652,1086888.0,13914189.221135981
2022-04-19,12.801861112769652,12.858221507605744,12.57641953342528,12.72939774798039,821772.0,10460662.64615334
2022-04-20,12.72939774798039,12.922633387418422,12.640831413237958,12.76160368788673,716555.0,9144390.930573676
2022-04-21,12.697191808074052,12.86627299258233,12.640831413237958,12.72939774798039,709891.0,9036484.896711547
2022-04-22,12.59252250337845,13.035354177090609,12.399286863940418,12.930684872395005,921274.0,11912703.775130836
2022-04-25,12.616676958308204,12.809912597746237,11.900094795392167,11.95645519022826,1664481.0,19901292.491486326
2022-04-26,11.980609645158014,12.06112449492386,11.634395791164872,11.859837370509243,988210.0,11720009.88791094
2022-04-27,12.06112449492386,12.600573988355034,12.045021524970691,12.600573988355034,1490295.0,18778572.411975566
2022-04-28,12.536162108542356,12.826015567699406,12.375132409010664,12.600573988355034,911772.0,11488850.546510447
2022-04-29,12.632779928261375,12.673037353144297,12.053073009947276,12.33487498412774,1645013.0,20291029.702264927
2022-05-05,12.238257164408724,12.439544288823342,12.1979997395258,12.33487498412774,790196.0,9746968.872957803
2022-05-06,12.093330434830198,12.238257164408722,12.004764100087767,12.045021524970691,832432.0,10026661.358074402
2022-05-09,12.028918555017523,12.028918555017523,11.642447276141457,11.71491064093072,818621.0,9590071.863789346
2022-05-10,11.674653216047796,11.755168065813642,11.360645301960991,11.747116580837057,992285.0,11656487.576415898
2022-05-11,11.706859155954133,11.948403705251675,11.626344306188287,11.779322520743396,848574.0,9995626.828717306
2022-05-12,11.658550246094626,11.722962125907303,11.537777971445855,11.57803539632878,685064.0,7931695.240750579
2022-05-13,11.674653216047796,11.803476975673151,11.66660173107121,11.763219550790227,676312.0,7955606.54083404
2022-05-16,11.803476975673151,11.859837370509243,11.553880941399024,11.602189851258533,668228.0,7752908.119926787
2022-05-17,11.68270470102438,11.851785885532658,11.52972648646927,11.843734400556075,931406.0,11031325.283084331
2022-05-18,11.956455190228258,11.988661130134599,11.811528460649734,11.875940340462412,778578.0,9246345.878396545
2022-05-19,11.71491064093072,11.835682915579488,11.674653216047796,11.77127103576681,590922.0,6955903.022997395
2022-05-20,11.835682915579488,12.109433404783367,11.811528460649734,12.093330434830198,948598.0,11471709.063819056
2022-05-23,12.133587859713122,12.133587859713122,11.883991825438997,11.94035222027509,647726.0,7734076.582229903
2022-05-24,11.97255816018143,11.97255816018143,11.594138366281948,11.594138366281948,933557.0,10823789.030811077
2022-05-25,11.618292821211703,11.66660173107121,11.513623516516102,11.586086881305365,603228.0,6989052.017236073
2022-05-26,11.602189851258533,11.618292821211702,11.328439362054654,11.425057181773669,1011318.0,11554365.978956982
2022-05-27,11.505572031539517,11.553880941399024,11.360645301960991,11.417005696797085,723067.0,8255260.058165978
2022-05-30,11.481417576609765,11.497520546562933,11.3042849071249,11.336490847031238,896901.0,10167709.977193164
2022-05-31,11.328439362054654,11.417005696797085,11.272078967218562,11.400902726843915,938869.0,10703954.14224922
2022-06-01,11.384799756890747,11.384799756890747,11.272078967218562,11.336490847031238,845299.0,9582724.376504658
2022-06-02,11.288181937171732,11.296233422148315,11.175461147499545,11.231821542335638,979268.0,10998963.418119935
2022-06-06,11.199615602429299,11.4089542118205,10.982225508061513,11.4089542118205,1710852.0,19519032.131201528
2022-06-07,11.28818193717173,11.473366091633178,11.264027482241977,11.400902726843915,1315113.0,14993475.387807881
2022-06-08,11.400902726843915,11.4089542118205,11.280130452195145,11.400902726843915,1145521.0,13059973.492556969
2022-06-09,11.384799756890745,11.642447276141455,11.352593816984408,11.553880941399024,1632901.0,18866343.74309141
2022-06-10,11.481417576609765,11.537777971445855,11.376748271914163,11.52972648646927,1346012.0,15519150.207505476
2022-06-13,11.417005696797087,11.42505718177367,11.175461147499545,11.199615602429299,1547753.0,17334238.647506755
2022-06-14,11.038585902897605,11.376748271914163,11.038585902897605,11.368696786937578,1151429.0,13090247.172686748
2022-06-15,11.352593816984408,12.165793799619461,11.320387877078069,11.867888855485829,3413544.0,40511560.79531052
2022-06-16,11.867888855485829,11.94035222027509,11.610241336235118,11.626344306188287,1332546.0,15492638.599833976
2022-06-17,11.52972648646927,11.69880767097755,11.433108666750256,11.634395791164872,1053788.0,12260186.671980048
2022-06-20,11.626344306188287,11.626344306188287,11.481417576609763,11.54582945642244,1032167.0,11917224.15254718
2022-06-21,11.54582945642244,11.779322520743397,11.45726312168001,11.569983911352194,1321794.0,15293135.314121863
2022-06-22,11.56193242637561,11.56193242637561,11.336490847031238,11.336490847031238,1056046.0,11971855.81304395
2022-06-23,11.344542332007823,11.45726312168001,11.320387877078069,11.433108666750256,806028.0,9215405.712443376
2022-06-24,11.433108666750254,11.473366091633178,11.360645301960991,11.457263121680008,866041.0,9922459.611162875
2022-06-27,11.465314606656593,11.722962125907303,11.449211636703424,11.66660173107121,1497278.0,17468146.10669484
2022-06-28,11.650498761118042,11.811528460649734,11.602189851258533,11.779322520743397,1125110.0,13253033.561313603
2022-06-29,11.795425490696566,11.996712615111182,11.71491064093072,11.78737400571998,1266547.0,14929263.184822625
2022-06-30,11.779322520743397,12.0933304348302,11.71491064093072,12.06112449492386,1548745.0,18679606.255890854
2022-07-01,12.07722746487703,12.133587859713122,11.948403705251675,12.012815585064352,779243.0,9360902.454952301
2022-07-04,12.036970039994106,12.06112449492386,11.875940340462412,12.02891855501752,834968.0,10043762.06804587
2022-07-05,12.069175979900445,12.294617559244816,11.932300735298506,12.004764100087767,1115172.0,13387376.791023076
2022-07-06,11.94035222027509,12.020867070040937,11.642447276141457,11.69880767097755,1043335.0,12205775.501399362
2022-07-07,11.706859155954135,11.795425490696566,11.57803539632878,11.610241336235118,730161.0,8477345.42430677
2022-07-08,11.674653216047796,11.795425490696566,11.569983911352194,11.706859155954135,639698.0,7488854.388345548
2022-07-11,11.674653216047796,11.731013610883888,11.56193242637561,11.642447276141455,611692.0,7121591.859237519
2022-07-12,11.602189851258533,11.859837370509243,11.57803539632878,11.610241336235118,742882.0,8625039.304345017
2022-07-13,11.610241336235118,11.650498761118042,11.18351263247613,11.247924512288808,2175996.0,24475438.7470424
2022-07-14,11.030534417921022,11.038585902897605,10.700423533881048,10.764835413693726,2632121.0,28334349.353926945
2022-07-15,10.853401748436157,10.917813628248835,10.644063139044956,10.660166108998125,1598637.0,17041735.967990436
2022-07-18,10.66821759397471,10.821195808529819,10.636011654068371,10.780938383646895,1153506.0,12435877.111166995
2022-07-19,10.740680958763972,10.813144323553235,10.692372048904465,10.80509283857665,755597.0,8164295.733550001
2022-07-20,10.813144323553233,10.845350263459572,10.748732443740556,10.780938383646895,801459.0,8640480.096019257
2022-07-21,10.724577988810802,10.74068095876397,10.458878984583508,10.474981954536677,1970388.0,20639778.743435614
2022-07-22,10.524151278286723,10.597918693788731,10.34383092928181,10.499562139786052,1376510.0,14452752.281036898
2022-07-25,10.491365760285829,10.532347657786945,10.384812826782925,10.507758519286275,763956.0,8027465.167359865
2022-07-26,10.450383862784712,10.581525934788285,10.41759834478382,10.581525934788285,1024049.0,10836001.051994009
2022-07-27,10.532347657786945,10.556936796287616,10.433991103784265,10.483169380785606,923914.0,9685546.955279153
2022-07-28,10.499562139786052,10.581525934788285,10.474973001285383,10.556936796287616,750347.0,7921365.854284024
2022-07-29,10.556936796287616,10.573329555288062,10.368420067782479,10.393009206283148,831497.0,8641755.975996818
2022-08-01,10.376616447282702,10.376616447282702,10.163510580276895,10.179903339277342,1025733.0,10441862.791906966
2022-08-02,10.015975749272876,10.114332303275557,9.786477123266623,10.04876126727377,1373009.0,13797039.658818292
2022-08-03,9.991386610772206,10.056957646773993,9.843851779768187,9.860244538768633,746137.0,7357093.279423212
2022-08-04,9.917619195270197,9.97499385177176,9.85204815926841,9.966797472271537,602676.0,6006749.633398721
2022-08-05,9.942208333770868,10.106135923775332,9.819262641267517,10.089743164774886,765298.0,7721660.264515891
2022-08-08,10.040564887773547,10.130725062276003,9.966797472271537,9.99958299027243,552000.0,5519769.810630381
2022-08-09,10.007779369772654,10.015975749272878,9.90122643626975,9.934011954270643,558448.0,5547629.107838532
2022-08-10,9.934011954270643,10.032368508273324,9.85204815926841,9.884833677269302,683023.0,6751568.752749511
2022-08-11,9.90122643626975,10.155314200776672,9.868440918268858,10.12252868277578,1399304.0,14164494.87592288
2022-08-12,10.04876126727377,10.17170695977712,9.999582990272431,10.14711782127645,820504.0,8325750.760828611
2022-08-15,10.07335040577444,10.130725062276003,9.909422815769974,9.92581557477042,1172010.0,11633155.11178668
2022-08-16,9.92581557477042,9.99958299027243,9.917619195270197,9.942208333770866,631224.0,6275760.513276181
2022-08-17,9.958601092771314,10.179903339277342,9.893030056769527,10.163510580276895,1348507.0,13705565.162077455
2022-08-18,10.229081616278682,10.278259893280023,9.966797472271537,10.040564887773547,1269701.0,12748515.278570961
2022-08-19,10.056957646773993,10.450383862784712,10.0241721287731,10.302849031780692,2106417.0,21702096.34897639
2022-08-22,10.311045411280915,10.393009206283148,10.171706959777119,10.245474375279128,1138077.0,11660138.740594545
2022-08-23,10.204492477778013,10.237277995778907,10.065154026274216,10.114332303275557,921463.0,9319982.987173205
2022-08-24,10.106135923775332,10.278259893280023,10.106135923775332,10.163510580276895,1295375.0,13165557.517926183
2022-08-25,10.163510580276895,10.376616447282702,10.081546785274663,10.34383092928181,1064011.0,11005949.890896067
2022-08-26,10.39300920628315,10.450383862784712,10.212688857278236,10.335634549781586,927634.0,9587686.019952092
2022-08-29,10.245474375279128,10.294652652280469,10.089743164774886,10.179903339277342,924491.0,9411229.018031849
2022-08-30,10.188099718777567,10.278259893280023,10.065154026274216,10.229081616278682,799712.0,8180319.3175174575
2022-08-31,10.14711782127645,10.474973001285381,10.130725062276003,10.450383862784712,1653042.0,17274923.441305365
2022-09-01,10.368420067782479,10.483169380785606,10.311045411280915,10.335634549781584,861982.0,8909130.94048983
2022-09-02,10.343830929281808,10.401205585783371,10.188099718777565,10.253670754779352,786363.0,8063107.295740555
2022-09-05,10.212688857278236,10.327438170281363,10.138921441776226,10.302849031780692,632040.0,6511812.702046668
2022-09-06,10.311045411280915,10.376616447282702,10.188099718777565,10.245474375279128,731295.0,7492464.18326975
2022-09-07,10.179903339277343,10.179903339277343,10.065154026274216,10.106135923775334,979813.0,9902123.35788208
2022-09-08,10.097939544275109,10.19629609827779,10.081546785274663,10.130725062276003,621117.0,6292365.558505684
2022-09-09,10.163510580276895,10.442187483284489,10.130725062276003,10.42579472428404,1951297.0,20343821.968111277
2022-09-13,10.556936796287616,10.671686109290741,10.376616447282702,10.614311452789178,1722690.0,18285168.196605388
2022-09-14,10.450383862784713,10.548740416787393,10.409401965283596,10.433991103784265,858036.0,8952739.990726637
2022-09-15,10.491365760285827,10.737257145292526,10.466776621785158,10.655293350290293,1841018.0,19616586.853164736
2022-09-16,10.589722314288508,10.614311452789178,10.294652652280469,10.294652652280469,1357448.0,13974455.653532818
2022-09-19,10.278259893280023,10.384812826782925,10.229081616278682,10.302849031780692,632121.0,6512647.232818243
2022-09-20,10.335634549781584,10.352027308782032,10.097939544275109,10.114332303275557,889989.0,9001644.49225991
2022-09-21,10.089743164774886,10.229081616278682,9.999582990272431,10.188099718777567,684197.0,6970667.263288455
2022-09-22,10.106135923775332,10.130725062276003,10.040564887773547,10.07335040577444,586133.0,5904323.093387789
2022-09-23,10.032368508273324,10.188099718777565,10.0241721287731,10.07335040577444,586441.0,5907425.685312768
2022-09-26,9.966797472271537,10.065154026274216,9.82745902076774,9.835655400267964,903729.0,8888767.019228766
2022-09-27,9.835655400267964,9.966797472271537,9.679924189763721,9.958601092771314,789622.0,7863530.512076271
2022-09-28,9.909422815769974,10.040564887773547,9.770084364266177,9.92581557477042,780926.0,7751327.453543165
2022-09-29,10.040564887773547,10.065154026274216,9.688120569263944,9.720906087264837,917718.0,8921050.492592512
2022-09-30,9.72910246676506,9.802869882267071,9.696316948764167,9.70451332826439,537230.0,5213555.695343479
2022-10-10,9.589764015261265,9.647138671762828,9.393050907255907,9.40124728675613,966080.0,9082356.978789361
2022-10-11,9.458621943257693,9.491407461258586,9.35206900975479,9.409443666256353,415253.0,3907299.7107439493
2022-10-12,9.384854527755682,9.524192979259478,9.302890732753449,9.507800220259032,559572.0,5320298.784850787
2022-10-13,9.434032804757022,9.458621943257693,9.270105214752556,9.294694353253226,852616.0,7924805.120693352
2022-10-14,9.384854527755683,9.532389358759701,9.343872630254566,9.45042556375747,1096062.0,10358252.34426314
2022-10-17,9.360265389255012,9.442229184257245,9.294694353253226,9.409443666256353,1024823.0,9643014.286383834
2022-10-18,9.466818322757916,9.540585738259924,9.393050907255907,9.409443666256353,946837.0,8909209.412627166
2022-10-19,9.360265389255012,9.417640045756576,9.245516076251885,9.253712455752108,923990.0,8550337.77199039
2022-10-20,9.20453417875077,9.270105214752556,9.147159522249206,9.179945040250098,781923.0,7178010.165707477
2022-10-21,9.188141419750323,9.220926937751216,9.073392106747196,9.089784865747642,785574.0,7140698.656124839
2022-10-24,9.089784865747642,9.097981245247865,8.696358649736924,8.704555029237147,1383391.0,12041803.086451406
2022-10-25,8.770126065238934,8.860286239741392,8.6881622702367,8.729144167737818,1316979.0,11496099.556883184
2022-10-26,8.720947788237593,8.794715203739603,8.696358649736924,8.737340547238041,1143830.0,9994032.238147289
2022-10-27,8.770126065238934,8.827500721740497,8.737340547238041,8.753733306238487,957383.0,8380675.453926522
2022-10-28,8.712751408737372,8.770126065238934,8.532431059732458,8.540627439232681,1057947.0,9035531.177453898
2022-10-31,8.466860023730671,8.565216577733352,8.376699849228217,8.475056403230896,983096.0,8331794.049790681
2022-11-01,8.507841921231789,8.753733306238487,8.491449162231342,8.745536926738264,1381234.0,12079632.9514664
2022-11-02,8.696358649736926,8.753733306238487,8.589805716234022,8.712751408737372,1302988.0,11352610.53256789
2022-11-03,8.638983993235362,8.663573131736031,8.507841921231789,8.557020198233129,983536.0,8416137.417689418
2022-11-04,8.524234680232235,8.893071757742286,8.516038300732012,8.868482619241615,1776112.0,15751418.401826462
2022-11-07,8.860286239741392,8.942250034743624,8.794715203739605,8.917660896242955,988082.0,8811380.213681532
2022-11-08,8.925857275743176,8.950446414243848,8.83569710124072,8.893071757742284,583222.0,5186635.09669397
2022-11-09,8.88487537824206,9.08158848624742,8.868482619241615,8.925857275743178,832107.0,7427268.320146829
2022-11-10,8.843893480740944,8.934053655243401,8.76192968573871,8.90946451674273,552021.0,4918211.511996838
2022-11-11,9.122570383748535,9.55697849726037,9.024213829745857,9.368461768755235,2545071.0,23843400.362267654
2022-11-14,9.589764015261265,10.065154026274216,9.589764015261265,9.794673502766848,3872084.0,37925798.555287465
2022-11-15,9.720906087264837,9.983190231271983,9.696316948764167,9.843851779768187,1573901.0,15493248.160028929
2022-11-16,9.811066261767294,9.876637297769081,9.663531430763275,9.688120569263944,1278693.0,12388131.95507382
2022-11-17,9.679924189763721,9.70451332826439,9.491407461258586,9.581567635761042,1091047.0,10453940.624294177
2022-11-18,9.622549533262157,9.655335051263052,9.483211081758363,9.499603840758809,868093.0,8246539.596935837
2022-11-21,9.409443666256353,9.425836425256799,9.196337799250546,9.393050907255907,1047737.0,9841446.978415582
2022-11-22,9.393050907255905,9.7782807437664,9.376658148255459,9.688120569263944,1491324.0,14448126.719836982
2022-11-23,9.655335051263052,9.876637297769081,9.606156774261711,9.688120569263944,1247657.0,12087451.445086144
2022-11-24,9.770084364266177,9.82745902076774,9.581567635761042,9.647138671762827,796719.0,7686058.675428208
2022-11-25,9.663531430763273,10.0241721287731,9.647138671762827,9.97499385177176,1760728.0,17563250.97464239
2022-11-28,9.75369160526573,9.770084364266177,9.581567635761042,9.67992418976372,1331563.0,12889428.893894346
2022-11-29,9.966797472271537,10.64709697079007,9.942208333770868,10.64709697079007,4749277.0,50566012.76014295
2022-11-30,10.573329555288062,10.933970253297886,10.507758519286275,10.679882488790964,3209628.0,34278449.87273317
2022-12-01,10.96675577129878,11.196254397305031,10.712668006791857,10.737257145292526,2002689.0,21503386.775048744
2022-12-02,10.770042663293419,10.778239042793643,10.401205585783371,10.573329555288062,1404203.0,14847101.081524162
2022-12-05,10.729060765792303,11.122486981803023,10.663489729790518,11.089701463802129,2287627.0,25369100.490533274
2022-12-06,10.933970253297886,11.196254397305031,10.860202837795876,11.007737668799896,1252579.0,13788061.041447705
2022-12-07,10.925773873797665,10.958559391798557,10.679882488790964,10.778239042793643,1377377.0,14845698.55804598
2022-12-08,10.778239042793643,11.081505084301908,10.753649904292974,10.950363012298334,1065723.0,11670053.720555618
2022-12-09,10.983148530299227,11.270021812807041,10.94216663279811,11.229039915305925,1615832.0,18144242.024428606
2022-12-12,11.130683361303246,11.130683361303246,10.704471627291634,10.745453524792751,1392584.0,14963946.651369989
2022-12-13,10.778239042793643,10.950363012298334,10.77004266329342,10.852006458295653,902285.0,9791602.647223294
2022-12-14,10.84381007879543,10.983148530299227,10.72086438629208,10.84381007879543,974061.0,10562532.489161555
2022-12-15,10.770042663293419,10.884791976296546,10.606115073288954,10.737257145292526,835349.0,8969357.019062966
2022-12-16,10.671686109290741,10.983148530299227,10.671686109290741,10.933970253297886,924252.0,10105743.874551078
2022-12-19,10.925773873797665,11.04052318680079,10.614311452789178,10.688078868291187,1030866.0,11017977.110639863
2022-12-20,10.630704211789624,10.72086438629208,10.384812826782925,10.458580242284935,896212.0,9373105.116098667
2022-12-21,10.532347657786945,10.64709697079007,10.442187483284489,10.565133175787839,614590.0,6493225.198507448
2022-12-22,10.655293350290293,10.778239042793643,10.573329555288062,10.614311452789178,672394.0,7136999.334986726
2022-12-23,10.532347657786946,10.704471627291634,10.491365760285829,10.638900591289847,564426.0,6004872.105139364
2022-12-26,10.64709697079007,10.688078868291187,10.41759834478382,10.46677662178516,797120.0,8343276.980757386
2022-12-27,10.548740416787393,10.835613699295207,10.548740416787393,10.745453524792751,886004.0,9520514.804780476
2022-12-28,10.786435422293867,10.96675577129878,10.655293350290293,10.77004266329342,791192.0,8521171.594856448
2022-12-29,10.712668006791857,10.761846283793195,10.532347657786945,10.679882488790964,666890.0,7122306.832949806
2022-12-30,10.688078868291187,10.884791976296547,10.6225078322894,10.786435422293867,818036.0,8823692.487111585
2023-01-03,10.81922094029476,11.351985607809276,10.69627524779141,11.286414571807489,2194128.0,24763838.231610823
2023-01-04,11.237236294806149,11.819179239322004,11.171665258804362,11.73721544431977,2189683.0,25700781.125764444
2023-01-05,11.802786480321556,12.08146338332915,11.778197341820887,11.868357516323343,1665425.0,19765859.316622805
2023-01-06,11.884750275323789,12.065070624328703,11.868357516323343,11.98310682932647,1195745.0,14328740.07563298
2023-01-09,12.089659762829372,12.196212696332275,11.901143034324235,12.130641660330488,1057659.0,12830082.327823484
2023-01-10,12.097856142329595,12.2044090758325,11.794590100821333,11.83557199832245,1269423.0,15024347.31282648
2023-01-11,11.843768377822673,12.114248901330043,11.794590100821333,12.024088726827586,830566.0,9986799.27748628
2023-01-12,12.10605252182982,12.10605252182982,11.90933941382446,12.024088726827587,625695.0,7523412.195932387
2023-01-13,12.024088726827586,12.253587352833838,11.925732172824906,12.253587352833838,949086.0,11629708.206351656
2023-01-16,12.253587352833838,12.524067876341206,12.171623557831605,12.36014028633674,1560040.0,19282313.252296768
2023-01-17,12.401122183837856,12.442104081338973,12.106052521829819,12.269980111834284,935835.0,11482676.837958438
2023-01-18,12.253587352833838,12.442104081338973,12.220801834832946,12.38472942483741,718434.0,8897610.69960364
2023-01-19,12.401122183837858,12.499478737840539,12.188016316832053,12.368336665836965,641875.0,7938926.097384102
2023-01-20,12.425711322338527,12.491282358340314,12.294569250334956,12.401122183837858,608590.0,7547198.949861882
2023-01-30,12.786352020348353,12.901101333351479,12.2044090758325,12.417514942838304,1374318.0,17065614.30121165
2023-01-31,12.491282358340314,12.712584604846345,12.261783732334061,12.28637287083473,1030498.0,12661082.670649448
2023-02-01,12.319158388835625,12.36014028633674,11.892946654824012,12.048677865328255,1653421.0,19921537.004768908
2023-02-02,12.08146338332915,12.114248901330042,11.696233546818654,11.966714070326022,1577900.0,18882278.13156743
2023-02-03,11.843768377822672,11.925732172824906,11.606073372316198,11.73721544431977,1246383.0,14629065.797137607
2023-02-06,11.556895095314857,11.581484233815527,11.360181987309497,11.474931300312624,1317610.0,15119484.230604917
2023-02-07,11.524109577313965,11.73721544431977,11.499520438813295,11.647055269817315,869460.0,10126648.674895363
2023-02-08,11.671644408317984,11.73721544431977,11.499520438813295,11.507716818313519,657893.0,7570846.340750735
2023-02-09,11.48312767981285,11.720822685319323,11.442145782311732,11.581484233815528,830350.0,9616685.433548724
2023-02-10,11.556895095314857,11.573287854315303,11.360181987309497,11.458538541312176,847284.0,9708636.369437145
2023-02-13,11.425753023311284,11.425753023311284,11.147076120303693,11.327396469308605,1800054.0,20389925.32416483
2023-02-14,11.351985607809276,11.458538541312178,11.311003710308158,11.442145782311732,909937.0,10411631.80671939
2023-02-15,11.433949402811509,11.442145782311732,11.163468879304139,11.204450776805256,1250244.0,14008297.356996112
2023-02-16,11.21264715630548,11.401163884810614,11.06511232530146,11.147076120303693,1279123.0,14258481.44823122
2023-02-17,11.171665258804362,11.245432674306372,11.007737668799896,11.007737668799896,918364.0,10109109.996469747
2023-02-20,11.06511232530146,11.597876992815975,11.056915945801236,11.597876992815975,2116191.0,24543322.91130423
2023-02-21,11.524109577313965,11.63885889031709,11.409360264310838,11.556895095314857,990495.0,11447046.80743389
2023-02-22,11.474931300312624,11.573287854315303,11.425753023311284,11.49132405931307,638922.0,7342059.750624426
2023-02-23,11.474931300312624,11.73721544431977,11.458538541312178,11.515913197813742,824491.0,9494766.78837865
2023-02-24,11.491324059313072,11.499520438813295,11.311003710308158,11.360181987309499,729989.0,8292807.888734073
2023-02-27,11.270021812807041,11.376574746309943,11.21264715630548,11.220843535805702,621462.0,6973327.865448884
2023-02-28,11.270021812807041,11.351985607809274,11.155272499803916,11.29461095130771,607936.0,6866400.603294204
2023-03-01,11.311003710308158,11.630662510816867,11.261825433306818,11.61426975181642,1223452.0,14209501.556399304
2023-03-02,11.581484233815528,11.83557199832245,11.524109577313965,11.671644408317984,1015877.0,11856955.10658885
2023-03-03,11.76180458282044,11.778197341820887,11.589680613315752,11.7126263058191,690954.0,8092885.99651093
2023-03-06,11.720822685319323,11.720822685319323,11.245432674306372,11.351985607809276,1455824.0,16526493.09550333
2023-03-07,11.351985607809274,11.556895095314857,11.188058017804808,11.220843535805702,1279266.0,14354443.626676017
2023-03-08,11.171665258804362,11.179861638304585,10.983148530299227,11.08970146380213,1096898.0,12164271.35624163
2023-03-09,11.097897843302354,11.130683361303246,10.761846283793197,10.81922094029476,1736065.0,18782870.801712822
2023-03-10,10.655293350290293,10.876595596796323,10.655293350290293,10.77004266329342,856996.0,9229883.482271807
2023-03-13,10.753649904292972,10.892988355796769,10.655293350290293,10.69627524779141,1000635.0,10703067.382573757
2023-03-14,10.64709697079007,10.655293350290293,10.433991103784265,10.548740416787393,1149076.0,12121304.44316039
2023-03-15,10.69627524779141,10.802828181294313,10.606115073288954,10.69627524779141,979364.0,10475546.911777986
2023-03-16,10.565133175787839,10.679882488790964,10.491365760285829,10.507758519286275,916792.0,9633428.948413502
2023-03-17,10.64709697079007,10.688078868291187,10.368420067782479,10.450383862784712,1556814.0,16269303.902957318
2023-03-20,10.458580242284937,10.532347657786946,10.286456272780246,10.302849031780692,1188816.0,12248191.774565395
2023-03-21,10.368420067782479,10.474973001285381,10.245474375279128,10.409401965283594,840743.0,8751631.836498424
2023-03-22,10.450383862784712,10.556936796287616,10.41759834478382,10.483169380785606,876691.0,9190500.247610314
2023-03-23,10.409401965283596,10.573329555288062,10.352027308782032,10.573329555288062,804306.0,8504192.40129552
2023-03-24,10.532347657786945,10.540544037287168,10.458580242284935,10.507758519286275,621519.0,6530771.567148287
2023-03-27,10.491365760285829,10.499562139786052,10.212688857278236,10.327438170281363,1008422.0,10414415.854551474
2023-03-28,10.376616447282702,10.433991103784265,10.286456272780246,10.360223688282256,673868.0,6981423.216375387
2023-03-29,10.433991103784265,10.442187483284489,10.245474375279128,10.270063513779798,596064.0,6121615.1382776415
2023-03-30,10.286456272780246,10.41759834478382,10.171706959777119,10.393009206283148,824546.0,8569514.169003945
2023-03-31,10.401205585783371,10.466776621785158,10.253670754779352,10.270063513779798,865492.0,8888657.810668305
2023-04-03,10.286456272780246,10.401205585783373,10.212688857278236,10.384812826782927,740429.0,7689216.576522056
2023-04-04,10.360223688282256,10.425794724284042,10.319241790781138,10.368420067782479,647457.0,6713106.15182624
2023-04-06,10.327438170281361,10.335634549781584,10.245474375279128,10.311045411280915,563321.0,5808428.412128177
2023-04-07,10.302849031780692,10.401205585783371,10.245474375279128,10.343830929281808,607925.0,6288273.417683643
2023-04-10,10.360223688282256,10.409401965283594,10.311045411280915,10.393009206283148,640182.0,6653417.4196967585
2023-04-11,10.409401965283594,10.42579472428404,10.261867134279575,10.27825989328002,777780.0,7994224.979795335
2023-04-12,10.311045411280917,10.31924179078114,10.204492477778013,10.229081616278682,909957.0,9308024.420304101
2023-04-13,10.171706959777119,10.384812826782925,10.081546785274663,10.294652652280469,1131591.0,11649336.289446708
2023-04-14,10.327438170281361,10.573329555288062,10.311045411280915,10.401205585783371,1297995.0,13500712.844318887
2023-04-17,10.376616447282702,10.606115073288954,10.327438170281361,10.597918693788731,1304213.0,13821943.333382282
2023-04-18,10.597918693788731,10.81922094029476,10.565133175787839,10.655293350290293,1538936.0,16397814.527322343
2023-04-19,10.671686109290741,10.712668006791857,10.515954898786498,10.532347657786945,1014378.0,10683781.752410606
2023-04-20,10.573329555288062,10.573329555288062,10.34383092928181,10.450383862784713,811788.0,8483496.215202278
2023-04-21,10.409401965283596,10.515954898786498,10.229081616278682,10.245474375279128,918668.0,9412189.453388926
2023-04-24,10.229081616278682,10.24547437527913,9.860244538768635,9.917619195270198,1467672.0,14555811.999560602
2023-04-25,9.95040471327109,10.138921441776226,9.934011954270645,10.065154026274216,1301901.0,13103834.091960428
2023-04-26,10.040564887773547,10.040564887773547,9.82745902076774,9.934011954270645,991260.0,9847188.68979032
2023-04-27,9.884833677269304,10.12252868277578,9.835655400267964,10.04876126727377,1004093.0,10089890.847140722
2023-04-28,10.04876126727377,10.474973001285383,10.015975749272878,10.286456272780246,1445254.0,14866542.074060742
2023-05-04,10.163510580276895,10.515954898786498,9.991386610772206,10.433991103784265,1478264.0,15424193.425044544
2023-05-05,10.474973001285381,10.74545352479275,10.450383862784712,10.581525934788285,1762189.0,18646648.605498634
2023-05-08,10.606115073288954,11.056915945801236,10.524151278286721,10.91757749429744,2630719.0,28721078.548220668
2023-05-09,10.983148530299227,11.147076120303693,10.761846283793197,10.786435422293867,2422534.0,26130506.54931125
2023-05-10,10.79463180179409,10.868399217296101,10.491365760285829,10.524151278286721,1237053.0,13018932.911258424
2023-05-11,10.614311452789178,10.753649904292974,10.491365760285829,10.532347657786946,903758.0,9518693.454506215
2023-05-12,10.507758519286275,10.54874041678739,10.335634549781584,10.343830929281808,885604.0,9160538.046295686
2023-05-15,10.39300920628315,10.532347657786946,10.204492477778013,10.5159548987865,928326.0,9762234.347370876
2023-05-16,10.491365760285829,10.589722314288508,10.302849031780692,10.34383092928181,998302.0,10326267.104363889
2023-05-17,10.311045411280915,10.360223688282254,10.196296098277788,10.237277995778905,754621.0,7725264.958452674
2023-05-18,10.302849031780692,10.360223688282256,10.188099718777565,10.237277995778905,687187.0,7034924.354085319
2023-05-19,10.188099718777565,10.196296098277788,10.097939544275109,10.114332303275557,688414.0,6962847.958227139
2023-05-22,10.089743164774886,10.204492477778013,10.089743164774886,10.14711782127645,549328.0,5574095.938526149
2023-05-23,10.14711782127645,10.171706959777119,10.007779369772654,10.007779369772654,694364.0,6949041.71431282
2023-05-24,9.99958299027243,10.007779369772653,9.843851779768187,9.843851779768187,824251.0,8113804.673325708
2023-05-25,9.82745902076774,9.835655400267964,9.679924189763721,9.7782807437664,882744.0,8631718.656875327
2023-05-26,9.7782807437664,9.942208333770866,9.70451332826439,9.917619195270197,511429.0,5072158.067417841
2023-05-29,9.925815574770422,9.942208333770868,9.794673502766848,9.819262641267517,566074.0,5558429.280392868
2023-05-30,9.819262641267517,9.82745902076774,9.671727810263498,9.729102466765061,763997.0,7433005.097301107
2023-05-31,9.688120569263944,9.70451332826439,9.491407461258586,9.507800220259032,1179587.0,11215277.53841469
2023-06-01,9.507800220259032,9.573371256260819,9.425836425256799,9.499603840758809,743023.0,7058424.144572132
2023-06-02,9.573371256260819,9.811066261767294,9.540585738259924,9.7782807437664,1221843.0,11947523.87880577
2023-06-05,9.737298846265285,9.835655400267964,9.688120569263944,9.761887984765954,521846.0,5094202.197298174
2023-06-06,9.761887984765954,9.909422815769974,9.688120569263944,9.70451332826439,833273.0,8086508.934582854
2023-06-07,9.745495225765508,9.893030056769527,9.737298846265285,9.786477123266625,643698.0,6299535.75129248
2023-06-08,9.80286988226707,9.99958299027243,9.720906087264837,9.934011954270643,869397.0,8636600.191007035
2023-06-09,9.884833677269304,9.909422815769974,9.712709707764613,9.737298846265283,1315285.0,12807323.113010032
2023-06-12,9.688120569263944,9.75369160526573,9.638942292262604,9.663531430763273,758747.0,7332175.482497341
2023-06-13,9.638942292262604,9.70451332826439,9.581567635761042,9.647138671762827,849988.0,8199952.1053343415
2023-06-14,9.697515218465204,9.84864532576596,9.621950164814827,9.630346281887089,1069200.0,10296766.244593676
2023-06-15,9.647138516031617,9.764684155043318,9.563177345308976,9.74789192089879,925301.0,9019734.14229957
2023-06-16,9.747891920898788,9.798268623332374,9.714307452609733,9.764684155043318,842034.0,8222196.0578077445
2023-06-19,9.764684155043318,9.764684155043318,9.579969579453504,9.61355404774256,953997.0,9171301.72088426
2023-06-20,9.605157930670297,9.621950164814825,9.529592877019919,9.537988994092181,544551.0,5193921.444721892
2023-06-21,9.537988994092181,9.638742398959353,9.521196759947655,9.529592877019919,616583.0,5875784.9648915725
2023-06-26,9.487612291658598,9.487612291658598,9.361670535574634,9.386858886791426,676577.0,6350932.825048683
2023-06-27,9.403651120935955,9.504404525803126,9.378462769719162,9.470820057514068,461702.0,4372696.56219436
2023-06-28,9.47082005751407,9.51280064287539,9.420443355080483,9.487612291658598,365396.0,3466735.5809228853
2023-06-29,9.479216174586332,9.479216174586332,9.378462769719162,9.386858886791426,485906.0,4561131.0542452745
2023-06-30,9.386858886791426,9.496008408730862,9.361670535574634,9.428839472152747,519053.0,4894067.4145393
2023-07-03,9.437235589225011,9.680722984320676,9.428839472152747,9.647138516031617,885091.0,8538595.47629294
2023-07-04,9.621950164814827,9.647138516031617,9.504404525803126,9.57157346238124,616301.0,5898970.296439021
2023-07-05,9.537988994092183,9.57157346238124,9.487612291658598,9.521196759947655,423482.0,4032055.4462961527
2023-07-06,9.487612291658598,9.521196759947655,9.41204723800822,9.437235589225011,597096.0,5634935.621383897
2023-07-07,9.403651120935955,9.462423940441804,9.386858886791426,9.403651120935955,484441.0,4555514.152677335
2023-07-10,9.445631706297275,9.470820057514068,9.378462769719162,9.403651120935955,495882.0,4663101.325151963
2023-07-11,9.420443355080483,9.45402782336954,9.39525500386369,9.412047238008219,570809.0,5372481.271880234
2023-07-12,9.428839472152747,9.537988994092183,9.420443355080483,9.437235589225011,736084.0,6946598.121459103
2023-07-13,9.504404525803126,9.630346281887089,9.462423940441804,9.596761813598032,1124230.0,10788967.533701316
2023-07-14,9.596761813598032,9.697515218465204,9.57157346238124,9.621950164814827,719147.0,6919596.595176089
2023-07-17,9.579969579453504,9.579969579453504,9.45402782336954,9.496008408730862,608343.0,5776830.243392559
2023-07-18,9.479216174586334,9.504404525803126,9.420443355080483,9.445631706297275,471966.0,4458017.0138943
2023-07-19,9.428839472152747,9.504404525803126,9.428839472152747,9.496008408730862,382196.0,3629336.4297833005
2023-07-20,9.51280064287539,9.605157930670298,9.479216174586334,9.504404525803126,554070.0,5266105.415611738
2023-07-21,9.49600840873086,9.563177345308974,9.470820057514068,9.521196759947655,377103.0,3590471.8617665404
2023-07-24,9.51280064287539,9.51280064287539,9.437235589225011,9.45402782336954,426852.0,4035470.6844609347
2023-07-25,9.61355404774256,9.84864532576596,9.605157930670297,9.840249208693695,2032958.0,20004813.350807518
2023-07-26,9.781476389187846,9.857041442838224,9.705911335537468,9.798268623332374,751663.0,7364995.988219882
2023-07-27,9.806664740404639,9.96619096477766,9.781476389187846,9.865437559910488,1115196.0,11001896.505061936
2023-07-28,9.815060857476903,10.327223998885023,9.798268623332374,10.293639530595964,2347013.0,24159305.795622624
2023-07-31,10.327223998885023,10.495146340330306,10.268451179379172,10.344016233029551,1854952.0,19187653.59949063
2023-08-01,10.293639530595966,10.385996818390872,10.18449000865653,10.209678359873323,957735.0,9778166.303993277
2023-08-02,10.12571718915068,10.276847296451436,10.016567667211245,10.100528837933886,1115900.0,11271180.130250424
2023-08-03,10.06694436964483,10.385996818390872,10.033359901355775,10.352412350101815,1175848.0,12172863.35704252
2023-08-04,10.427977403752195,10.5203346915471,10.251658945234643,10.327223998885023,1303131.0,13457725.736891039
2023-08-07,10.251658945234643,10.285243413523702,10.176093891584266,10.209678359873323,646913.0,6604773.65682073
2023-08-08,10.176093891584264,10.251658945234643,10.075340486717094,10.159301657439736,725705.0,7372656.009312304
2023-08-09,10.12571718915068,10.243262828162381,10.117321072078417,10.218074476945587,577608.0,5902041.562479586
2023-08-10,10.201282242801058,10.251658945234643,10.12571718915068,10.209678359873323,475595.0,4855671.979563952
2023-08-11,10.218074476945587,10.30203564766823,9.982983198922188,9.982983198922188,943539.0,9419333.984527843
2023-08-14,9.873833676982752,9.89062591112728,9.731099686754261,9.798268623332374,975920.0,9562326.31488253
2023-08-15,9.815060857476903,9.907418145271809,9.739495803826525,9.84864532576596,712813.0,7020242.420595211
2023-08-16,9.798268623332374,9.94939873063313,9.747891920898788,9.84864532576596,572904.0,5642328.301712621
2023-08-17,9.798268623332376,9.823456974549169,9.621950164814827,9.714307452609733,965058.0,9374870.121600643
2023-08-18,9.722703569681997,9.857041442838224,9.680722984320674,9.705911335537467,659819.0,6404144.711502995
2023-08-21,9.705911335537468,9.722703569681997,9.504404525803126,9.504404525803126,701498.0,6667320.766041841
2023-08-22,9.554781228236711,9.613554047742563,9.496008408730862,9.546385111164447,606808.0,5792822.856535476
2023-08-23,9.529592877019919,9.588365696525768,9.437235589225011,9.445631706297275,691810.0,6534582.470733518
2023-08-24,9.479216174586334,9.504404525803126,9.277709364851992,9.344878301430105,1291271.0,12066770.349165954
2023-08-25,9.319689950213313,9.51280064287539,9.302897716068784,9.428839472152747,845350.0,7970669.447784325
2023-08-28,9.941002613560867,10.016567667211245,9.647138516031617,9.67232686724841,1997610.0,19321536.873284098
2023-08-29,9.630346281887089,9.647138516031617,9.344878301430105,9.496008408730862,1964961.0,18659286.178828202
2023-08-30,9.462423940441806,9.462423940441806,9.344878301430105,9.344878301430105,1375638.0,12855169.696822707
2023-08-31,9.35327441850237,9.420443355080483,9.336482184357841,9.344878301430105,806474.0,7536401.383267542
2023-09-01,9.39525500386369,9.537988994092181,9.39525500386369,9.504404525803126,1138705.0,10822712.95555465
2023-09-04,9.529592877019919,9.731099686754261,9.51280064287539,9.705911335537468,1410029.0,13685616.45453656
2023-09-05,9.655534633103882,9.663930750176146,9.537988994092181,9.563177345308974,804177.0,7690487.268018534
2023-09-06,9.51280064287539,9.621950164814827,9.487612291658598,9.596761813598034,634841.0,6092417.866506389
2023-09-07,9.57157346238124,9.605157930670297,9.504404525803126,9.51280064287539,540042.0,5137311.884779711
2023-09-08,9.47082005751407,9.504404525803126,9.428839472152747,9.462423940441804,479030.0,4532784.9401898375
2023-09-11,9.487612291658596,9.57157346238124,9.462423940441804,9.521196759947655,654486.0,6231489.9826311
2023-09-12,9.529592877019919,9.529592877019919,9.445631706297275,9.470820057514068,495485.0,4692649.276197358
2023-09-13,9.479216174586334,9.504404525803126,9.41204723800822,9.445631706297275,490218.0,4630418.683797638
2023-09-14,9.470820057514068,9.51280064287539,9.445631706297275,9.479216174586332,551650.0,5229209.60271055
2023-09-15,9.529592877019919,9.57157346238124,9.403651120935956,9.420443355080483,890476.0,8388678.717058647
2023-09-18,9.420443355080483,9.437235589225011,9.35327441850237,9.428839472152747,501325.0,4726912.948376976
2023-09-19,9.420443355080483,9.428839472152747,9.370066652646898,9.41204723800822,503664.0,4740509.360084172
2023-09-20,9.403651120935956,9.420443355080483,9.361670535574634,9.361670535574634,558872.0,5231975.535557667
2023-09-21,9.35327441850237,9.35327441850237,9.269313247779728,9.277709364851992,843930.0,7829737.264279542
2023-09-22,9.260917130707462,9.445631706297275,9.260917130707462,9.437235589225011,911484.0,8601889.243809171
2023-09-25,9.437235589225011,9.504404525803126,9.39525500386369,9.420443355080483,761211.0,7170945.106764169
2023-09-26,9.420443355080483,9.45402782336954,9.35327441850237,9.370066652646898,444980.0,4169492.2590948166
2023-09-27,9.361670535574634,9.420443355080483,9.361670535574634,9.378462769719162,490311.0,4598363.459083772
2023-09-28,9.39525500386369,9.437235589225011,9.386858886791426,9.403651120935955,520697.0,4896452.927717988
2023-10-09,9.370066652646898,9.378462769719162,9.286105481924256,9.328086067285577,695828.0,6490743.472027188
2023-10-10,9.39525500386369,9.403651120935955,9.252521013635198,9.252521013635198,820749.0,7593997.369420075
2023-10-11,9.311293833141049,9.311293833141049,9.202144311201614,9.218936545346141,724116.0,6675579.455469866
2023-10-12,9.328086067285577,9.370066652646898,9.269313247779728,9.328086067285577,853058.0,7957398.4443865
2023-10-13,9.260917130707464,9.29450159899652,9.19374819412935,9.235728779490671,684483.0,6321699.342172113
2023-10-16,9.235728779490671,9.260917130707464,9.19374819412935,9.244124896562935,501624.0,4637074.907113486
2023-10-17,9.244124896562935,9.277709364851992,9.202144311201614,9.2525210136352,493525.0,4566350.433254312
2023-10-18,9.227332662418405,9.252521013635198,9.160163725840292,9.193748194129348,651825.0,5992714.916638362
2023-10-19,9.160163725840292,9.168559842912556,8.891487979527836,8.8998840966001,1188961.0,10581615.095377753
2023-10-20,8.857903511238778,8.95865691610595,8.824319042949721,8.8998840966001,526139.0,4682576.11870108
2023-10-23,8.891487979527836,8.8998840966001,8.757150106371608,8.815922925877457,530404.0,4676000.783577107
2023-10-24,8.849507394166514,8.908280213672365,8.765546223443872,8.857903511238778,760653.0,6737790.87953431
2023-10-25,8.824319042949721,8.849507394166514,8.698377286865759,8.715169521010285,1411450.0,12301026.020429967
2023-10-26,8.656396701504438,8.748753989299344,8.648000584432173,8.74035787222708,599991.0,5244136.060115398
2023-10-27,8.715169521010287,8.799130691732929,8.673188935648966,8.773942340516136,919771.0,8070017.720478867
2023-10-30,8.731961755154815,8.790734574660664,8.689981169793494,8.773942340516136,805690.0,7069077.604330446
2023-10-31,8.757150106371608,8.807526808805193,8.74035787222708,8.782338457588402,652855.0,5733593.573728876
2023-11-01,8.85790351123878,8.866299628311044,8.773942340516138,8.799130691732929,567300.0,4991746.841420091
2023-11-02,8.815922925877457,8.8998840966001,8.790734574660666,8.799130691732929,619430.0,5450445.524380128
2023-11-03,8.807526808805193,8.832715160021985,8.757150106371608,8.799130691732929,705463.0,6207461.135181987
2023-11-06,8.824319042949721,8.975449150250478,8.824319042949721,8.975449150250478,1007062.0,9038833.772149546
2023-11-07,8.950260799033686,8.950260799033686,8.883091862455572,8.8998840966001,640866.0,5703633.12145172
2023-11-08,8.883091862455574,8.8998840966001,8.773942340516138,8.815922925877459,877819.0,7738784.6468708245
2023-11-09,8.7823384575884,8.832715160021985,8.757150106371608,8.807526808805193,639136.0,5629207.454472516
2023-11-10,8.773942340516138,8.790734574660666,8.63960446735991,8.648000584432173,1045044.0,9037541.122757336
2023-11-13,8.656396701504438,8.673188935648966,8.58083164785406,8.60601999907085,770043.0,6627005.458144515
2023-11-14,8.597623881998587,8.673188935648966,8.589227764926322,8.62281223321538,596859.0,5146603.086704698
2023-11-15,8.706773403938021,8.773942340516136,8.68158505272123,8.706773403938021,1109140.0,9657030.653243817
2023-11-16,8.715169521010287,8.723565638082551,8.589227764926322,8.597623881998587,922622.0,7932356.9412573
2023-11-17,8.58083164785406,8.606019999070853,8.496870477131417,8.522058828348209,903362.0,7698504.107294295
2023-11-20,8.522058828348209,8.580831647854058,8.480078242986888,8.555643296637266,639528.0,5471573.446211837
2023-11-21,8.589227764926322,8.689981169793494,8.58083164785406,8.631208350287645,1041166.0,8986520.673235586
2023-11-22,8.614416116143115,8.656396701504438,8.513662711275945,8.530454945420473,737490.0,6291125.217698145
2023-11-23,8.522058828348209,8.530454945420473,8.454889891770096,8.522058828348209,846656.0,7215252.239373981
2023-11-24,8.488474360059152,8.50526659420368,8.46328600884236,8.480078242986888,684695.0,5806267.172581907
2023-11-27,8.471682125914624,8.471682125914624,8.370928721047454,8.404513189336509,836188.0,7027753.074764917
2023-11-28,8.38772095519198,8.412909306408775,8.354136486902926,8.354136486902926,786175.0,6567813.252590908
2023-11-29,8.354136486902926,8.370928721047454,8.14423356009632,8.161025794240848,1467597.0,11977096.972550485
2023-11-30,8.135837443024055,8.169421911313112,8.077064623518204,8.127441325951791,901765.0,7329042.127296917
2023-12-01,8.102252974734997,8.12744132595179,8.043480155229147,8.110649091807261,778057.0,6310547.300424282
2023-12-04,8.119045208879525,8.12744132595179,8.06866850644594,8.085460740590467,605438.0,4895245.179861611
2023-12-05,8.06866850644594,8.077064623518204,7.951122867434241,7.959518984506505,787378.0,6267150.138982763
2023-12-06,7.925934516217447,8.035084038156883,7.892350047928391,7.976311218651033,753056.0,6006609.021072472
2023-12-07,7.967915101578769,7.967915101578769,7.875557813783863,7.925934516217449,585380.0,4639683.547103371
2023-12-08,7.900746165000655,7.934330633289712,7.808388877205749,7.808388877205749,1021152.0,7973551.918736405
2023-12-11,7.7412199406276345,7.875557813783863,7.665654886977257,7.850369462567071,1133663.0,8899673.396042174
2023-12-12,7.816784994278013,7.976311218651033,7.808388877205749,7.909142282072919,855016.0,6762443.197448859
2023-12-13,7.875557813783863,7.883953930856126,7.682447121121784,7.690843238194049,1061302.0,8162307.31038182
2023-12-14,7.73282382355537,7.7915966430612205,7.682447121121784,7.682447121121784,742901.0,5707297.6487284945
2023-12-15,7.724427706483105,7.850369462567069,7.716031589410841,7.7328238235553695,988939.0,7647291.059243023
2023-12-18,7.707635472338577,7.758012174772163,7.6320704186881985,7.665654886977255,654426.0,5016603.865064977
2023-12-19,7.657258769904993,7.699239355266313,7.615278184543671,7.640466535760463,644071.0,4921002.9221537765
2023-12-20,7.648862652832727,7.6824471211217835,7.581693716254613,7.581693716254613,715634.0,5425717.800938154
2023-12-21,7.564901482110085,7.716031589410841,7.548109247965557,7.699239355266313,1017047.0,7830488.288555537
2023-12-22,7.716031589410841,7.791596643061219,7.648862652832727,7.724427706483105,1005645.0,7768032.100886202
2023-12-25,7.707635472338577,7.724427706483106,7.674051004049521,7.716031589410843,413971.0,3194213.313099996
2023-12-26,7.716031589410841,7.724427706483106,7.615278184543671,7.640466535760463,541896.0,4140338.2538624518
2023-12-27,7.640466535760463,7.665654886977255,7.573297599182349,7.657258769904991,641534.0,4912391.847692229
2023-12-28,7.648862652832727,7.951122867434241,7.623674301615935,7.934330633289711,1661592.0,13183620.305629117
2023-12-29,7.909142282072919,7.959518984506505,7.850369462567069,7.8839539308561255,853853.0,6731737.715723296
2024-01-02,7.883953930856126,7.909142282072921,7.73282382355537,7.73282382355537,1158366.0,8957440.20119654
2024-01-03,7.716031589410841,7.7412199406276345,7.682447121121784,7.724427706483106,733610.0,5666717.409753071
2024-01-04,7.716031589410841,7.716031589410841,7.623674301615935,7.648862652832727,864194.0,6610101.211402126
2024-01-05,7.640466535760463,7.925934516217447,7.615278184543671,7.783200525988955,1991622.0,15501193.397971176
2024-01-08,7.749616057699897,7.808388877205747,7.648862652832727,7.6824471211217835,1121156.0,8613221.684528414
2024-01-09,7.690843238194049,7.716031589410841,7.6320704186881985,7.707635472338577,766194.0,5905544.053092984
2024-01-10,7.690843238194049,7.716031589410841,7.6320704186881985,7.6320704186881985,858621.0,6553055.93496448
2024-01-11,7.623674301615935,7.741219940627634,7.581693716254613,7.699239355266313,934686.0,7196371.236016449
2024-01-12,7.665654886977255,7.783200525988955,7.648862652832727,7.716031589410841,772582.0,5961267.117410206
2024-01-15,7.690843238194049,7.799992760133485,7.665654886977257,7.73282382355537,745133.0,5761982.214117284
2024-01-16,7.716031589410841,7.850369462567069,7.690843238194049,7.841973345494805,1438313.0,11279212.208478669
2024-01-17,7.833577228422541,7.883953930856126,7.749616057699899,7.749616057699899,1482296.0,11487224.883864328
2024-01-18,7.73282382355537,7.758012174772163,7.556505365037821,7.724427706483105,1755132.0,13557390.249335106
2024-01-19,7.690843238194049,7.724427706483105,7.640466535760463,7.699239355266313,963981.0,7421920.452928975
2024-01-22,7.690843238194049,7.774804408916692,7.5900898333268785,7.640466535760464,1580320.0,12074382.075792978
2024-01-23,7.598485950399143,7.707635472338579,7.522920896748764,7.690843238194049,1135545.0,8733298.58491506
2024-01-24,7.749616057699899,7.841973345494805,7.615278184543671,7.833577228422541,1759123.0,13780225.874794345
2024-01-25,7.833577228422541,8.009895686940089,7.783200525988955,7.976311218651033,2162514.0,17248884.67868992
2024-01-26,7.95112286743424,8.119045208879525,7.925934516217447,8.077064623518204,2272287.0,18353408.94218031
2024-01-29,8.135837443024053,8.295363667397075,8.043480155229147,8.144233560096318,2376252.0,19352751.285645995
2024-01-30,8.06866850644594,8.14423356009632,7.967915101578769,7.976311218651033,1579122.0,12595568.524218656
2024-01-31,7.9427267503619765,8.02668792108462,7.875557813783863,7.9427267503619765,1357217.0,10780003.77194603
2024-02-01,7.900746165000655,7.959518984506505,7.841973345494805,7.900746165000655,1055260.0,8337341.398078591
2024-02-02,7.909142282072919,7.951122867434241,7.615278184543671,7.783200525988955,1634214.0,12719415.264378514
2024-02-05,7.716031589410841,7.917538399145183,7.648862652832727,7.875557813783861,1803592.0,14204293.068478063
2024-02-06,7.808388877205749,8.127441325951791,7.799992760133485,8.127441325951791,1995410.0,16217577.696217462
2024-02-07,8.077064623518204,8.119045208879525,7.959518984506505,8.06866850644594,2062015.0,16637715.490319125
2024-02-08,8.043480155229147,8.119045208879525,7.993103452795562,8.119045208879525,1656814.0,13451747.76870452
2024-02-19,8.194610262529903,8.236590847891225,8.102252974734997,8.236590847891225,1605243.0,13221729.802441454
2024-02-20,8.219798613746697,8.261779199108018,8.169421911313112,8.24498696496349,1123564.0,9263770.534302238
2024-02-21,8.211402496674431,9.067806438045384,8.203006379602167,9.067806438045384,5055285.0,45840345.86915426
2024-02-22,8.941864681961421,9.160163725840292,8.916676330744629,9.151767608768028,4922325.0,45047974.49482908
2024-02-23,9.134975374623497,9.437235589225011,9.101390906334442,9.109787023406707,3567480.0,32498983.01026296
2024-02-26,9.051014203900856,9.1349753746235,8.815922925877457,8.84111127709425,2862609.0,25308644.711811494
2024-02-27,8.807526808805193,8.8998840966001,8.782338457588402,8.815922925877457,1981905.0,17472321.72641116
2024-02-28,8.824319042949721,8.983845267322744,8.731961755154815,8.807526808805193,3082693.0,27150901.240816105
2024-02-29,8.748753989299344,8.891487979527836,8.74035787222708,8.891487979527836,1845344.0,16407853.994093815
2024-03-01,8.891487979527836,8.8998840966001,8.757150106371608,8.807526808805193,1828103.0,16101066.181757199
2024-03-04,8.773942340516138,8.815922925877457,8.664792818576702,8.673188935648966,1655930.0,14362193.754209192
2024-03-05,8.648000584432172,8.790734574660666,8.614416116143115,8.757150106371608,1817319.0,15914535.274161143
2024-03-06,8.731961755154815,8.773942340516136,8.673188935648966,8.673188935648966,1345640.0,11670989.959366675
2024-03-07,8.673188935648966,8.933468564889157,8.673188935648966,8.715169521010287,2016166.0,17571228.472497225
2024-03-08,8.689981169793494,8.765546223443874,8.648000584432173,8.715169521010287,1113974.0,9708472.251997914
2024-03-11,8.715169521010285,8.790734574660666,8.68158505272123,8.790734574660666,1210673.0,10642704.999708153
2024-03-12,8.799130691732929,8.891487979527836,8.74035787222708,8.866299628311044,1641262.0,14551920.66056104
2024-03-13,8.841111277094251,8.85790351123878,8.648000584432173,8.673188935648966,1768039.0,15334536.292595861
2024-03-14,8.648000584432173,8.715169521010287,8.564039413709532,8.589227764926322,1409400.0,12105657.611887159
2024-03-15,8.85790351123878,9.025825852684063,8.815922925877457,8.8998840966001,3750208.0,33376416.53814247
2024-03-18,8.866299628311044,8.908280213672365,8.807526808805193,8.849507394166515,1671397.0,14791040.110087732
2024-03-19,8.841111277094251,8.849507394166515,8.723565638082551,8.731961755154815,1293216.0,11292312.65315429
2024-03-20,8.715169521010287,8.790734574660666,8.706773403938023,8.773942340516138,872663.0,7656694.844701834
2024-03-21,8.773942340516136,8.832715160021985,8.748753989299344,8.790734574660666,864466.0,7599291.1548186075
2024-03-22,8.773942340516138,8.773942340516138,8.656396701504438,8.698377286865759,1028142.0,8943167.020472735
2024-03-25,8.689981169793494,8.807526808805193,8.664792818576702,8.731961755154815,953202.0,8323323.40893708
2024-03-26,8.773942340516136,8.950260799033686,8.748753989299344,8.8998840966001,1740021.0,15485985.225650204
2024-03-27,8.866299628311044,8.925072447816891,8.824319042949721,8.84111127709425,1274136.0,11264778.158151759
2024-03-28,8.824319042949723,8.874695745383308,8.715169521010287,8.807526808805193,1302189.0,11469064.527631225
2024-03-29,8.773942340516136,8.874695745383308,8.757150106371608,8.832715160021985,872759.0,7708831.650345628
2024-04-01,8.832715160021985,8.941864681961421,8.824319042949721,8.933468564889157,1191088.0,10640547.206016697
2024-04-02,8.925072447816891,8.967053033178214,8.84111127709425,8.857903511238778,1085458.0,9614882.229502222
2024-04-03,8.84111127709425,8.85790351123878,8.748753989299344,8.7823384575884,981846.0,8622903.88522934
2024-04-08,8.748753989299345,8.807526808805193,8.706773403938023,8.75715010637161,906361.0,7937139.327561079
2024-04-09,8.757150106371608,8.790734574660664,8.698377286865759,8.731961755154813,857157.0,7484662.142163235
2024-04-10,8.715169521010285,8.74035787222708,8.62281223321538,8.631208350287643,1246391.0,10757860.406923367
2024-04-11,8.597623881998587,8.63960446735991,8.496870477131417,8.606019999070853,1010213.0,8693913.281321364
2024-04-12,8.58083164785406,8.622812233215381,8.429701540553303,8.446493774697831,1305454.0,11026509.084154382
2024-04-15,8.454889891770096,8.664792818576702,8.446493774697831,8.63960446735991,1453203.0,12555099.130780822
2024-04-16,8.631208350287645,8.723565638082551,8.58083164785406,8.631208350287645,1478036.0,12757236.66522575
2024-04-17,8.614416116143117,8.925072447816893,8.572435530781796,8.916676330744629,2232641.0,19907737.15975002
2024-04-18,8.883091862455572,9.260917130707464,8.866299628311044,9.067806438045386,3165914.0,28707895.35149802
2024-04-19,8.992241384395008,9.084598672189914,8.950260799033686,8.975449150250478,1457675.0,13083287.840091366
2024-04-22,8.933468564889157,9.07620255511765,8.773942340516138,8.815922925877459,2009818.0,17718400.583041184
2024-04-23,8.824319042949723,8.941864681961421,8.782338457588402,8.849507394166515,1240027.0,10973628.105466122
2024-04-24,8.832715160021987,8.874695745383308,8.782338457588402,8.841111277094251,941568.0,8324507.46295108
2024-04-25,8.815922925877457,8.916676330744629,8.799130691732929,8.908280213672365,1113812.0,9922149.401350845
2024-04-26,8.891487979527836,8.95865691610595,8.799130691732929,8.8998840966001,1607628.0,14307702.870449027
2024-04-29,8.866299628311042,9.151767608768028,8.832715160021985,9.076202555117648,2169177.0,19687889.829902433
2024-04-30,9.067806438045386,9.1349753746235,9.009033618539535,9.059410320973122,1324557.0,11999705.356517196
2024-05-06,9.202144311201613,9.328086067285575,9.101390906334442,9.143371491695763,1784101.0,16312698.221705902
2024-05-07,9.126579257551233,9.143371491695763,9.034221969756327,9.134975374623497,1087057.0,9930238.925812095
2024-05-08,9.101390906334442,9.1349753746235,8.992241384395008,9.009033618539535,1221791.0,11007156.193829037
2024-05-09,8.992241384395008,9.084598672189914,8.992241384395008,9.034221969756329,1069461.0,9661748.061997574
2024-05-10,9.042618086828591,9.202144311201613,9.034221969756327,9.185352077057084,1767836.0,16238196.074496288
2024-05-13,9.151767608768028,9.244124896562933,9.07620255511765,9.210540428273877,1402499.0,12917773.740113683
2024-05-14,9.23572877949067,9.286105481924256,9.1349753746235,9.160163725840292,1075784.0,9854357.573639372
2024-05-15,9.151767608768028,9.168559842912556,9.07620255511765,9.092994789262178,868297.0,7895420.096531982
2024-05-16,9.109787023406707,9.41204723800822,9.092994789262178,9.378462769719162,3076292.0,28850889.990784902
2024-05-17,9.386858886791428,9.588365696525768,9.344878301430105,9.588365696525768,2841749.0,27247728.629736405
2024-05-20,9.596761813598032,9.680722984320676,9.496008408730862,9.554781228236711,2170210.0,20735881.769331593
2024-05-21,9.504404525803126,9.756288037971053,9.496008408730862,9.697515218465204,2030049.0,19686431.07173007
2024-05-22,9.705911335537468,9.857041442838224,9.621950164814827,9.705911335537468,2115531.0,20533156.313580915
2024-05-23,9.680722984320676,9.731099686754261,9.546385111164447,9.57157346238124,1841623.0,17627229.834510926
2024-05-24,9.546385111164447,9.647138516031617,9.487612291658598,9.496008408730862,1398276.0,13278040.653726555
2024-05-27,9.496008408730862,9.680722984320676,9.496008408730862,9.663930750176146,1454361.0,14054843.989756929
2024-05-28,9.655534633103882,9.722703569681997,9.537988994092181,9.571573462381238,1204323.0,11527266.06693536
2024-05-29,9.554781228236711,9.613554047742563,9.428839472152747,9.45402782336954,1444811.0,13659283.393510368
2024-05-30,9.437235589225011,9.521196759947655,9.286105481924256,9.336482184357841,1325496.0,12375469.78943758
2024-05-31,9.353274418502368,9.39525500386369,9.328086067285575,9.328086067285575,826707.0,7711594.048427456
2024-06-03,9.336482184357841,9.344878301430105,9.160163725840292,9.218936545346141,1326697.0,12230735.457901089
2024-06-04,9.193748194129348,9.277709364851992,9.160163725840292,9.252521013635198,981005.0,9076769.376981197
2024-06-05,9.269313247779728,9.29450159899652,9.126579257551235,9.126579257551235,1018968.0,9299692.212908467
2024-06-06,9.151767608768028,9.218936545346141,9.1349753746235,9.151767608768028,1049332.0,9603242.608443772
2024-06-07,9.168559842912556,9.244124896562933,9.143371491695763,9.227332662418405,1170126.0,10797141.858944999
2024-06-11,9.218936545346141,9.2525210136352,9.059410320973122,9.126579257551235,1337629.0,12207977.085699001
2024-06-12,9.109787023406707,9.160163725840292,9.051014203900856,9.134975374623497,957426.0,8746062.933024276
2024-06-13,9.143371491695763,9.176955959984822,9.067806438045386,9.067806438045386,1203508.0,10913177.590639126
2024-06-14,9.130772446339465,9.20273912571948,8.986839087579435,9.157759951106971,1637990.0,15000319.222313708
2024-06-17,9.112780776494462,9.139768281261967,9.067801601881952,9.085793271726955,681217.0,6189396.8351860205
2024-06-18,9.09478910664946,9.139768281261967,9.031818262191944,9.067801601881952,700653.0,6353382.395763395
2024-06-19,9.085793271726955,9.184747455874477,9.067801601881952,9.130772446339465,796184.0,7269774.929416341
2024-06-20,9.139768281261967,9.14876411618447,9.040814097114447,9.040814097114447,629628.0,5692349.698337975
2024-06-21,9.040814097114447,9.076797436804455,8.950855747889428,8.995834922501938,830545.0,7471445.715709372
2024-06-24,8.96884741773443,9.05880576695945,8.887884903431914,8.977843252656934,947082.0,8502753.743412834
2024-06-25,8.986839087579435,9.112780776494462,8.977843252656934,9.067801601881952,769993.0,6982143.75883789
2024-06-26,9.049809932036947,9.11278077649446,9.01382659234694,9.067801601881952,628599.0,5700011.019141393
2024-06-27,9.049809932036949,9.184747455874477,8.995834922501937,9.112780776494462,928882.0,8464698.03323173
2024-06-28,9.085793271726955,9.229726630486986,9.076797436804453,9.130772446339465,918090.0,8382870.8752598
2024-07-01,9.076797436804455,9.310689144789505,9.031818262191944,9.310689144789505,1343051.0,12504730.36659869
2024-07-02,9.265709970176994,9.427634998782027,9.24771830033199,9.355668319402012,1384386.0,12951856.242023675
2024-07-03,9.355668319402014,9.382655824169522,9.256714135254493,9.274705805099497,713067.0,6613486.644324883
2024-07-04,9.265709970176996,9.337676649557011,9.220730795564485,9.229726630486986,735044.0,6784255.181379677
2024-07-05,9.229726630486986,9.25671413525449,8.923868243121921,8.96884741773443,1713354.0,15366810.598564956
2024-07-08,8.941859912966924,9.01382659234694,8.860897398664408,8.932864078044423,868660.0,7759621.710034069
2024-07-09,8.941859912966924,9.085793271726955,8.914872408199418,9.05880576695945,1032485.0,9353081.072299128
2024-07-10,9.05880576695945,9.175751620951976,9.040814097114447,9.121776611416964,873865.0,7971201.318535885
2024-07-11,9.184747455874477,9.20273912571948,9.05880576695945,9.112780776494462,721392.0,6573887.149916893
2024-07-12,9.103784941571961,9.274705805099497,9.103784941571961,9.274705805099497,1214164.0,11261013.899142826
2024-07-15,9.274705805099497,9.310689144789503,9.229726630486986,9.2926974749445,869412.0,8079182.697086448
2024-07-16,9.2926974749445,9.32868081463451,9.211734960641984,9.265709970176996,943008.0,8737638.627556669
2024-07-17,9.265709970176994,9.373659989247017,9.24771830033199,9.355668319402012,1220168.0,11415487.101948114
2024-07-18,9.337676649557011,9.382655824169522,9.265709970176996,9.364664154324515,1087061.0,10179961.180264162
2024-07-19,9.337676649557011,9.373659989247018,9.256714135254493,9.32868081463451,898723.0,8383900.00777077
2024-07-22,9.319684979712006,9.33767664955701,9.166755786029473,9.20273912571948,994481.0,9151949.208484635
2024-07-23,9.220730795564485,9.2926974749445,9.139768281261967,9.157759951106971,1020154.0,9342325.445161581
2024-07-24,9.157759951106973,9.211734960641984,9.103784941571961,9.112780776494462,724518.0,6602373.702624215
2024-07-25,9.10378494157196,9.130772446339465,8.995834922501937,9.076797436804453,856404.0,7773405.632069081
2024-07-26,9.085793271726956,9.103784941571961,8.96884741773443,9.022822427269443,929552.0,8387182.632913165
2024-07-29,9.013826592346941,9.121776611416964,8.96884741773443,9.09478910664946,781552.0,7108050.615880098
2024-07-30,9.085793271726955,9.11278077649446,9.02282242726944,9.067801601881952,613268.0,5560992.552782941
2024-07-31,9.067801601881952,9.247718300331991,9.05880576695945,9.238722465409488,1096906.0,10134010.10464246
2024-08-01,9.220730795564485,9.283701640021999,9.14876411618447,9.238722465409488,733884.0,6780150.597804577
2024-08-02,9.193743290796979,9.220730795564485,9.112780776494462,9.121776611416964,590229.0,5383937.087580023
2024-08-05,9.09478910664946,9.193743290796979,9.040814097114447,9.040814097114447,758979.0,6861788.042613826
2024-08-06,9.05880576695945,9.103784941571961,8.896880738354415,8.932864078044423,1265537.0,11304870.006736105
2024-08-07,8.950855747889426,8.977843252656934,8.914872408199418,8.932864078044423,517608.0,4623721.909708418
2024-08-08,8.923868243121921,8.977843252656934,8.905876573276917,8.941859912966924,500411.0,4474605.060907692
2024-08-09,8.959851582811927,9.085793271726955,8.941859912966924,9.031818262191944,730274.0,6595702.04960396
2024-08-12,9.01382659234694,9.040814097114447,8.977843252656934,9.004830757424438,353013.0,3178822.320170673
2024-08-13,9.01382659234694,9.02282242726944,8.923868243121921,8.950855747889426,622077.0,5568121.49107981
2024-08-14,8.941859912966924,8.977843252656934,8.914872408199418,8.923868243121921,436380.0,3894197.623933544
2024-08-15,8.923868243121923,9.049809932036949,8.878889068509412,9.022822427269443,776247.0,7003938.840700623
2024-08-16,9.067801601881952,9.184747455874477,9.040814097114447,9.112780776494462,1260368.0,11485457.281708773
2024-08-19,9.112780776494462,9.265709970176996,9.103784941571961,9.256714135254493,1482985.0,13727568.211870383
2024-08-20,9.283701640021997,9.38265582416952,9.24771830033199,9.301693309867002,1569187.0,14596096.21983027
2024-08-21,9.265709970176996,9.337676649557011,9.184747455874477,9.310689144789505,1034888.0,9635520.467672922
2024-08-22,9.301693309867002,9.400647494014525,9.283701640021999,9.337676649557011,1109030.0,10355763.534658212
2024-08-23,9.346672484479512,9.445626668627034,9.283701640021999,9.418639163859527,1071906.0,10095895.83157601
2024-08-26,9.445626668627034,9.490605843239543,9.373659989247017,9.436630833704532,740675.0,6989476.542754104
2024-08-27,9.418639163859527,9.463618338472038,9.32868081463451,9.382655824169522,723137.0,6784945.584722475
2024-08-28,9.364664154324515,9.38265582416952,9.24771830033199,9.2926974749445,942548.0,8758813.41961399
2024-08-29,9.274705805099495,9.33767664955701,9.094789106649458,9.11278077649446,1197676.0,10914158.82926878
2024-08-30,9.094789106649458,9.229726630486986,9.094789106649458,9.139768281261967,1294059.0,11827399.402281579
2024-09-02,9.10378494157196,9.184747455874476,9.076797436804453,9.094789106649458,968836.0,8811359.098929834
2024-09-03,9.094789106649458,9.112780776494462,8.995834922501937,9.067801601881952,916581.0,8311374.660054561
2024-09-04,9.040814097114447,9.130772446339465,8.995834922501937,9.01382659234694,847992.0,7643652.839697466
2024-09-05,9.022822427269443,9.067801601881952,8.977843252656934,9.05880576695945,594209.0,5382823.9159792075
2024-09-06,9.049809932036949,9.184747455874477,9.040814097114447,9.067801601881952,878865.0,7969373.454837982
2024-09-09,9.040814097114447,9.05880576695945,8.851901563741905,8.860897398664408,1639175.0,14524561.49345573
2024-09-10,8.86989323358691,8.923868243121921,8.797926554206892,8.905876573276915,767901.0,6838831.526495916
2024-09-11,8.887884903431914,8.887884903431914,8.662989030369365,8.680980700214368,1108727.0,9624837.688806577
2024-09-12,8.680980700214366,8.78893071928439,8.64499736052436,8.761943214516887,581834.0,5097996.468275218
2024-09-13,8.752947379594385,8.833909893896902,8.725959874826879,8.725959874826879,566462.0,4942924.682614183
2024-09-18,8.743951544671882,8.797926554206892,8.689976535136871,8.78893071928439,443611.0,3898866.345312468
2024-09-19,8.806922389129396,8.851901563741905,8.707968204981874,8.8249140589744,684293.0,6038826.916157769
2024-09-20,8.824914058974398,8.905876573276915,8.797926554206892,8.905876573276915,797297.0,7100628.674243964
2024-09-23,8.896880738354415,9.076797436804455,8.878889068509412,9.031818262191944,896908.0,8100710.053906052
2024-09-24,9.094789106649458,9.328680814634508,9.067801601881952,9.328680814634508,1638213.0,15282366.183384841
2024-09-25,9.463618338472038,9.625543367077073,9.400647494014525,9.445626668627035,2160694.0,20409108.869142424
2024-09-26,9.445626668627034,10.03035593858966,9.445626668627034,10.03035593858966,3086457.0,30958262.299151625
2024-09-27,10.210272637039697,10.399185170412236,9.922405919519635,10.273243481497211,3840016.0,39449419.340844996
2024-09-30,10.45316017994725,11.064876954677382,10.399185170412238,10.983914440374864,5430284.0,59645774.842936575
2024-10-08,12.0814063009201,12.0814063009201,11.10086029436739,11.586635380182493,5888978.0,68233440.84791633
2024-10-09,11.361739507119946,11.361739507119946,10.489143519637258,10.50713518948226,4269345.0,44858585.085540146
2024-10-10,10.681791699403055,11.270117576134377,10.6634065157552,11.012725005064423,3426422.0,37734243.237302855
2024-10-11,11.031110188712278,11.187384249719035,10.645021332107348,10.773717617642324,2070891.0,22311194.85091693
2024-10-14,11.012725005064423,11.196576841542964,10.838065760409814,11.049495372360132,2400595.0,26525363.343410872
2024-10-15,10.975954637768718,11.242539800662597,10.920799086825156,10.939184270473008,2072841.0,22675189.66239154
2024-10-16,10.84725835223374,11.196576841542962,10.819680576761959,11.086265739655838,1914494.0,21224589.240976665
2024-10-17,11.095458331479765,11.242539800662597,10.966762045944789,10.985147229592641,1653708.0,18166225.85475519
2024-10-18,10.948376862296936,11.196576841542962,10.736947250346617,11.067880556007983,2604654.0,28827999.36172842
2024-10-21,10.975954637768718,10.975954637768718,10.690984291226982,10.856450944057666,2806655.0,30470312.32439417
2024-10-22,10.810487984938032,10.96676204594479,10.773717617642324,10.838065760409814,1617787.0,17533681.89233611
2024-10-23,10.865643535881594,10.929991678649081,10.801295393114104,10.902413903177301,1511866.0,16482988.898141053
2024-10-24,10.856450944057666,10.902413903177301,10.773717617642324,10.801295393114104,885299.0,9562376.010228524
2024-10-25,10.819680576761959,10.828873168585885,10.746139842170543,10.764525025818397,1105755.0,11902927.369923823
2024-10-28,10.736947250346617,10.736947250346617,10.599058372987713,10.700176883050908,1169487.0,12513717.762428558
2024-10-29,10.681791699403055,10.792102801290179,10.599058372987713,10.608250964811639,1198025.0,12708949.862118464
2024-10-30,10.571480597515933,10.645021332107348,10.360050985565614,10.406013944685249,1482403.0,15425906.289643247
2024-10-31,10.415206536509174,10.516325046572371,10.332473210093834,10.46116949562881,1250205.0,13078606.409282617
2024-11-01,10.461169495628809,10.617443556635568,10.424399128333102,10.507132454748444,1589811.0,16704354.755016077
2024-11-04,10.507132454748444,10.534710230220224,10.350858393741687,10.534710230220224,1131516.0,11920193.180857867
2024-11-05,10.497939862924516,10.718562066698762,10.470362087452736,10.709369474874837,1665418.0,17835576.6921071
2024-11-06,10.681791699403057,10.70017688305091,10.543902822044153,10.617443556635568,1462286.0,15525739.068658398
2024-11-07,10.571480597515933,10.966762045944789,10.553095413868078,10.948376862296936,2242844.0,24555501.35534151
2024-11-08,10.975954637768718,11.040302780536205,10.755332433994472,10.773717617642324,1895104.0,20417315.35206444
2024-11-11,10.690984291226982,10.736947250346619,10.543902822044153,10.663406515755202,1486952.0,15855973.64541523
2024-11-12,10.645021332107348,10.884028719529447,10.580673189339858,10.608250964811639,1717663.0,18221400.176971253
2024-11-13,10.571480597515933,10.755332433994472,10.553095413868078,10.67259910757913,1086263.0,11593249.524396228
2024-11-14,10.654213923931275,10.75533243399447,10.599058372987713,10.608250964811639,1159783.0,12303269.128722137
2024-11-15,10.571480597515933,10.672599107579128,10.497939862924516,10.516325046572371,1215784.0,12785579.730421944
2024-11-18,10.690984291226982,11.067880556007985,10.681791699403057,10.801295393114106,3797324.0,41016018.22736163
2024-11-19,10.801295393114104,10.99433982141657,10.617443556635568,10.736947250346619,2430037.0,26091179.085390545
2024-11-20,10.72775465852269,10.801295393114104,10.672599107579128,10.700176883050908,1286572.0,13766547.972780572
2024-11-21,10.681791699403057,10.709369474874837,10.626636148459495,10.654213923931275,883408.0,9412017.81411228
2024-11-22,10.654213923931275,10.672599107579128,10.36924357738954,10.36924357738954,1625317.0,16853307.863472033
2024-11-25,10.369243577389541,10.424399128333102,10.240547291854565,10.277317659150272,1166020.0,11983557.936922401
2024-11-26,10.277317659150272,10.396821352861322,10.240547291854565,10.360050985565614,831078.0,8610010.4529819
2024-11-27,10.332473210093834,10.470362087452736,10.249739883678492,10.470362087452736,895178.0,9372837.792721765
2024-11-28,10.470362087452736,10.497939862924516,10.406013944685249,10.424399128333102,733169.0,7642846.284520851
2024-11-29,10.451976903804882,10.534710230220224,10.424399128333102,10.461169495628809,1028488.0,10759187.292220283
2024-12-02,10.470362087452736,10.479554679276664,10.396821352861322,10.470362087452736,975434.0,10213147.172412373
2024-12-03,10.451976903804882,10.571480597515933,10.433591720157029,10.562288005692006,1082559.0,11434299.941153932
2024-12-04,10.516325046572373,10.599058372987715,10.451976903804884,10.534710230220226,1007471.0,10613415.0503502
2024-12-05,10.516325046572371,10.571480597515933,10.488747271100591,10.516325046572371,687109.0,7225861.586425295
2024-12-06,10.516325046572371,10.75533243399447,10.507132454748444,10.718562066698762,1726269.0,18503121.420318007
2024-12-09,10.69098429122698,10.773717617642324,10.654213923931275,10.72775465852269,964063.0,10342231.33935936
2024-12-10,10.939184270473008,10.985147229592641,10.801295393114104,10.838065760409812,2167807.0,23494834.821876712
2024-12-11,10.838065760409814,10.874836127705521,10.773717617642324,10.782910209466252,967691.0,10434525.163508607
2024-12-12,10.782910209466252,10.911606495001228,10.764525025818399,10.893221311353376,986235.0,10743276.120002596
2024-12-13,10.838065760409814,10.847258352233741,10.626636148459495,10.626636148459495,1343793.0,14279999.26984683
2024-12-16,10.626636148459493,10.718562066698762,10.599058372987713,10.635828740283419,805718.0,8569478.660963675
2024-12-17,10.63582874028342,10.709369474874837,10.589865781163786,10.599058372987713,802120.0,8501716.702140905
2024-12-18,10.645021332107348,10.792102801290179,10.63582874028342,10.709369474874837,1016590.0,10887037.91446301
2024-12-19,10.654213923931277,10.70017688305091,10.60825096481164,10.654213923931277,697379.0,7430025.05205727
2024-12-20,10.654213923931275,10.75533243399447,10.645021332107348,10.681791699403055,714646.0,7633699.710811595
2024-12-23,10.70017688305091,10.884028719529447,10.70017688305091,10.782910209466252,1659405.0,17893215.116139345
2024-12-24,10.773717617642324,10.911606495001228,10.773717617642324,10.902413903177301,1350837.0,14727384.089726316
2024-12-25,10.902413903177301,11.04949537236013,10.884028719529447,10.957569454120861,1475283.0,16165515.936983787
2024-12-26,10.957569454120861,10.966762045944789,10.828873168585885,10.902413903177301,1000075.0,10903231.584220039
2024-12-27,10.911606495001228,10.939184270473008,10.718562066698762,10.874836127705521,1290012.0,14028669.102773655
2024-12-30,10.828873168585885,11.003532413240496,10.828873168585885,10.985147229592641,1351846.0,14850227.341735894
2024-12-31,10.96676204594479,11.02191759688835,10.755332433994472,10.755332433994472,1475367.0,15868062.54714512
2025-01-02,10.782910209466252,10.819680576761959,10.470362087452736,10.507132454748444,1819597.0,19118746.693262905
2025-01-03,10.516325046572371,10.608250964811639,10.442784311980954,10.461169495628809,1154680.0,12079303.193212673
2025-01-06,10.46116949562881,10.553095413868078,10.31408802644598,10.516325046572373,1085536.0,11415849.425755987
2025-01-07,10.497939862924518,10.599058372987715,10.451976903804884,10.58067318933986,747863.0,7912893.9933992755
2025-01-08,10.571480597515933,10.690984291226982,10.479554679276664,10.571480597515933,1062386.0,11230992.986072563
2025-01-09,10.571480597515933,10.571480597515933,10.433591720157029,10.479554679276664,751483.0,7875207.189046865
2025-01-10,10.479554679276662,10.534710230220224,10.36924357738954,10.387628761037394,798134.0,8290719.693561819
2025-01-13,10.34166580191776,10.350858393741687,10.185391740911003,10.295702842798125,934966.0,9626132.104119591
2025-01-14,10.295702842798125,10.479554679276664,10.286510250974198,10.461169495628809,824629.0,8626583.74001089
2025-01-15,10.461169495628809,10.645021332107348,10.442784311980954,10.553095413868077,1031631.0,10886900.374904137
2025-01-16,10.617443556635568,10.654213923931275,10.543902822044153,10.63582874028342,872964.0,9284695.600432776
2025-01-17,10.599058372987713,10.617443556635568,10.497939862924516,10.525517638396297,689765.0,7260133.673848421
2025-01-20,10.571480597515933,10.589865781163786,10.479554679276664,10.497939862924516,832029.0,8734590.406209223
2025-01-21,10.525517638396298,10.525517638396298,10.406013944685249,10.415206536509174,902069.0,9395234.945182294
2025-01-22,10.406013944685249,10.415206536509174,10.185391740911003,10.19458433273493,1347129.0,13733420.197572874
2025-01-23,10.268125067326345,10.479554679276664,10.268125067326345,10.406013944685249,1514920.0,15764278.645082578
2025-01-24,10.406013944685249,10.470362087452736,10.31408802644598,10.424399128333102,944944.0,9850473.409923594
2025-01-27,10.46116949562881,10.617443556635568,10.46116949562881,10.543902822044153,1151935.0,12145890.697311431
2025-02-05,10.571480597515933,10.589865781163786,10.415206536509174,10.451976903804882,843434.0,8815552.687883766
2025-02-06,10.43359172015703,10.525517638396298,10.387628761037394,10.442784311980956,955603.0,9979156.016881937
2025-02-07,10.442784311980956,10.525517638396298,10.396821352861322,10.46116949562881,1407493.0,14724022.836911082
2025-02-10,10.461169495628809,10.571480597515933,10.442784311980954,10.507132454748444,1026591.0,10786527.61385266
2025-02-11,10.479554679276664,10.543902822044153,10.451976903804884,10.497939862924518,844520.0,8865720.173037015
2025-02-12,10.488747271100591,10.507132454748444,10.424399128333102,10.497939862924516,988807.0,10380436.422038803
2025-02-13,10.497939862924516,10.617443556635568,10.479554679276664,10.571480597515933,1358639.0,14362825.827528449
2025-02-14,10.562288005692006,10.617443556635566,10.507132454748444,10.617443556635566,973058.0,10331388.39233269
2025-02-17,10.663406515755202,10.847258352233741,10.617443556635568,10.828873168585886,2061965.0,22328757.463063195
2025-02-18,10.810487984938032,10.994339821416569,10.810487984938032,10.856450944057666,1996610.0,21676098.519414976
2025-02-19,10.84725835223374,10.856450944057666,10.736947250346617,10.764525025818397,1177749.0,12677908.584632592
2025-02-20,10.764525025818399,10.810487984938032,10.709369474874837,10.718562066698762,784396.0,8407597.210870242
2025-02-21,10.746139842170544,10.764525025818399,10.617443556635568,10.70017688305091,973969.0,10421640.578608211
2025-02-24,10.690984291226982,10.746139842170544,10.626636148459495,10.654213923931275,949956.0,10121034.442322059
2025-02-25,10.626636148459495,10.645021332107348,10.534710230220226,10.543902822044153,917156.0,9670403.736654727
2025-02-26,10.543902822044153,10.663406515755202,10.543902822044153,10.589865781163788,841646.0,8912918.175253376
2025-02-27,10.599058372987715,10.690984291226982,10.534710230220226,10.681791699403057,977310.0,10439421.845743602
2025-02-28,10.645021332107348,10.736947250346617,10.571480597515933,10.599058372987713,949088.0,10059439.113102162
2025-03-03,10.589865781163788,10.626636148459495,10.525517638396298,10.58067318933986,830457.0,8786794.114799613
2025-03-04,10.543902822044151,10.617443556635566,10.516325046572371,10.580673189339858,683179.0,7228493.728820015
2025-03-05,10.589865781163786,10.72775465852269,10.553095413868078,10.718562066698762,1080645.0,11582960.504567685
2025-03-06,10.746139842170543,10.75533243399447,10.6634065157552,10.69098429122698,877408.0,9380355.144996883
2025-03-07,10.69098429122698,10.746139842170543,10.6634065157552,10.72775465852269,835537.0,8963435.944118073
2025-03-10,10.718562066698762,10.72775465852269,10.617443556635568,10.654213923931275,663834.0,7072629.445978994
2025-03-11,10.608250964811639,10.672599107579128,10.589865781163786,10.672599107579128,608975.0,6499346.041537999
2025-03-12,10.6634065157552,10.911606495001228,10.626636148459495,10.893221311353374,1877318.0,20450040.445787292
2025-03-13,10.856450944057665,10.948376862296936,10.828873168585885,10.884028719529447,1312371.0,14283883.65467758
2025-03-14,10.865643535881594,11.031110188712278,10.865643535881594,11.003532413240498,1722418.0,18952682.292148873
2025-03-17,10.690984291226982,10.727754658522691,10.534710230220226,10.571480597515933,4603612.0,48666994.93649152
2025-03-18,10.589865781163786,10.60825096481164,10.553095413868078,10.562288005692006,1605290.0,16955535.31265732
2025-03-19,10.553095413868078,10.599058372987715,10.534710230220226,10.589865781163788,1362455.0,14428215.582875509
2025-03-20,10.580673189339858,10.672599107579128,10.562288005692006,10.562288005692006,1101157.0,11630737.373483792
2025-03-21,10.562288005692006,10.589865781163788,10.470362087452736,10.497939862924516,1376389.0,14449248.949990813
2025-03-24,10.488747271100591,10.516325046572371,10.424399128333102,10.461169495628809,1164577.0,12182837.387710912
2025-03-25,10.461169495628809,10.507132454748444,10.442784311980954,10.507132454748444,735609.0,7729141.197905048
2025-03-26,10.497939862924518,10.507132454748445,10.451976903804884,10.46116949562881,740863.0,7750293.416040048
2025-03-27,10.451976903804882,10.488747271100591,10.433591720157029,10.470362087452736,553349.0,5793764.390729885
2025-03-28,10.470362087452736,10.479554679276664,10.424399128333102,10.433591720157029,644946.0,6729103.245548395
2025-03-31,10.442784311980954,10.461169495628809,10.350858393741687,10.350858393741687,1116126.0,11552862.175573334
2025-04-01,10.360050985565614,10.387628761037394,10.31408802644598,10.360050985565614,681470.0,7060063.945133399
2025-04-02,10.34166580191776,10.488747271100591,10.34166580191776,10.451976903804882,932642.0,9747952.643518392
2025-04-03,10.396821352861322,10.470362087452736,10.387628761037394,10.424399128333102,643914.0,6712416.5403214805
2025-04-07,10.111851006319588,10.157813965439223,9.633836231475389,9.836073251601782,2545560.0,25038314.626347434
2025-04-08,9.817688067953927,9.973962128960684,9.799302884306073,9.946384353488904,1463988.0,14561387.336895514
2025-04-09,9.863651027073562,9.95557694531283,9.799302884306073,9.92799916984105,1064394.0,10567302.748383794
2025-04-10,9.98315472078461,10.047502863552099,9.946384353488904,10.019925088080319,866548.0,8682746.045225823
2025-04-11,9.992347312608537,10.019925088080319,9.95557694531283,10.010732496256391,583879.0,5845056.4791816855
2025-04-14,10.065888047199952,10.148621373615294,10.038310271728172,10.047502863552099,785993.0,7897266.9182319045
2025-04-15,10.038310271728172,10.084273230847808,10.019925088080319,10.065888047199953,722754.0,7275160.849665955
2025-04-16,10.047502863552099,10.121043598143514,10.029117679904246,10.111851006319588,842822.0,8522490.488848288
2025-04-17,10.065888047199952,10.185391740911003,10.047502863552099,10.16700655726315,823919.0,8376789.875653697
2025-04-18,10.148621373615294,10.286510250974198,10.139428781791368,10.277317659150272,727098.0,7472617.115332845
2025-04-21,10.111851006319588,10.231354700030638,10.084273230847808,10.130236189967443,1114184.0,11286947.079082685
2025-04-22,10.130236189967441,10.16700655726315,10.093465822671734,10.148621373615295,831129.0,8434813.533631507
2025-04-23,10.148621373615295,10.157813965439223,10.084273230847808,10.121043598143514,586383.0,5934807.908210188
2025-04-24,10.111851006319588,10.16700655726315,10.10265841449566,10.139428781791368,689256.0,6988662.124422391
2025-04-25,10.148621373615295,10.157813965439223,10.10265841449566,10.121043598143514,637547.0,6452640.982865603
2025-04-28,10.111851006319588,10.148621373615295,10.07508063902388,10.111851006319588,642018.0,6491990.35937529
2025-04-29,10.11185100631959,10.130236189967443,10.065888047199953,10.093465822671734,649045.0,6551113.524875975
2025-04-30,10.07508063902388,10.084273230847808,10.010732496256391,10.029117679904246,869835.0,8723677.57709951
2025-05-06,10.038310271728172,10.111851006319588,10.010732496256391,10.07508063902388,854671.0,8610879.24483518
2025-05-07,10.121043598143514,10.148621373615295,10.084273230847808,10.13942878179137,1126270.0,11419734.454068167
2025-05-08,10.111851006319588,10.185391740911003,10.10265841449566,10.185391740911003,1056614.0,10762027.508930938
2025-05-09,10.176199149087076,10.268125067326345,10.16700655726315,10.249739883678492,999897.0,10248684.160470473
2025-05-12,10.258932475502418,10.31408802644598,10.231354700030638,10.258932475502418,895605.0,9187951.219722344
2025-05-13,10.286510250974198,10.415206536509174,10.249739883678492,10.378436169213469,1261031.0,13087529.74089943
2025-05-14,10.378436169213467,10.543902822044153,10.34166580191776,10.507132454748444,1683514.0,17688904.587423373
2025-05-15,10.507132454748445,10.571480597515933,10.46116949562881,10.470362087452736,1035460.0,10841641.12707381
2025-05-16,10.451976903804884,10.507132454748444,10.396821352861322,10.46116949562881,914744.0,9569292.029109482
2025-05-19,10.479554679276662,10.543902822044151,10.442784311980954,10.451976903804882,831391.0,8689679.530031245
2025-05-20,10.479554679276664,10.543902822044153,10.451976903804884,10.470362087452736,643635.0,6739091.502157642
2025-05-21,10.479554679276664,10.654213923931275,10.470362087452736,10.553095413868078,1328278.0,14017444.470141863
2025-05-22,10.525517638396297,10.626636148459493,10.516325046572371,10.617443556635566,1002968.0,10648956.12911166
2025-05-23,10.617443556635566,10.6634065157552,10.507132454748444,10.534710230220224,962643.0,10141165.060149888
2025-05-26,10.516325046572371,10.571480597515933,10.479554679276664,10.497939862924516,699159.0,7339729.136622442
2025-05-27,10.525517638396297,10.608250964811639,10.497939862924516,10.562288005692006,801915.0,8470057.186084505
2025-05-28,10.571480597515933,10.617443556635566,10.516325046572371,10.599058372987713,658179.0,6976077.64087468
2025-05-29,10.589865781163788,10.617443556635568,10.525517638396298,10.534710230220226,919807.0,9689900.212728174
2025-05-30,10.543902822044151,10.645021332107348,10.516325046572371,10.626636148459493,1130849.0,12017120.861849269
2025-06-03,10.608250964811639,10.948376862296936,10.599058372987713,10.856450944057665,2192480.0,23802551.56582755
2025-06-04,10.865643535881592,10.920799086825154,10.828873168585885,10.884028719529447,1167960.0,12712110.183261612
2025-06-05,10.920799086825156,10.948376862296936,10.718562066698762,10.72775465852269,1166803.0,12517176.31882825
2025-06-06,10.75533243399447,10.838065760409812,10.736947250346617,10.75533243399447,682353.0,7338933.352333428
2025-06-09,10.782910209466252,10.801295393114104,10.709369474874837,10.764525025818399,773255.0,8323722.798839206
2025-06-10,10.773717617642324,10.929991678649081,10.764525025818399,10.856450944057666,1428132.0,15504444.999638963
2025-06-11,10.865643535881594,10.96676204594479,10.838065760409814,10.893221311353376,1094667.0,11924449.893235266
2025-06-12,10.959579285626877,11.092307754483949,10.921656865953429,11.073346544647226,1290220.0,14287053.178834744
2025-06-13,11.073346544647226,11.1302301741574,10.959579285626878,10.978540495463603,1095494.0,12026925.241537405
2025-06-16,10.969059890545239,11.177633198749211,10.93113747087179,11.177633198749211,1174438.0,13127437.178672627
2025-06-17,11.177633198749213,11.262958643014473,11.101788359402313,11.149191383994125,890027.0,9923081.359922139
2025-06-18,11.168152593830849,11.196594408585938,11.054385334810501,11.158671988912486,683521.0,7627186.636533451
2025-06-19,11.149191383994124,11.16815259383085,11.044904729892139,11.09230775448395,832247.0,9231539.851746004
2025-06-20,11.092307754483949,11.243997433177748,11.063865939728863,11.225036223341023,1309198.0,14695794.973525621
2025-06-23,11.196594408585938,11.348284087279735,11.063865939728863,11.310361667606283,1389170.0,15712015.11778862
2025-06-24,11.281919852851198,11.386206506953183,11.225036223341023,11.310361667606283,1308525.0,14799891.001104511
2025-06-25,11.310361667606283,11.45257074138172,11.21555561842266,11.433609531544995,1675116.0,19152622.264043525
2025-06-26,11.424128926626631,11.831794938116214,11.386206506953183,11.765430703687677,2174578.0,25584846.768763743
2025-06-27,11.72750828401423,11.926600987299837,11.499973765973532,11.56633800040207,2377600.0,27500125.22975596
2025-06-30,11.509454370891895,11.537896185646982,11.338803482361373,11.443090136463358,1504820.0,17219790.89915279
2025-07-01,11.433609531544995,11.68958586434078,11.433609531544995,11.661144049585692,1354341.0,15793165.493259937
2025-07-02,11.670624654504055,11.765430703687677,11.594779815157155,11.680105259422417,1200412.0,14020938.514673783
2025-07-03,11.68958586434078,11.774911308606042,11.642182839748967,11.708547074177504,794086.0,9297593.311945317
2025-07-04,11.708547074177504,12.059329456156911,11.661144049585692,11.945562197136564,1775333.0,21207350.772129048
2025-07-07,11.945562197136562,12.154135505340534,11.945562197136562,12.116213085667084,1495407.0,18118669.861798156
2025-07-08,12.087771270911997,12.173096715177259,11.992965221728374,12.030887641401822,1090986.0,13125529.98434241
2025-07-09,12.002445826646737,12.229980344687434,12.002445826646737,12.173096715177259,1205963.0,14680304.233925313
2025-07-10,12.154135505340534,12.637646356177015,12.125693690585448,12.49543728240158,2481416.0,31006377.9995478
2025-07-11,12.504917887319943,12.609204541421928,12.220499739769071,12.239460949605794,2443744.0,29910109.25883346
2025-07-14,12.201538529932344,12.485956677483216,12.192057925013982,12.30582518403433,1872896.0,23047530.76387716
2025-07-15,12.315305788952694,12.362708813544506,12.049848851238549,12.068810061075274,1810531.0,21850954.748688675
2025-07-16,12.068810061075274,12.09725187583036,11.85075614795294,11.983484616810012,1927864.0,23102528.587301817
2025-07-17,11.955042802054926,12.040368246320186,11.888678567626389,11.936081592218201,944641.0,11275312.051354595
2025-07-18,11.964523406973287,12.087771270911997,11.945562197136562,12.040368246320185,1241206.0,14944577.309542092
2025-07-21,11.983484616810012,12.049848851238549,11.898159172544752,11.955042802054926,1079027.0,12899813.96957292
2025-07-22,11.945562197136562,11.945562197136562,11.680105259422417,11.841275543034577,1935229.0,22915579.82787126
2025-07-23,11.81283372827949,11.97400401189165,11.803353123361127,11.879197962708027,1370520.0,16280678.391850604
2025-07-24,11.879197962708025,11.879197962708025,11.68958586434078,11.708547074177503,1959351.0,22941153.418336764
2025-07-25,11.68958586434078,11.81283372827949,11.680105259422417,11.708547074177503,1108267.0,12976196.340257479
2025-07-28,11.708547074177503,11.879197962708027,11.680105259422417,11.81283372827949,1238243.0,14627158.67420598
2025-07-29,11.812833728279488,11.8602367528713,11.69906646925914,11.69906646925914,1012818.0,11849025.103262104
2025-07-30,11.708547074177503,11.983484616810012,11.69906646925914,11.841275543034577,1715164.0,20309729.525493357
2025-07-31,11.8602367528713,11.898159172544752,11.585299210238793,11.594779815157155,1690081.0,19596117.06478062
2025-08-01,11.604260420075518,11.68958586434078,11.518934975810257,11.642182839748967,1012187.0,11784066.122016989
2025-08-04,11.604260420075518,11.736988888932592,11.575818605320432,11.661144049585692,1032690.0,12042346.848566648
2025-08-05,11.661144049585692,11.850756147952941,11.642182839748967,11.822314333197852,1132078.0,13383781.965697957
2025-08-06,11.822314333197852,11.869717357789662,11.755950098769315,11.81283372827949,690448.0,8156147.422023117
2025-08-07,11.793872518442766,11.879197962708027,11.746469493850952,11.822314333197852,722053.0,8536337.531228509
2025-08-08,11.831794938116214,11.879197962708027,11.746469493850952,11.755950098769315,829796.0,9755040.368158383
2025-08-11,11.755950098769315,11.77491130860604,11.632702234830605,11.66114404958569,934353.0,10895624.926162539
2025-08-12,11.661144049585692,11.755950098769315,11.661144049585692,11.68958586434078,680056.0,7949573.004560133
2025-08-13,11.72750828401423,11.755950098769315,11.594779815157155,11.623221629912242,1119813.0,13015834.683056917
2025-08-14,11.632702234830605,11.69906646925914,11.556857395483705,11.566338000402068,1241041.0,14354299.678356983
2025-08-15,11.594779815157153,11.594779815157153,11.319842272524646,11.45257074138172,1948503.0,22315368.447294507
2025-08-18,11.433609531544995,11.518934975810257,11.40516771678991,11.452570741381722,1239058.0,14190399.397674954
2025-08-19,11.471531951218445,11.490493161055168,11.395687111871545,11.433609531544993,892860.0,10208612.606335264
2025-08-20,11.433609531544995,11.49049316105517,11.357764692198097,11.443090136463358,1048739.0,12000814.906624446
2025-08-21,11.424128926626633,11.556857395483707,11.40516771678991,11.518934975810257,1217418.0,14023358.780380972
2025-08-22,11.518934975810257,11.53789618564698,11.357764692198097,11.433609531544995,1644260.0,18799826.808338173
2025-08-25,11.490493161055168,11.879197962708025,11.471531951218445,11.803353123361125,3045088.0,35942248.95570948
2025-08-26,11.803353123361127,11.85075614795294,11.661144049585692,11.718027679095867,1383599.0,16213051.378769362
2025-08-27,11.680105259422417,11.718027679095867,11.424128926626633,11.433609531544995,1860050.0,21267085.40915027
2025-08-28,11.462051346300083,11.509454370891895,11.348284087279735,11.45257074138172,1653588.0,18937833.547099914
2025-08-29,11.424128926626633,11.585299210238793,11.40516771678991,11.424128926626633,1805126.0,20621992.152805828
2025-09-01,11.424128926626631,11.424128926626631,11.234516828259386,11.272439247932834,1858459.0,20949366.172274005
2025-09-02,11.234516828259386,11.367245297116458,11.225036223341023,11.357764692198097,1492716.0,16953917.080279175
2025-09-03,11.357764692198097,11.386206506953183,11.1302301741574,11.139710779075763,1367232.0,15230569.047897313
2025-09-04,11.149191383994124,11.158671988912486,10.997501705300326,11.1302301741574,1295300.0,14416987.14458608
2025-09-05,11.120749569239038,11.1302301741574,11.025943520055415,11.111268964320676,819662.0,9107484.941833014
2025-09-08,11.101788359402311,11.168152593830849,11.063865939728863,11.092307754483949,924431.0,10254073.149785351
2025-09-09,11.101788359402311,11.168152593830849,11.073346544647226,11.139710779075763,860539.0,9586155.574115079
2025-09-10,11.1302301741574,11.177633198749213,11.101788359402313,11.158671988912488,792668.0,8845122.208107283
2025-09-11,11.158671988912488,11.234516828259387,11.101788359402313,11.234516828259387,963932.0,10829310.275297727
2025-09-12,11.215555618422663,11.262958643014473,11.09230775448395,11.111268964320676,940385.0,10448870.665012699
2025-09-15,11.09230775448395,11.111268964320676,11.025943520055415,11.044904729892139,840387.0,9281994.351239864
2025-09-16,11.054385334810501,11.101788359402311,11.006982310218689,11.035424124973776,708048.0,7813609.980839432
2025-09-17,11.035424124973776,11.063865939728863,10.978540495463603,11.035424124973776,771129.0,8509735.570066903
2025-09-18,11.044904729892139,11.054385334810501,10.788928397096356,10.817370211851442,1386160.0,14994605.892859994
2025-09-19,10.817370211851442,10.912176261035068,10.779447792177994,10.855292631524893,834651.0,9060380.850194884
2025-09-22,10.84581202660653,10.874253841361616,10.779447792177994,10.788928397096356,596402.0,6434538.473885061
2025-09-23,10.779447792177994,10.978540495463603,10.732044767586181,10.921656865953429,1341430.0,14650638.169695908
2025-09-24,10.912176261035066,11.016462915137051,10.836331421688167,10.864773236443254,1139583.0,12381310.879105713
2025-09-25,10.836331421688167,10.874253841361615,10.76996718725963,10.80788960693308,773276.0,8357481.6436907835
2025-09-26,10.798409002014719,10.845812026606529,10.732044767586181,10.807889606933081,753239.0,8140923.959636667
2025-09-29,10.807889606933081,10.883734446279979,10.68464174299437,10.779447792177992,1176012.0,12676759.956974825
2025-09-30,10.779447792177994,10.779447792177994,10.703602952831096,10.751005977422908,832479.0,8949986.705079045
2025-10-09,10.741525372504544,10.817370211851442,10.68464174299437,10.807889606933081,1047469.0,11320929.318684587
2025-10-10,10.779447792177992,10.893215051198341,10.76996718725963,10.836331421688167,1087948.0,11789365.097562797
2025-10-13,10.73204476758618,10.864773236443254,10.694122347912732,10.80788960693308,1168802.0,12632282.988362597
2025-10-14,10.798409002014717,10.997501705300326,10.76996718725963,10.96905989054524,1843428.0,20220672.135908034
2025-10-15,10.978733786036678,11.056185170770622,10.901282401302733,11.036822324587137,1271061.0,14028474.42071205
2025-10-16,11.01745947840365,11.182043670963282,10.998096632220163,11.17236224787154,1261937.0,14098817.297992267
2025-10-17,11.133636555504568,11.211087940238512,11.017459478403651,11.036822324587137,1039666.0,11474608.91891421
2025-10-20,11.04650374767888,11.08522944004585,10.910963824394475,11.056185170770622,952641.0,10532575.297268096
2025-10-21,11.036822324587137,11.10459228622934,11.027140901495393,11.065866593862365,761165.0,8422950.345917247
2025-10-22,11.036822324587137,11.17236224787154,11.036822324587137,11.152999401688053,833703.0,9298289.060185535
2025-10-23,11.152999401688053,11.336946440431173,11.133636555504568,11.25949505569723,1373112.0,15460547.774918534
2025-10-24,11.230450786422,11.307902171155945,11.182043670963283,11.191725094055027,980475.0,10973206.661593603
2025-10-27,11.17236224787154,11.24013220951374,11.075548016954109,11.152999401688053,1239485.0,13823975.463401316
2025-10-28,11.162680824779796,11.211087940238512,11.056185170770622,11.10459228622934,821568.0,9123177.675412865
2025-10-29,11.094910863137594,11.094910863137594,10.998096632220163,11.027140901495391,966214.0,10654577.918997468
2025-10-30,11.01745947840365,11.104592286229337,10.998096632220163,11.01745947840365,943770.0,10397947.731933013
2025-10-31,11.017459478403651,11.036822324587137,10.940008093669706,10.959370939853192,970193.0,10632704.970248988
2025-11-03,10.978733786036678,11.07554801695411,10.940008093669706,11.065866593862367,952326.0,10538312.469866572
2025-11-04,11.056185170770622,11.269176478788971,11.036822324587137,11.220769363330255,1503007.0,16864894.898470916
2025-11-05,11.220769363330255,11.230450786421999,11.133636555504568,11.152999401688053,794926.0,8865809.202386277
2025-11-06,11.133636555504568,11.211087940238512,11.10459228622934,11.14331797859631,766585.0,8542300.412622252
2025-11-07,11.152999401688053,11.211087940238512,11.133636555504568,11.182043670963283,734851.0,8217135.973651039
2025-11-10,11.152999401688055,11.269176478788971,11.085229440045852,11.25949505569723,827208.0,9313944.386033194
2025-11-11,11.249813632605486,11.317583594247687,11.20140651714677,11.2982207480642,886509.0,10015974.377145646
2025-11-12,11.32726501733943,11.414397825165118,11.278857901880714,11.307902171155943,1141325.0,12905991.445494557
2025-11-13,11.307902171155943,11.346627863522917,11.20140651714677,11.32726501733943,978991.0,11089290.506590147
2025-11-14,11.2982207480642,11.462804940623833,11.288539324972458,11.375672132798146,1316995.0,14981703.320534494
2025-11-17,11.375672132798147,11.375672132798147,11.249813632605486,11.298220748064201,995233.0,11244362.12975818
2025-11-18,11.278857901880714,11.317583594247687,11.20140651714677,11.220769363330255,670077.0,7518779.472672247
2025-11-19,11.211087940238512,11.45312351753209,11.20140651714677,11.424079248256861,1334996.0,15251100.100105917
2025-11-20,11.414397825165118,11.60802628699998,11.365990709706402,11.472486363715575,1637040.0,18780919.076856945
2025-11-21,11.424079248256861,11.501530632990805,11.288539324972458,11.317583594247687,1465359.0,16584322.978083195
2025-11-24,11.327265017339428,11.356309286614659,11.230450786421999,11.230450786421999,1117119.0,12545749.952076957
2025-11-25,11.24013220951374,11.424079248256861,11.211087940238512,11.424079248256861,1028081.0,11744878.817627162
2025-11-26,11.433760671348605,11.472486363715575,11.278857901880714,11.317583594247687,821301.0,9295142.723539218
2025-11-27,11.288539324972458,11.336946440431173,11.211087940238512,11.336946440431173,1011847.0,11471255.244910961
2025-11-28,11.2982207480642,11.307902171155943,11.211087940238512,11.24013220951374,884358.0,9940300.840541152
2025-12-01,11.230450786421999,11.327265017339428,11.162680824779796,11.317583594247687,1037323.0,11739989.766735792
2025-12-02,11.307902171155943,11.356309286614659,11.220769363330255,11.269176478788971,768060.0,8655403.686298657
2025-12-03,11.269176478788971,11.32726501733943,11.17236224787154,11.182043670963283,944601.0,10562569.633635588
2025-12-04,11.182043670963283,11.211087940238512,11.094910863137596,11.123955132412824,886090.0,9856825.403279679
2025-12-05,11.123955132412824,11.17236224787154,11.036822324587137,11.162680824779798,890766.0,9943336.547565801
2025-12-08,11.123955132412824,11.230450786421999,11.11427370932108,11.152999401688053,855899.0,9545841.034905402
2025-12-09,11.152999401688053,11.17236224787154,11.065866593862365,11.065866593862365,733957.0,8121870.24763144
2025-12-10,11.07554801695411,11.094910863137596,10.930326670577964,10.969052362944934,1044065.0,11452403.655318102
2025-12-11,10.988415209128423,11.027140901495393,10.940008093669706,11.007778055311908,925261.0,10185067.731235951
2025-12-12,11.007778055311908,11.065866593862367,10.940008093669706,10.988415209128423,1191895.0,13097037.145684121
2025-12-15,10.978733786036678,11.17236224787154,10.969052362944934,11.14331797859631,940833.0,10484001.283756701
2025-12-16,11.123955132412824,11.182043670963282,11.075548016954109,11.114273709321079,647351.0,7194836.200002709
2025-12-17,11.10459228622934,11.211087940238512,11.056185170770622,11.162680824779796,701495.0,7830564.7851789035
2025-12-18,11.14331797859631,11.278857901880714,11.11427370932108,11.269176478788971,790467.0,8907912.123658882
2025-12-19,11.25949505569723,11.278857901880714,11.211087940238512,11.249813632605484,649886.0,7311096.382439448
2025-12-22,11.24013220951374,11.24013220951374,11.14331797859631,11.152999401688053,742369.0,8279641.012831758
2025-12-23,11.152999401688053,11.230450786421999,11.133636555504568,11.191725094055027,666266.0,7456665.911515666
2025-12-24,11.182043670963283,11.211087940238512,11.123955132412824,11.17236224787154,505244.0,5644768.991563608
2025-12-25,11.17236224787154,11.249813632605484,11.152999401688053,11.191725094055025,547455.0,6126965.861365894
2025-12-26,11.191725094055025,11.220769363330255,11.162680824779796,11.17236224787154,436340.0,4874948.543236268
2025-12-29,11.17236224787154,11.249813632605484,11.133636555504568,11.191725094055027,648295.0,7255539.419850403
2025-12-30,11.162680824779798,11.191725094055027,11.085229440045852,11.11427370932108,582584.0,6474998.034671113
2025-12-31,11.11427370932108,11.123955132412824,11.036822324587137,11.04650374767888,590620.0,6524286.0434541
2026-01-05,11.056185170770622,11.14331797859631,11.04650374767888,11.133636555504568,875491.0,9747398.60161525
2026-01-06,11.133636555504568,11.307902171155943,11.11427370932108,11.2982207480642,1304648.0,14740201.102520462
2026-01-07,11.288539324972458,11.443442094440346,11.249813632605486,11.269176478788971,966236.0,10888684.00415914
2026-01-08,11.269176478788971,11.278857901880714,11.123955132412824,11.14331797859631,1100085.0,12258596.95848412
2026-01-09,11.162680824779796,11.162680824779796,11.075548016954109,11.094910863137594,983390.0,10910624.393700879
2026-01-12,11.08522944004585,11.123955132412824,11.056185170770622,11.11427370932108,855213.0,9505071.36176961
2026-01-13,11.114273709321079,11.17236224787154,11.075548016954109,11.104592286229337,1061541.0,11787980.000116177
2026-01-14,11.104592286229337,11.104592286229337,10.988415209128421,10.998096632220163,1274757.0,14019900.668599078
2026-01-15,10.969052362944934,11.007778055311908,10.940008093669706,10.949689516761449,884960.0,9690037.234753212
2026-01-16,10.978733786036678,10.978733786036678,10.804468170385302,10.833512439660531,1119473.0,12127824.671364093
2026-01-19,10.794786747293557,10.852875285844016,10.756061054926587,10.765742478018328,804741.0,8663634.367502948
2026-01-20,10.765742478018328,10.843193862752274,10.756061054926587,10.804468170385302,772276.0,8344031.46075248
2026-01-21,10.794786747293559,10.823831016568787,10.707653939467871,10.717335362559615,900125.0,9646941.493223973
2026-01-22,10.717335362559615,10.794786747293559,10.697972516376128,10.717335362559615,788635.0,8452065.773652202
2026-01-23,10.717335362559615,10.7366982087431,10.630202554733927,10.639883977825669,1109994.0,11810207.376082625
2026-01-26,10.630202554733927,10.707653939467871,10.572114016183468,10.610839708550438,1106247.0,11738209.595064797
2026-01-27,10.610839708550438,10.67860967019264,10.58179543927521,10.591476862366953,894091.0,9469744.139350532
2026-01-28,10.591476862366953,10.639883977825669,10.475299785266037,10.494662631449522,1438766.0,15099363.775600104
2026-01-29,10.494662631449522,10.630202554733927,10.320397015798147,10.61083970855044,1852994.0,19661822.314905714
2026-01-30,10.591476862366953,10.67860967019264,10.48498120835778,10.48498120835778,1091755.0,11447030.659130648
2026-02-02,10.475299785266037,10.678609670192643,10.455936939082552,10.51402547763301,1223173.0,12860472.085552802
2026-02-03,10.543069746908238,10.552751169999981,10.426892669807321,10.494662631449522,806628.0,8465288.729080865
2026-02-04,10.504344054541265,10.630202554733927,10.494662631449522,10.620521131642183,695415.0,7385669.702760949
2026-02-05,10.630202554733927,10.756061054926588,10.61083970855044,10.736698208743102,1177591.0,12643439.180331998
2026-02-06,10.727016785651358,10.785105324201817,10.639883977825669,10.697972516376128,727710.0,7785021.579892072
2026-02-09,10.697972516376128,10.756061054926587,10.659246824009156,10.717335362559615,619717.0,6641714.918879356
2026-02-10,10.717335362559615,10.746379631834843,10.668928247100897,10.70765393946787,600430.0,6429196.654874693
2026-02-11,10.70765393946787,10.7366982087431,10.668928247100897,10.717335362559615,431041.0,4619610.952013059
2026-02-12,10.717335362559615,10.727016785651358,10.58179543927521,10.610839708550438,681340.0,7229589.527023756
2026-02-13,10.61083970855044,10.639883977825669,10.552751169999981,10.562432593091724,555047.0,5862646.523497783
2026-02-24,10.581795439275211,10.601158285458698,10.533388323816496,10.562432593091724,602512.0,6363992.386528881
2026-02-25,10.562432593091724,10.601158285458697,10.436574092899063,10.514025477633009,1063135.0,11177828.476163369
2026-02-26,10.51402547763301,10.562432593091724,10.455936939082552,10.523706900724752,712730.0,7500561.619353552
2026-02-27,10.514025477633009,10.572114016183468,10.494662631449522,10.552751169999981,612228.0,6460689.743306749
2026-03-02,10.504344054541265,10.543069746908238,10.426892669807321,10.504344054541265,838874.0,8811821.11440925
2026-03-03,10.504344054541267,10.601158285458698,10.455936939082552,10.533388323816496,1028695.0,10835643.90176841
2026-03-04,10.494662631449522,10.494662631449522,10.33007843888989,10.368804131256862,1089714.0,11299031.02508844
2026-03-05,10.378485554348606,10.494662631449524,10.35912270816512,10.465618362174293,712641.0,7458228.73523825
2026-03-06,10.436574092899063,10.494662631449522,10.426892669807321,10.475299785266037,476577.0,4992286.945762732
2026-03-09,10.446255515990808,10.475299785266037,10.397848400532093,10.417211246715578,835892.0,8707663.543439578
2026-03-10,10.426892669807321,10.465618362174293,10.38816697744035,10.465618362174293,790112.0,8269010.655374255
2026-03-11,10.446255515990806,10.552751169999981,10.426892669807321,10.543069746908238,720535.0,7596650.760088527
2026-03-12,10.52370690072475,10.610839708550438,10.504344054541265,10.591476862366953,754906.0,7995569.432261987
2026-03-13,10.581795439275211,10.649565400917414,10.523706900724752,10.581795439275211,841939.0,8909226.270347932
2026-03-16,10.581795439275211,10.620521131642183,10.533388323816496,10.572114016183468,715603.0,7565436.506322938
2026-03-17,10.562432593091724,10.717335362559615,10.552751169999981,10.678609670192643,1076657.0,11497199.8516806
2026-03-18,10.688291093284386,10.688291093284386,10.562432593091724,10.61083970855044,791079.0,8394012.465800373
2026-03-19,10.572114016183468,10.620521131642182,10.514025477633009,10.533388323816494,624212.0,6575067.392386141
2026-03-20,10.52370690072475,10.591476862366953,10.417211246715578,10.426892669807321,834083.0,8696893.9187109
2026-03-23,10.339759861981634,10.339759861981634,10.097724284688056,10.11708713087154,1580088.0,15985887.97044455
2026-03-24,10.184857092513743,10.543069746908238,10.184857092513743,10.533388323816494,1622251.0,17087799.741699632
2026-03-25,10.54306974690824,10.601158285458698,10.446255515990808,10.591476862366955,744780.0,7888320.13755366
2026-03-26,10.562432593091724,10.697972516376128,10.552751169999981,10.591476862366953,827664.0,8766184.105814083
2026-03-27,10.562432593091724,10.697972516376128,10.48498120835778,10.668928247100897,884129.0,9432708.86218107
2026-03-30,10.630202554733925,10.697972516376128,10.591476862366953,10.639883977825669,632522.0,6729960.693422248
2026-03-31,10.649565400917412,10.823831016568787,10.639883977825669,10.727016785651358,1164565.0,12492308.302982073
2026-04-01,10.7366982087431,10.872238132027505,10.727016785651358,10.794786747293559,918925.0,9919599.411756733
2026-04-02,10.794786747293559,10.959370939853192,10.775423901110074,10.910963824394477,1148895.0,12535551.783027692
2026-04-03,10.920645247486219,10.920645247486219,10.7366982087431,10.765742478018328,757757.0,8157816.722915734
2026-04-07,10.76574247801833,10.785105324201817,10.620521131642183,10.678609670192643,607955.0,6492114.142041968
2026-04-08,10.756061054926588,10.862556708935761,10.697972516376128,10.862556708935761,812976.0,8830997.90300376
2026-04-09,10.814149593477046,10.862556708935761,10.707653939467871,10.746379631834843,602365.0,6473242.966930196
2026-04-10,10.746379631834843,10.775423901110074,10.717335362559615,10.7366982087431,481047.0,5164856.463221242
2026-04-13,10.697972516376128,10.7366982087431,10.67860967019264,10.717335362559613,406104.0,4352352.760076909
2026-04-14,10.717335362559615,10.814149593477046,10.717335362559615,10.814149593477046,496151.0,5365451.13495323
2026-04-15,10.804468170385302,10.862556708935761,10.794786747293559,10.852875285844018,503938.0,5469176.265797663
2026-04-16,10.843193862752276,10.872238132027505,10.717335362559615,10.7366982087431,680915.0,7310778.860806308
2026-04-17,10.7366982087431,10.756061054926587,10.639883977825669,10.659246824009156,722530.0,7701625.607751335
2026-04-20,10.659246824009157,10.717335362559615,10.61083970855044,10.707653939467871,630034.0,6746186.042098701
2026-04-21,10.688291093284384,10.804468170385302,10.67860967019264,10.727016785651358,806946.0,8656123.287114222
2026-04-22,10.727016785651358,10.736698208743102,10.601158285458698,10.630202554733927,839054.0,8919313.974359721
2026-04-23,10.630202554733927,10.67860967019264,10.58179543927521,10.649565400917412,648067.0,6901631.9006763445
2026-04-24,10.630202554733927,10.67860967019264,10.572114016183468,10.649565400917412,582710.0,6205608.254768585
2026-04-27,10.969052362944934,11.20140651714677,10.930326670577964,11.017459478403651,3401276.0,37473420.50486686
2026-04-28,10.998096632220163,11.094910863137596,10.959370939853192,11.094910863137596,1674259.0,18575754.36680589
2026-04-29,11.065866593862365,11.17236224787154,11.027140901495393,11.152999401688055,1378423.0,15373550.894273054
2026-04-30,11.133636555504568,11.230450786422,11.094910863137596,11.123955132412824,1139242.0,12672876.89296025
2026-05-06,11.133636555504568,11.133636555504568,10.940008093669706,10.998096632220165,1216388.0,13377952.766273022
2026-05-07,11.007778055311908,11.027140901495393,10.940008093669706,11.007778055311908,936958.0,10313825.711148934
2026-05-08,10.978733786036678,11.056185170770622,10.940008093669706,10.940008093669706,798820.0,8739097.265385235
2026-05-11,10.930326670577964,10.949689516761449,10.804468170385302,10.920645247486219,931865.0,10176567.083548745
2026-05-12,10.92064524748622,10.998096632220165,10.852875285844018,10.89160097821099,1029038.0,11207871.287416281
2026-05-13,10.89160097821099,10.920645247486219,10.756061054926587,10.785105324201815,1017974.0,10978956.807299018
2026-05-14,10.785105324201817,10.794786747293559,10.697972516376128,10.697972516376128,794368.0,8498127.031888671
2026-05-15,10.697972516376128,10.756061054926588,10.61083970855044,10.639883977825669,974742.0,10371141.788313748
2026-05-18,10.61083970855044,10.620521131642183,10.475299785266037,10.514025477633009,856382.0,9004022.166586312
2026-05-19,10.48498120835778,10.572114016183468,10.48498120835778,10.514025477633009,793529.0,8343184.123240644
2026-05-20,10.514025477633009,10.533388323816494,10.417211246715578,10.426892669807321,747632.0,7795478.620513387
2026-05-21,10.436574092899063,10.45593693908255,10.349441285073375,10.359122708165119,1110211.0,11500811.980954705
2026-05-22,10.35912270816512,10.38816697744035,10.310715592706405,10.339759861981634,954133.0,9865506.096392121
2026-05-25,10.339759861981634,10.417211246715578,10.301034169614661,10.339759861981634,663103.0,6856325.783759607
2026-05-26,10.368804131256864,10.48498120835778,10.320397015798147,10.446255515990808,837347.0,8747140.717548355
2026-05-27,10.417211246715578,10.504344054541267,10.378485554348606,10.417211246715578,839727.0,8747613.548570732
2026-05-28,10.41721124671558,10.446255515990808,10.291352746522918,10.320397015798147,900711.0,9295695.116496565
2026-05-29,10.310715592706405,10.581795439275211,10.281671323431176,10.581795439275211,1399368.0,14807825.920267673
2026-06-01,10.552751169999981,10.639883977825669,10.465618362174293,10.639883977825669,954596.0,10156790.685696471
2026-06-02,10.630202554733925,10.746379631834843,10.591476862366953,10.727016785651358,885428.0,9498001.01848571
2026-06-03,10.67860967019264,10.707653939467871,10.572114016183468,10.639883977825669,825272.0,8780798.330148146
2026-06-04,10.562432593091724,10.620521131642182,10.426892669807321,10.475299785266037,869271.0,9105874.319637993
2026-06-05,10.48498120835778,10.67860967019264,10.48498120835778,10.630202554733927,1003503.0,10667440.15428316
2026-06-08,10.620521131642183,10.746379631834845,10.61083970855044,10.678609670192643,1090926.0,11649572.933064578
2026-06-09,10.659246824009157,10.833512439660533,10.61083970855044,10.775423901110074,1149672.0,12388203.147237021
2026-06-10,10.717335362559615,10.988415209128421,10.717335362559615,10.959370939853192,1543176.0,16912238.20947889
2026-06-11,10.959370939853192,11.027140901495393,10.89160097821099,10.940008093669706,1156222.0,12649078.038078975
2026-06-12,11.0,11.25,10.88,11.24,2032355.0,22843670.2
2026-06-15,11.21,11.21,10.98,11.06,1541305.0,17046833.3
2026-06-16,11.05,11.120000000000001,10.91,10.94,942708.0,10313225.52
2026-06-17,10.97,10.99,10.75,10.78,965828.0,10411625.84
2026-06-18,10.74,10.77,10.52,10.52,1426893.0,15010914.36
2026-06-22,10.52,10.67,10.42,10.65,1265317.0,13475626.05
2026-06-23,10.65,10.91,10.63,10.71,1190604.0,12751368.840000002
2026-06-24,10.68,10.78,10.51,10.51,1125841.0,11832588.91
2026-06-25,10.47,10.59,10.41,10.42,1083999.0,11295269.58
2026-06-26,10.42,10.469999999999999,10.19,10.229999999999999,1236482.0,12649210.859999998
2026-06-29,10.219999999999999,10.32,10.02,10.24,1124140.0,11511193.6
2026-06-30,10.22,10.22,10.040000000000001,10.05,1111353.0,11169097.65
2026-07-01,10.05,10.18,9.99,10.16,906890.0,9214002.4
2026-07-02,10.2,10.36,10.17,10.28,1004749.0,10328819.719999999
2026-07-03,10.29,10.4,10.18,10.29,863327.0,8883634.83
2026-07-06,10.25,10.520000000000001,10.22,10.5,1061049.0,11141014.5
2026-07-07,10.459999999999999,10.51,10.35,10.469999999999999,805221.0,8430663.87
2026-07-08,10.44,10.629999999999999,10.34,10.6,950760.0,10078056.0
2026-07-09,10.549999999999999,10.59,10.43,10.49,747191.0,7838033.59
2026-07-10,10.5,10.51,10.4,10.450000000000001,957320.0,10003994.000000002
2026-07-13,10.42,10.55,10.38,10.540000000000001,924746.0,9746822.840000002
2026-07-14,10.530000000000001,10.700000000000001,10.48,10.690000000000001,1193715.0,12760813.350000001
2026-07-15,10.65,10.870000000000001,10.63,10.840000000000002,981422.0,10638614.480000002
2026-07-16,10.850000000000001,10.930000000000001,10.72,10.770000000000001,800766.0,8624249.82
2026-07-17,10.75,10.88,10.72,10.780000000000001,1075499.0,11593879.22
2026-07-20,10.75,11.0,10.74,10.98,1567304.0,17208997.92
2026-07-21,10.99,11.13,10.83,10.84,1755113.0,19025424.919999998
2026-07-22,10.809999999999999,10.98,10.77,10.98,1029484.0,11303734.32
2026-07-23,10.92,11.120000000000001,10.9,11.08,1095743.0,12140832.44
2026-07-24,11.09,11.18,11.09,11.1,1140933.0,12664356.299999999
2026-07-27,11.110000000000001,11.16,11.040000000000001,11.110000000000001,957156.0,10634003.160000002
2026-07-28,11.1,11.209999999999999,11.09,11.2,1061011.0,11883323.2
2026-07-29,11.19,11.36,11.18,11.28,1511054.0,17044689.119999997
2026-07-30,11.28,11.62,11.18,11.61,2777708.0,32249189.88
2026-07-31,11.5,11.629999999999999,11.28,11.629999999999999,2024979.0,23550505.77
2026-08-03,11.54,11.66,11.52,11.62,1060851.0,12327088.62
2026-08-04,11.58,11.62,11.42,11.44,1221130.0,13969727.2
2026-08-05,11.41,11.500000000000002,11.290000000000001,11.360000000000001,471473.0,5355933.28
2026-01-01,11.050537109375,11.115096092224121,11.018852233886719,11.062315940856934,547265.6875,5841819.0
2026-01-02,11.059581756591797,11.124139785766602,11.009008407592773,11.063620567321777,638140.4375,6833333.5
2026-01-05,11.030218124389648,11.07545280456543,10.958479881286621,10.996652603149414,610776.4375,6569280.0
2026-01-06,11.003946304321289,11.08230209350586,10.959739685058594,11.009690284729004,648248.0625,6993648.5
2026-01-07,11.014643669128418,11.109262466430664,10.972370147705078,11.048799514770508,884741.375,9554725.0
2026-01-08,11.046069145202637,11.117900848388672,10.999808311462402,11.05787181854248,684350.25,7318060.0
2026-01-09,11.028785705566406,11.09430980682373,10.981168746948242,11.036273956298828,761365.5,8237996.0
2026-01-12,11.033662796020508,11.181107521057129,11.014167785644531,11.13151741027832,939418.375,10160371.0
2026-01-13,11.109801292419434,11.152438163757324,11.030017852783203,11.073369026184082,791561.125,8568190.0
2026-01-14,11.125293731689453,11.231228828430176,11.014946937561035,11.060407638549805,847082.75,9144602.0
2026-01-15,11.042384147644043,11.0914306640625,10.879962921142578,10.933247566223145,866619.375,9424904.0
2026-01-16,10.943253517150879,11.006664276123047,10.866891860961914,10.920188903808594,894978.75,9651102.0
2026-01-19,10.91518497467041,11.02538013458252,10.895442962646484,10.98708724975586,826768.0,8913013.0
2026-01-20,10.98824405670166,11.216458320617676,10.979376792907715,11.172138214111328,1022415.9375,11068406.0
2026-01-21,11.176040649414062,11.317540168762207,11.125767707824707,11.237367630004883,1310411.0,14324550.0
2026-01-22,11.31302261352539,11.485786437988281,11.266837120056152,11.438471794128418,1603086.125,17753986.0
2026-01-23,11.370871543884277,11.414904594421387,11.238271713256836,11.286262512207031,1206765.5,13208627.0
2026-01-26,11.309557914733887,11.472472190856934,11.289952278137207,11.430548667907715,963872.0,10459380.0
2026-01-27,11.434017181396484,11.620756149291992,11.395109176635742,11.560624122619629,1260596.875,13877083.0
2026-01-28,11.535386085510254,11.696237564086914,11.404942512512207,11.559574127197266,1855843.0,20446274.0
2026-01-29,11.49768352508545,11.540189743041992,11.236180305480957,11.289546966552734,1762692.625,19462318.0
2026-01-30,11.30179214477539,11.483986854553223,11.272587776184082,11.419549942016602,1294706.875,14130723.0
2026-02-02,11.47842025756836,11.608789443969727,11.422175407409668,11.564437866210938,1655981.75,18303718.0
2026-02-03,11.428787231445312,11.523534774780273,11.246397972106934,11.366004943847656,1820949.75,20408042.0
2026-02-04,11.339658737182617,11.447770118713379,11.264745712280273,11.357172012329102,1112074.25,12009611.0
2026-02-05,11.351760864257812,11.437525749206543,11.28593921661377,11.358325004577637,1060412.75,11424498.0
2026-02-06,11.351737976074219,11.411791801452637,11.26740837097168,11.322647094726562,1195078.625,12961334.0
2026-02-09,11.367859840393066,11.513823509216309,11.253790855407715,11.318891525268555,994851.1875,10745095.0
2026-02-10,11.29454231262207,11.337578773498535,11.149033546447754,11.195639610290527,972390.0,10511148.0
2026-02-11,11.237626075744629,11.368097305297852,11.122373580932617,11.184187889099121,931465.25,10039558.0
2026-02-12,11.177801132202148,11.310535430908203,11.141743659973145,11.247040748596191,1158879.75,12585816.0
2026-02-13,11.204867362976074,11.261069297790527,11.117692947387695,11.17885971069336,883061.125,9547426.0
2026-02-16,11.165184020996094,11.297751426696777,11.138416290283203,11.246315002441406,1010681.25,10898780.0
2026-02-17,11.228816032409668,11.294236183166504,11.171879768371582,11.23037052154541,888737.0625,9599672.0
2026-02-18,11.19759464263916,11.258155822753906,11.05943775177002,11.11810302734375,1073114.0,11550823.0
2026-02-19,11.10733413696289,11.179878234863281,11.035032272338867,11.09882926940918,966607.75,10403088.0
2026-02-20,11.077319145202637,11.245340347290039,11.054765701293945,11.197347640991211,1019977.8125,10996315.0
2026-02-23,11.181927680969238,11.445152282714844,11.097575187683105,11.293095588684082,1507957.5,16456899.0
2026-02-24,11.309896469116211,11.483030319213867,11.164588928222656,11.190271377563477,1313272.0,14445158.0
2026-02-25,11.174338340759277,11.215703964233398,11.021013259887695,11.063802719116211,965199.375,10465313.0
2026-02-26,11.04428768157959,11.110651969909668,10.976730346679688,11.038325309753418,860300.25,9296967.0
2026-02-27,11.085071563720703,11.232943534851074,10.985774040222168,11.06367015838623,914183.375,9857644.0
2026-03-02,11.063793182373047,11.14441204071045,11.037899017333984,11.109037399291992,891611.0,9539484.0
2026-03-03,11.114870071411133,11.240942001342773,11.084891319274902,11.188216209411621,995539.3125,10761699.0
2026-03-04,11.1895170211792,11.253451347351074,11.072310447692871,11.125269889831543,1508608.375,16420578.0
2026-03-05,11.125299453735352,11.20089054107666,11.052321434020996,11.123201370239258,1182178.875,12840270.0
2026-03-06,11.112466812133789,11.21718978881836,11.083718299865723,11.172091484069824,919103.9375,9925600.0
2026-03-09,11.135497093200684,11.165400505065918,10.992112159729004,11.035359382629395,1111712.0,12025365.0
2026-03-10,11.03908920288086,11.053149223327637,10.917266845703125,10.936923027038574,1013011.5625,10889685.0
2026-03-11,10.947946548461914,11.032268524169922,10.780265808105469,10.822741508483887,866136.0,9362949.0
2026-03-12,10.881885528564453,10.922128677368164,10.774075508117676,10.812533378601074,1380133.75,14886927.0
2026-03-13,10.916485786437988,10.904549598693848,10.731243133544922,10.811471939086914,1357742.5,13862205.0
2026-03-16,10.742483139038086,10.883072853088379,10.650002479553223,10.824162483215332,1517084.5,16290676.0
2026-03-17,10.669785499572754,10.707849502563477,10.102030754089355,10.78790283203125,1064268.875,11316709.0
2026-03-18,10.655336380004883,10.730899810791016,10.4620943069458,10.583414077758789,1418836.5,15224205.0
2026-03-19,10.528983116149902,10.579181671142578,10.308867454528809,10.407292366027832,2018220.875,21701502.0
2026-03-20,10.52531909942627,10.650022506713867,10.340377807617188,10.45150375366211,1379886.625,14848422.0
2026-03-23,10.476557731628418,10.574298858642578,10.406916618347168,10.493017196655273,875381.5,9296839.0
2026-03-24,10.481388092041016,10.536650657653809,10.366114616394043,10.416177749633789,1089682.0,11614877.0
2026-03-25,10.422307014465332,10.555517196655273,10.383655548095703,10.495315551757812,1399322.0,14929012.0
2026-03-26,10.457915306091309,10.52996826171875,10.349968910217285,10.396225929260254,1951689.125,20944360.0
2026-03-27,10.356489181518555,10.504286766052246,10.287007331848145,10.429513931274414,2186596.0,23726448.0
2026-03-30,10.097583770751953,10.288504600524902,10.136604309082031,10.290290832519531,1879106.0,20132716.0
2026-03-31,10.284977912902832,10.425485610961914,10.208642959594727,10.326608657836914,1204484.25,12930202.0
2026-04-01,10.283750534057617,10.55112361907959,10.296728134155273,10.477144241333008,1338050.125,14384017.0
2026-04-02,10.464432716369629,10.684853553771973,10.394593238830566,10.534822463989258,1603259.25,17158540.0
2026-04-03,9.935527801513672,10.409137725830078,9.573362350463867,10.315181732177734,1616403.25,17341484.0
2026-04-06,10.33249282836914,10.815203666687012,10.222407341003418,10.504060745239258,1644479.25,17923928.0
2026-04-07,10.552292823791504,10.670624732971191,10.407418251037598,10.621792793273926,1001378.75,10696502.0
2026-04-08,10.500251770019531,10.685081481933594,10.348312377929688,10.392631530761719,1067216.875,11422844.0
2026-04-09,10.393148422241211,10.565739631652832,10.33387279510498,10.549245834350586,962156.125,10215008.0
2026-04-10,10.472436904907227,10.59488582611084,10.376757621765137,10.54416275024414,1111931.125,11851747.0
2026-04-13,10.477794647216797,10.934304237365723,10.100471496582031,10.640451431274414,1617320.5,17715870.0
2026-04-14,10.791365623474121,10.93301773071289,10.697050094604492,10.850913047790527,1566093.375,16996444.0
2026-04-15,10.929987907409668,10.902294158935547,10.80054759979248,10.79080867767334,1579955.25,17063388.0
2026-04-16,10.686710357666016,10.698923110961914,10.675699234008789,10.64528751373291,1414399.25,14834881.0
2026-04-17,10.651762962341309,10.862555503845215,10.652873992919922,10.829529762268066,951213.125,10260732.0
2026-04-20,10.803702354431152,11.107126235961914,10.77621078491211,11.039685249328613,1268155.625,13569643.0
2026-04-21,11.029607772827148,11.04706859588623,10.93149471282959,10.937332153320312,947942.25,10210150.0
2026-04-22,10.907963752746582,10.987829208374023,10.859899520874023,10.935979843139648,887655.0625,9531031.0
2026-04-23,10.925646781921387,10.975054740905762,10.891518592834473,10.91395378112793,919439.0,9864633.0
2026-04-24,10.726457595825195,11.034483909606934,10.624382019042969,10.785638809204102,1025750.0625,11052521.0
2026-04-27,10.90142822265625,11.293258666992188,10.92557144165039,11.178003311157227,1922601.875,20634420.0
2026-04-28,11.146811485290527,11.24476432800293,11.073851585388184,11.221223831176758,1720418.25,18651376.0
2026-04-29,11.170047760009766,11.238744735717773,11.020264625549316,11.080363273620605,1684549.5,18300106.0
2026-04-30,11.09190845489502,11.164063453674316,10.940022468566895,11.011505126953125,1995237.25,21801044.0
2026-05-01,10.92615795135498,11.255288124084473,10.830696105957031,11.013113975524902,1481858.5,16211832.0
2026-05-04,10.961453437805176,11.091893196105957,10.878952026367188,10.972493171691895,1917191.25,20228426.0
2026-05-05,10.92871379852295,10.981417655944824,10.799924850463867,10.853750228881836,1217280.25,13107644.0
2026-05-06,10.849245071411133,11.021012306213379,10.741130828857422,10.857542991638184,1391124.5,14958354.0
2026-05-07,10.899922370910645,11.018349647521973,10.760567665100098,10.809911727905273,916490.375,9868614.0
2026-05-08,10.810454368591309,10.912496566772461,10.77108097076416,10.862236022949219,772340.5625,8260682.0
2026-05-11,10.849124908447266,10.942024230957031,10.821324348449707,10.902436256408691,875125.1875,9432752.0
2026-05-12,10.892107009887695,10.95191478729248,10.83174991607666,10.887084007263184,978062.0,10474145.0
2026-05-13,10.886494636535645,10.964753150939941,10.856804847717285,10.925841331481934,883970.375,9490458.0
2026-05-14,10.92014217376709,10.928417205810547,10.836820602416992,10.84199333190918,884157.625,9505394.0
2026-05-15,10.85451602935791,10.976987838745117,10.840035438537598,10.939983367919922,1009828.5,10810210.0
2026-05-18,10.943808555603027,10.939209938049316,10.825518608093262,10.821111679077148,995010.0625,10678108.0
2026-05-19,10.798161506652832,10.857097625732422,10.693985939025879,10.748698234558105,1120495.125,11999142.0
2026-05-20,10.779946327209473,10.865267753601074,10.755648612976074,10.82506275177002,893409.375,9533946.0
2026-05-21,10.820714950561523,10.916790962219238,10.802151679992676,10.88333511352539,880222.375,9434372.0
2026-05-22,10.862327575683594,10.923008918762207,10.810399055480957,10.867100715637207,969662.375,10357794.0
2026-05-25,10.873834609985352,10.900938987731934,10.838269233703613,10.855323791503906,1010892.0,10774116.0
2026-05-26,10.873456001281738,10.913330078125,10.827596664428711,10.863314628601074,868015.25,9326687.0
2026-05-27,10.86323070526123,10.9049654006958,10.818106651306152,10.854480743408203,855879.375,9184257.0
2026-05-28,10.858221054077148,10.972389221191406,10.824816703796387,10.907773971557617,1406189.625,15236334.0
2026-05-29,10.935952186584473,11.154555320739746,10.912653923034668,11.074030876159668,2222819.75,24283896.0
2026-06-01,11.074714660644531,11.280587196350098,10.990775108337402,11.16218376159668,2007615.25,21721032.0
2026-06-02,11.164361000061035,11.284309387207031,11.090702056884766,11.198657035827637,1624925.25,17722204.0
2026-06-03,11.18407154083252,11.249341011047363,11.086910247802734,11.154939651489258,1424156.125,15427178.0
2026-06-04,11.144451141357422,11.267911911010742,11.112228393554688,11.27104663848877,1746318.75,19185750.0
2026-06-05,11.220459938049316,11.335156440734863,11.1380615234375,11.22287654876709,1854569.75,20306262.0
2026-06-08,11.209452629089355,11.316740989685059,11.166511535644531,11.3112154006958,1797339.25,19836604.0
2026-06-09,11.264266967773438,11.340457916259766,11.18277359008789,11.251672744750977,1321824.5,14360638.0
2026-06-10,11.24060344696045,11.427273750305176,11.072309494018555,11.058150291442871,1357872.75,14772091.0
2026-06-11,10.944557189941406,11.004013061523438,10.817907333374023,10.871528625488281,1527716.875,16552077.0
2026-06-12,10.9634370803833,11.104512214660645,10.929299354553223,11.060296058654785,1542758.625,16769361.0
2026-06-15,11.101154327392578,11.368775367736816,11.070311546325684,11.29372501373291,1336037.5,14496800.0
2026-06-16,11.28138542175293,11.319409370422363,11.160262107849121,11.211370468139648,1261159.125,13715445.0
2026-06-17,11.198648452758789,11.227679252624512,11.052718162536621,11.098335266113281,1048057.5,11285376.0
2026-06-18,11.092089653015137,11.21303939819336,11.049692153930664,11.158966064453125,1352365.875,14648102.0
2026-06-19,11.150293350219727,11.35923957824707,11.098235130310059,11.16418170928955,1234428.625,13367101.0
2026-06-22,11.2092866897583,11.23792552947998,11.054065704345703,11.089543342590332,1420927.375,15509368.0
2026-06-23,11.081731796264648,11.221846580505371,10.991023063659668,11.09383487701416,1425284.625,15406213.0
2026-06-24,11.086990356445312,11.150343894958496,10.976752281188965,11.043316841125488,1451217.125,15743008.0
2026-06-25,10.974569320678711,11.14748477935791,10.926417350769043,11.020045280456543,1319774.625,14231206.0
2026-06-26,10.9720458984375,11.073949813842773,10.921614646911621,11.011173248291016,1042028.0,11185502.0
2026-06-29,10.996520042419434,11.122527122497559,10.981728553771973,11.084992408752441,946340.3125,10165703.0
2026-06-30,11.059922218322754,11.11292839050293,10.989709854125977,11.044719696044922,897313.75,9651119.0
2026-07-01,11.012711524963379,11.054389953613281,10.939828872680664,10.986608505249023,754170.1875,8005058.0
2026-07-02,10.87939739227295,11.340042114257812,10.665999412536621,11.087335586547852,1212608.0,13307559.0
2026-07-03,10.886850357055664,10.98063850402832,10.741353988647461,10.807585716247559,1397606.5,14952631.0
2026-07-06,10.790454864501953,11.008302688598633,10.779459953308105,10.95368480682373,1347628.25,14619347.0
2026-07-07,10.903185844421387,10.90807819366455,10.882837295532227,10.936393737792969,943653.25,9927760.0
2026-07-08,10.933846473693848,11.00023365020752,10.883081436157227,10.911776542663574,1054120.5,11370706.0
2026-07-09,10.878055572509766,10.964274406433105,10.845211029052734,10.916074752807617,756083.875,8067173.0
2026-07-10,10.900360107421875,10.947155952453613,10.840779304504395,10.87928581237793,622124.625,6518309.5
2026-07-13,10.906476974487305,10.985145568847656,10.723374366760254,10.793008804321289,743296.0,8065129.0
2026-07-14,10.81032943725586,10.94070053100586,10.774988174438477,10.883068084716797,945274.0,10142795.0
2026-07-15,10.850639343261719,10.964385032653809,10.81868839263916,10.91573429107666,1141081.375,12357961.0
2026-07-16,10.882708549499512,11.040572166442871,10.832016944885254,10.966053009033203,1595956.75,17481394.0
2026-07-17,10.962177276611328,11.026217460632324,10.907978057861328,10.972399711608887,919597.1875,9968159.0
2026-07-20,10.931428909301758,11.139152526855469,10.885682106018066,11.038823127746582,1568372.625,17082924.0
2026-07-21,11.130528450012207,11.299427032470703,11.094817161560059,11.248254776000977,1551801.5,16998004.0
2026-07-22,11.224491119384766,11.27432632446289,11.117547035217285,11.175860404968262,1249254.875,13584845.0
2026-07-23,11.172318458557129,11.245440483093262,11.09676742553711,11.14755630493164,1371028.625,14935473.0
2026-07-24,11.185766220092773,11.354676246643066,11.13967514038086,11.276152610778809,1957871.25,21556532.0
2026-07-27,11.235864639282227,11.323436737060547,11.158254623413086,11.24638843536377,1796623.125,19889386.0
2026-07-28,11.174701690673828,11.254456520080566,11.105409622192383,11.221805572509766,1681652.875,18383808.0
2026-07-29,11.154803276062012,11.189018249511719,10.927573204040527,11.000885009765625,1496426.5,16238071.0
2026-07-30,10.932239532470703,10.970170021057129,10.910110473632812,10.925362586975098,1820694.0,19967138.0
2026-07-31,10.744874000549316,11.13916301727295,10.644495964050293,10.816939353942871,1193514.5,13053120.0
2026-08-03,10.836129188537598,11.006443977355957,10.804394721984863,10.956526756286621,946700.1875,10207673.0
2026-08-04,10.927825927734375,10.987686157226562,10.839302062988281,10.898031234741211,1179357.5,12696128.0
2026-08-05,10.872810363769531,11.051905632019043,10.841368675231934,10.97719669342041,1145837.75,12430996.0
2026-08-06,11.282758712768555,11.362187385559082,11.23452377319336,11.30390739440918,838614.75,9249314.0
2026-08-07,11.282089233398438,11.320124626159668,11.124364852905273,11.17248249053955,1122119.375,12414277.0
2026-08-10,11.16378402709961,11.287931442260742,11.131635665893555,11.231666564941406,970869.5,10665572.0
2026-08-11,11.17149543762207,11.272205352783203,11.08996868133545,11.174586296081543,976382.0625,10831814.0
2026-08-12,11.164169311523438,11.341078758239746,11.119510650634766,11.192235946655273,1056389.125,11686247.0
2026-08-13,11.1597900390625,11.312381744384766,11.104512214660645,11.219864845275879,1413495.125,15584358.0
2026-08-14,11.230034828186035,11.367323875427246,11.20500373840332,11.32162857055664,912471.5,10096425.0
2026-08-17,11.283819198608398,11.36312198638916,11.209978103637695,11.300488471984863,1136665.375,12595821.0
2026-08-18,11.2820405960083,11.393027305603027,11.251327514648438,11.347502708435059,911828.25,10051744.0
2026-08-19,11.335508346557617,11.40890121459961,11.266617774963379,11.34035873413086,1010141.8125,11162260.0
2026-08-20,11.271347999572754,11.345355033874512,11.13100814819336,11.20673942565918,1276072.375,14121868.0
2026-08-21,11.203499794006348,11.320062637329102,11.16508674621582,11.25848388671875,971706.625,10679078.0
2026-08-24,11.217214584350586,11.395951271057129,11.137362480163574,11.214826583862305,1143498.25,12641076.0
2026-08-25,11.107620239257812,11.353306770324707,10.831548690795898,11.103008270263672,1050608.125,11672900.0
2026-08-26,11.038371086120605,11.274637222290039,10.973608016967773,11.053099632263184,1041485.0625,11408002.0
2026-08-27,10.960624694824219,11.0682373046875,10.867314338684082,11.07794189453125,821259.9375,8923228.0
2026-08-28,11.04395866394043,11.148114204406738,11.015904426574707,11.103752136230469,842503.0,9262369.0
2026-08-31,11.108597755432129,11.212681770324707,11.085140228271484,11.163888931274414,834509.0,9233226.0
2026-09-01,11.115939140319824,11.15434741973877,11.00792121887207,11.06619930267334,788563.625,8671831.0
2026-09-02,10.940483093261719,11.14677906036377,10.848455429077148,10.953348159790039,928412.3125,10230366.0
2026-09-03,10.931047439575195,10.999924659729004,10.854696273803711,10.913089752197266,1001026.75,10952361.0
2026-09-04,10.881253242492676,10.971306800842285,10.811001777648926,10.949419021606445,875838.875,9530158.0
2026-09-07,10.95399284362793,11.022804260253906,10.626656532287598,10.98177719116211,1183720.0,12976336.0
2026-09-08,10.899683952331543,10.895617485046387,10.754289627075195,10.773962020874023,1332715.5,14590720.0
2026-09-09,10.6663818359375,10.875629425048828,10.648755073547363,10.902430534362793,1092675.125,11811418.0
2026-09-10,10.873591423034668,10.916802406311035,10.677691459655762,10.716374397277832,1006961.1875,11131735.0
2026-09-11,10.773094177246094,11.086098670959473,10.75412368774414,11.029077529907227,1614613.375,17814400.0
2026-09-14,11.178689956665039,11.57025146484375,11.03867244720459,11.262655258178711,2294799.75,25536924.0
2026-09-15,11.226356506347656,11.282970428466797,11.007360458374023,11.097184181213379,1814384.5,20253644.0
2026-09-16,11.007590293884277,11.070398330688477,10.902198791503906,10.96702766418457,1131059.5,12308150.0
2026-09-17,10.928645133972168,10.987282752990723,10.861088752746582,10.937959671020508,877414.5,9542914.0
2026-09-18,10.92394733428955,11.020846366882324,10.897806167602539,10.985657691955566,859541.25,9383214.0
2026-09-21,10.950035095214844,10.970138549804688,10.795488357543945,10.814790725708008,1006414.625,10945619.0
2026-09-22,10.798126220703125,10.86376953125,10.700248718261719,10.750089645385742,1269570.375,13772263.0
2026-09-23,10.796311378479004,10.835472106933594,10.68637466430664,10.71377182006836,1245078.5,13527722.0
2026-09-24,10.641054153442383,10.734135627746582,10.525461196899414,10.65023422241211,1158861.0,12584164.0
2026-09-25,10.62861442565918,10.638213157653809,10.53319263458252,10.530426025390625,1140807.875,12180656.0
2026-09-28,10.523262023925781,10.5532865524292,10.353082656860352,10.410125732421875,1305369.5,14133196.0
2026-09-29,10.38477897644043,10.442909240722656,10.271563529968262,10.338963508605957,1334609.875,14397608.0
2026-09-30,10.337686538696289,10.455467224121094,10.304985046386719,10.404705047607422,1169639.625,12637825.0
2026-10-01,10.408376693725586,10.824579238891602,10.367339134216309,10.722034454345703,1645498.25,16763591.0
2026-10-02,10.421542167663574,10.781633377075195,10.283228874206543,10.547192573547363,1384262.0,14928849.0
2026-10-05,10.575969696044922,10.674670219421387,10.532201766967773,10.610759735107422,1263124.25,13423713.0
2026-10-06,10.56690788269043,10.827460289001465,10.516489028930664,10.686788558959961,1338627.875,14819632.0
2026-10-07,10.713020324707031,10.90516185760498,10.670278549194336,10.848311424255371,1486271.375,16312821.0
2026-10-08,10.875173568725586,10.968668937683105,10.818198204040527,10.902239799499512,1251669.125,13719035.0
2026-10-09,10.874313354492188,10.898687362670898,10.721334457397461,10.76472282409668,941933.5,10265715.0
2026-10-12,10.68071174621582,10.938277244567871,10.689096450805664,10.817371368408203,1020689.9375,11196168.0
2026-10-13,10.85873031616211,10.900531768798828,10.80589485168457,10.832341194152832,797418.25,8655196.0
2026-10-14,10.815739631652832,10.87144660949707,10.72400951385498,10.836005210876465,884446.0,9625547.0
2026-10-15,10.807878494262695,10.835923194885254,10.693214416503906,10.73306655883789,881391.375,9573616.0
2026-10-16,10.557541847229004,10.757547378540039,10.2432279586792,10.682397842407227,1363368.875,14661299.0
2026-10-19,10.64482307434082,10.792106628417969,10.458832740783691,10.560288429260254,1207717.5,12860916.0
2026-10-20,10.657594680786133,10.64538860321045,10.44735050201416,10.409440994262695,1138114.875,12141218.0
2026-10-21,10.326858520507812,10.590561866760254,10.310267448425293,10.573402404785156,1105444.0,11791661.0
2026-10-22,10.377732276916504,10.735560417175293,10.385092735290527,10.58725643157959,1353629.375,14505194.0
2026-10-23,10.60142993927002,10.643950462341309,10.539276123046875,10.573281288146973,1178208.5,12495783.0
2026-10-26,10.572478294372559,10.681123733520508,10.546497344970703,10.64322280883789,1065398.0,11595894.0
2026-10-27,10.642280578613281,10.689817428588867,10.572442054748535,10.620400428771973,919465.4375,9959860.0
2026-10-28,10.607105255126953,10.641561508178711,10.541662216186523,10.573081016540527,817787.125,8816434.0
2026-10-29,10.615113258361816,10.65573787689209,10.504399299621582,10.511725425720215,817526.8125,8771396.0
2026-10-30,10.503646850585938,10.533548355102539,10.410505294799805,10.43352222442627,779357.5,8385839.0
2026-11-02,10.449925422668457,10.514361381530762,10.32315731048584,10.393250465393066,1204955.125,12950708.0
2026-11-03,10.395003318786621,10.465989112854004,10.311412811279297,10.364776611328125,783602.75,8572430.0
2026-11-04,10.374141693115234,10.412480354309082,10.312117576599121,10.341286659240723,766034.75,8208843.0
2026-11-05,10.33993148803711,10.374844551086426,10.258305549621582,10.291293144226074,986944.8125,10596470.0
2026-11-06,10.291932106018066,10.344337463378906,10.257074356079102,10.299334526062012,775531.125,8271980.0
2026-11-09,10.295913696289062,10.480400085449219,10.249052047729492,10.307427406311035,1139760.125,12255727.0
2026-11-10,10.327672958374023,10.393132209777832,10.242192268371582,10.296788215637207,762612.6875,8304452.0
2026-11-11,10.386739730834961,10.464871406555176,10.29150676727295,10.33472728729248,794609.25,8495938.0
2026-11-12,10.405045509338379,10.487037658691406,10.032659530639648,10.19213581085205,1712290.0,18311170.0
2026-11-13,10.232622146606445,10.31286907196045,10.158224105834961,10.233131408691406,1337583.5,14329803.0
2026-11-16,10.236072540283203,10.326269149780273,10.199737548828125,10.26745319366455,1167297.625,12475061.0
2026-11-17,10.288217544555664,10.449085235595703,10.163689613342285,10.425260543823242,824954.75,8950840.0
2026-11-18,10.426393508911133,10.462088584899902,10.303194999694824,10.321391105651855,842624.25,9457082.0
2026-11-19,10.317888259887695,10.342669486999512,10.226057052612305,10.25,892959.1875,9549436.0
2026-11-20,10.259323120117188,10.3113374710083,10.225260734558105,10.268016815185547,772406.75,8229581.0
2026-11-23,10.2747802734375,10.381128311157227,10.265771865844727,10.358390808105469,773676.5,8310886.0
2026-11-24,10.230669975280762,10.455422401428223,10.05739974975586,10.475683212280273,1171070.625,12559152.0
2026-11-25,10.353901863098145,10.40623664855957,10.093973159790039,10.162195205688477,1232656.25,13271015.0
2026-11-26,10.293272972106934,10.701322555541992,10.31592845916748,10.721014976501465,1447297.625,15673142.0
2026-11-27,10.714375495910645,10.968705177307129,10.68238353729248,10.953150749206543,1672906.625,18488932.0
2026-11-30,10.905313491821289,11.118781089782715,10.940232276916504,11.126294136047363,1786955.125,19721282.0
2026-12-01,11.007378578186035,11.015280723571777,10.938905715942383,10.959395408630371,1153134.375,12669716.0
2026-12-02,10.94615650177002,11.00888442993164,10.883363723754883,10.944064140319824,979317.5,10720538.0
2026-12-03,10.88426399230957,10.927729606628418,10.789639472961426,10.841264724731445,1057252.0,11462870.0
2026-12-04,10.794203758239746,10.847652435302734,10.725654602050781,10.797804832458496,941397.375,10201991.0
2026-12-07,10.771153450012207,10.907360076904297,10.753575325012207,10.872032165527344,1177126.125,12845262.0
2026-12-08,10.654257774353027,10.928499221801758,10.66191291809082,10.765522003173828,1017102.25,11045412.0
2026-12-09,10.795570373535156,10.92563533782959,10.766027450561523,10.879337310791016,956339.375,10448274.0
2026-12-10,10.900540351867676,11.04992389678955,10.81199836730957,10.931989669799805,1058393.375,11679068.0
2026-12-11,10.94156551361084,10.99919605255127,10.897379875183105,10.9382963180542,788751.375,8606910.0
2026-12-14,10.876193046569824,10.87366008758545,10.784512519836426,10.805218696594238,1179121.25,12826098.0
2026-12-15,10.43600845336914,10.57808780670166,10.624096870422363,10.678473472595215,1505004.0,15946569.0
2026-12-16,10.29150104522705,10.849555969238281,10.27087688446045,10.58296012878418,1493483.0,16257885.0
2026-12-17,10.442046165466309,10.765467643737793,10.412504196166992,10.658568382263184,1572247.25,17179554.0
2026-12-18,10.656627655029297,10.937260627746582,10.565451622009277,10.865470886230469,1447197.375,15900075.0
2026-12-21,10.867715835571289,10.894478797912598,10.698824882507324,10.773999214172363,1290671.0,14023048.0
2026-12-22,10.73904037475586,10.94292163848877,10.71920108795166,10.925553321838379,1954342.375,21399432.0
2026-12-23,10.887354850769043,10.911852836608887,10.79244327545166,10.813986778259277,1032971.125,11229822.0
2026-12-24,10.795927047729492,10.867185592651367,10.711360931396484,10.847700119018555,933491.875,10123739.0
2026-12-25,10.713151931762695,11.020909309387207,10.598943710327148,10.786250114440918,1067844.75,11683138.0
2026-12-28,10.809218406677246,10.855690956115723,10.67054557800293,10.759134292602539,1220667.5,13252406.0
2026-12-29,10.675610542297363,10.75241470336914,10.510064125061035,10.72067642211914,1166550.875,12673545.0
2026-12-30,10.430675506591797,10.788372993469238,10.413748741149902,10.700024604797363,1348118.5,14739520.0
2026-12-31,10.674159049987793,10.675638198852539,10.598835945129395,10.613719940185547,1398259.25,15336110.0
2027-01-01,10.570651054382324,10.906749725341797,10.596116065979004,10.9002046585083,1554598.75,17172700.0
2027-01-04,10.823698997497559,11.083311080932617,10.754976272583008,10.928545951843262,1626588.25,17655604.0
2027-01-05,10.886617660522461,10.90560245513916,10.80066967010498,10.802289009094238,1090491.0,11868662.0
2027-01-06,10.771703720092773,10.844264030456543,10.726268768310547,10.805988311767578,885251.375,9613559.0
2027-01-07,10.847037315368652,10.87335205078125,10.823578834533691,10.851561546325684,1299993.875,14180102.0
2027-01-08,10.857674598693848,10.903377532958984,10.859009742736816,10.902271270751953,1125853.0,12274263.0
2027-01-11,10.898537635803223,10.918892860412598,10.848865509033203,10.86158561706543,901843.75,9831657.0
2027-01-12,10.89322280883789,10.942838668823242,10.894134521484375,10.908872604370117,823658.125,9071126.0
2027-01-13,10.915043830871582,10.961718559265137,10.907388687133789,10.926545143127441,877042.3125,9619559.0
2027-01-14,10.899710655212402,10.936595916748047,10.855091094970703,10.887551307678223,1156604.5,12617959.0
2027-01-15,10.850752830505371,10.880746841430664,10.7408447265625,10.784392356872559,1011122.1875,11003100.0
2027-01-18,10.811599731445312,10.866666793823242,10.701029777526855,10.717412948608398,842720.125,9099015.0
2027-01-19,10.678132057189941,10.79092025756836,10.248178482055664,10.792734146118164,1224733.625,13161928.0
2027-01-20,10.683294296264648,10.877467155456543,10.705918312072754,10.836857795715332,947838.375,10438415.0
