date,open,high,low,close,volume,amount
2020-01-02,15.369413738989659,15.620790185129561,15.31140378988045,15.524106936614212,159345.0,2473688.8198147914
2020-01-03,15.533775261465749,15.788374482556163,15.366190964039147,15.482210862257563,129936.0,2011696.5505982987
2020-01-06,15.272730490474311,15.852829981566392,15.20827499146408,15.559557461069842,169871.0,2643117.585469395
2020-01-07,15.569225785921375,15.630458509981095,15.395195938593751,15.485433637208077,93400.0,1446339.5017152345
2020-01-08,15.324294889682495,15.582116885723423,15.195383891662033,15.237279966018685,110974.0,1690941.9069489576
2020-01-09,15.388750388692728,15.533775261465749,15.269507715523801,15.356522639187615,89217.0,1370062.8803004015
2020-01-10,15.359745414138123,15.359745414138123,15.021354044334409,15.121260067800268,109294.0,1652662.9978501624
2020-01-13,16.63274151959019,16.63274151959019,16.27823627503392,16.63274151959019,518827.0,8629515.38438442
2020-01-14,17.725262227813612,18.044316947914258,17.0807072377113,17.222509335533807,614975.0,10591412.678619903
2020-01-15,17.406207507712967,17.644692854050824,16.84866744127447,17.18061326117716,298705.0,5131935.084179924
2020-01-16,17.238623210286367,17.57701458009008,16.687528693748888,17.43198970731706,335737.0,5852563.928365508
2020-01-17,17.357865883455293,19.175510955543817,17.14516273672153,18.675980838214524,530600.0,9909475.432756627
2020-01-20,18.466500466431274,19.30442195356428,18.20867847039035,18.93702560920596,300775.0,5695783.877608923
2020-01-21,18.60185701435276,18.60507978930327,18.22479234514291,18.279579519301606,203836.0,3726036.3708963622
2020-01-22,18.20867847039035,19.497788450594975,18.079767472369888,19.101387131682053,327979.0,6264853.850061948
2020-01-23,18.688871938016568,19.94253139376557,18.534178740392015,19.2818625289107,291584.0,5622282.603629897
2020-02-03,17.354643108504785,17.557677930387012,17.354643108504785,17.354643108504785,100398.0,1742371.4588076633
2020-02-04,17.402984732762455,18.530955965441503,17.402984732762455,18.163559621083188,367775.0,6680103.139643869
2020-02-05,18.595411464451736,19.98120469317171,18.366594442965415,19.597694474060834,446230.0,8745079.205160165
2020-02-06,18.8371195857401,19.61058557386288,18.821005710987546,19.578357824357763,301131.0,5895650.470006677
2020-02-07,19.57513504940725,19.57513504940725,18.260242869598535,18.65986696346197,321281.0,5995060.717888025
2020-02-10,19.078827707028474,20.419502086441284,18.966030583760567,19.636367773466972,352796.0,6927632.005008054
2020-02-11,19.336649703069398,19.375323002475536,18.782332411581407,19.027263307820284,196175.0,3732673.3794116443
2020-02-12,19.027263307820284,19.53001620010009,18.804891836234987,19.07560493207796,197455.0,3766573.571863454
2020-02-13,18.85323346049266,19.378545777426048,18.530955965441503,18.547069840194062,236947.0,4394672.557424462
2020-02-14,18.550292615144574,18.659866963461965,18.18934182068728,18.337589468410812,211173.0,3872403.7808127166
2020-02-17,18.340812243361324,18.87257011019573,18.340812243361324,18.84678791059164,209889.0,3955733.467766169
2020-02-18,18.627639213956854,19.336649703069398,18.61797088910532,19.165842630692286,228365.0,4376807.652358044
2020-02-19,20.777230105948068,20.78045288089858,19.871630344854317,19.952199718617106,437476.0,8728608.524101736
2020-02-20,20.358269362381563,21.947097412983762,20.338932712678492,21.947097412983762,649390.0,14252225.589017525
2020-02-21,21.592592168427494,22.001884587142463,21.16718587495997,21.75373091595307,455189.0,9902059.021901762
2020-02-24,21.083393726246666,21.63771101773466,20.935146078523136,21.33477017238657,357968.0,7637165.009068876
2020-02-25,20.75467068129449,23.265212367742993,20.68054685743272,22.833360524374445,407434.0,9303087.411887977
2020-02-26,22.48852360466971,24.428634124877668,22.237147158529805,23.10729639516793,522768.0,12079755.121909147
2020-02-27,23.1008508452669,23.574598762992107,21.940651863082742,22.57553852833352,272699.0,6156326.781138022
2020-02-28,21.4830178201101,22.233924383579296,20.93192330357262,21.06727985149411,338253.0,7126070.611607437
2020-03-02,21.14140367535587,21.66671599228926,20.625759683274023,21.544250544169817,225643.0,4861309.32553811
2020-03-03,22.494969154570736,22.623880152591195,21.740839816151027,21.872973589122,274252.0,5998706.752763887
2020-03-04,21.576478293674935,21.850414164468418,20.857799479710856,21.457235620506005,180932.0,3882300.5552893924
2020-03-05,21.599037718328514,21.792404215359213,21.109175925850757,21.531359444367773,170003.0,3660395.6996208546
2020-03-06,21.109175925850757,21.769844790705626,21.05438875169206,21.064057076543595,147209.0,3100818.778180906
2020-03-09,20.3969426617877,20.3969426617877,19.072382157127446,19.159397080791262,292478.0,5603702.139395666
2020-03-10,18.56318371494662,19.82006594564613,18.476168791282806,19.391436877228095,266805.0,5173732.316028842
2020-03-11,19.584803374258787,19.707268822378225,18.88546120999778,18.93380283425545,222212.0,4207318.195405572
2020-03-12,18.469723241381782,18.58252036464969,18.015311973359655,18.379485542767462,232382.0,4271061.609399389
2020-03-13,17.338529233752226,18.20867847039035,16.871226865928048,17.937965374547378,213198.0,3824338.341922752
2020-03-16,18.237683444944953,18.47616879128281,17.364311433356317,17.364311433356317,238773.0,4146128.733876788
2020-03-17,17.364311433356317,17.71237112801157,16.719756443254006,17.093598337513345,180918.0,3092539.6240262394
2020-03-18,17.270850959791485,17.618910654446733,16.764875292561168,16.787434717214747,172684.0,2898921.3767075115
2020-03-19,16.79388026711577,16.926014040086745,16.075201453151692,16.552172145827402,194450.0,3218569.873756138
2020-03-20,16.85511299117549,17.013028963750557,16.56506324562945,16.926014040086745,148296.0,2510060.178088704
2020-03-23,16.19444412632062,16.371696748598755,15.43386923799989,15.51766138671319,242739.0,3766741.607349373
2020-03-24,15.875389406219973,16.075201453151692,15.272730490474311,16.02685982889402,205027.0,3285938.9901386537
2020-03-25,16.613404869887123,17.01625173870107,16.44904334741103,16.838999116422933,289787.0,4879723.036950853
2020-03-26,16.91956849018572,17.78327217692282,16.63274151959019,17.489999656426267,296620.0,5187883.698089159
2020-03-27,17.854173225834074,18.06365359761733,17.544786830584965,17.65436117890236,229972.0,4060008.7490345333
2020-03-30,17.725262227813616,18.62119366405583,17.683366153456966,18.121663546726538,328937.0,5960885.6420695875
2020-03-31,18.29247061910365,19.333426928118886,17.870287100586633,19.326981378217862,350174.0,6767806.377136062
2020-04-01,19.304421953564283,19.54935284980316,18.37626276781695,18.40849051732207,365565.0,6729499.835964842
2020-04-02,18.27313396940058,18.27313396940058,17.660806728803383,18.237683444944953,233841.0,4264718.134449373
2020-04-03,18.237683444944953,18.237683444944953,17.69625725325901,17.725262227813616,169189.0,2998919.391061558
2020-04-07,18.18934182068728,18.344035018311835,17.918628724844307,18.14744574633063,189115.0,3431954.202317317
2020-04-08,17.983084223854537,17.983084223854537,17.73815332761566,17.828391026229983,129543.0,2309543.2587109106
2020-04-09,17.986306998805052,18.221569570192397,17.90251485009175,17.934742599596866,133338.0,2391382.708745047
2020-04-10,18.137777421479093,18.137777421479093,17.45132635702013,17.586682904941615,131854.0,2318874.4877481717
2020-04-13,17.638247304149804,18.028203073161702,17.638247304149804,17.98308422385454,102559.0,1844327.1349142978
2020-04-14,17.98308422385454,18.692094712967084,17.847727675933054,18.666312513362993,233863.0,4365359.84331261
2020-04-15,19.130392106236656,20.106892916241662,18.814560161086522,19.38176855237656,306227.0,5935220.838488617
2020-04-16,19.368877452574512,19.755610446635902,19.0304860827708,19.33987247801991,165258.0,3196068.645972614
2020-04-17,19.53001620010009,19.652481648219528,18.91124340960187,18.949916709008008,156490.0,2965472.465792663
2020-04-20,19.143283206038703,19.143283206038703,18.74365911217527,18.96925335871108,107473.0,2038682.5662207557
2020-04-21,18.853233460492664,19.233520904653027,18.627639213956854,19.133614881187167,147148.0,2815473.1625369294
2020-04-22,18.82100571098755,19.336649703069398,18.653421413560945,19.15295153089024,121458.0,2326279.1870388663
2020-04-23,19.333426928118886,19.51390232534753,18.704985812769127,18.772664086729872,116028.0,2178154.6686550938
2020-04-24,18.908020634651358,19.494565675644463,18.85323346049266,18.927357284354425,135949.0,2573155.2954506995
2020-04-27,19.020817757919264,19.043377182572844,18.331143918509788,18.363371668014903,138265.0,2539011.5836780807
2020-04-28,18.369817217915926,18.559960939996106,17.647915629001336,18.363371668014903,128658.0,2362594.6720634615
2020-04-29,18.756550211977316,19.159397080791262,18.550292615144574,18.692094712967084,165126.0,3086550.8315734025
2020-04-30,18.95636225890903,19.523570650199066,18.856456235443172,19.32375860326735,218876.0,4229506.988048744
2020-05-06,19.143283206038703,20.14234344069729,19.046599957523355,20.039214642280918,231906.0,4647214.110832798
2020-05-07,20.035991867330406,20.035991867330406,19.330204153168374,19.365654677624,225118.0,4359557.44971736
2020-05-08,19.372100227525024,19.497788450594978,19.111055456533588,19.26574865415814,171472.0,3303536.453225805
2020-05-11,19.107832681583076,19.227075354752003,18.72754523742271,18.975698908612102,190716.0,3618969.3930548658
2020-05-12,18.978921683562614,19.059491057325403,18.756550211977316,19.05626828237489,104020.0,1982233.0267326361
2020-05-13,19.05626828237489,19.256080329306606,18.85323346049266,19.01114943306773,111115.0,2112423.8692553206
2020-05-14,18.982144458513126,18.982144458513126,18.547069840194062,18.592188689501224,118363.0,2200627.2298554336
2020-05-15,18.624416439006342,18.879015660096755,18.466500466431274,18.679203613165036,102771.0,1919680.434528584
2020-05-18,18.49872821593639,18.821005710987546,18.17645072088523,18.427827167025136,104743.0,1930185.9009557138
2020-05-19,18.692094712967084,18.88546120999778,18.611525339204295,18.762995761878337,94042.0,1764509.6474385625
2020-05-20,18.917688959502893,19.433332951584745,18.908020634651358,19.017594982968753,164708.0,3132350.0344548174
2020-05-21,19.049822732473867,19.133614881187167,18.37303999286644,18.4181588421736,120968.0,2228007.838820056
2020-05-22,18.421381617124112,18.5857431396002,17.8896237502897,18.057208047716305,92350.0,1667583.1632066008
2020-05-25,18.057208047716305,18.22479234514291,17.82516825127947,18.215124020291373,59697.0,1087388.258639334
2020-05-26,18.305361718905697,18.814560161086522,18.305361718905697,18.78877796148243,98544.0,1851521.3354363246
2020-05-27,19.207738705048936,19.32053582831684,18.39237664256951,18.466500466431274,113617.0,2098108.383494522
2020-05-28,18.482614341183833,18.76621853682885,18.17645072088523,18.52451041554048,86300.0,1598665.2488611434
2020-05-29,18.40849051732207,18.698540262868107,18.30858449385621,18.5019509908869,68036.0,1258798.7376159811
2020-06-01,18.611525339204295,19.23674367960354,18.511619315738436,19.12072378138512,161068.0,3079736.7380201383
2020-06-02,19.1980703801974,20.039214642280918,18.975698908612102,19.65892719812055,204796.0,4026069.6544662965
2020-06-03,19.59124892415981,19.67504107287311,19.169065405642797,19.31409027841582,146357.0,2826752.310878104
2020-06-04,19.49134290069395,19.723382697130784,19.243189229504562,19.372100227525024,105743.0,2048463.9943591787
2020-06-05,19.65892719812055,20.39371988683719,19.443001276436277,20.367937687233095,265451.0,5406689.427013712
2020-06-08,20.303482188222866,20.57097250911533,20.12622956594473,20.235803914262124,172441.0,3489482.262779275
2020-06-09,20.30348218822287,20.757893456245,19.881298669705853,19.97475914327069,204431.0,4083459.98641797
2020-06-10,20.06499684188501,20.116561241093194,19.555798399704184,19.67504107287311,186194.0,3663374.597522536
2020-06-11,19.93930861881506,20.690215182284255,19.823288720596643,20.25191778901468,280233.0,5675255.67776895
2020-06-12,19.787838196141017,19.95864526851813,19.539684524951625,19.813620395745108,175497.0,3477230.938592079
2020-06-15,20.14234344069729,20.587086383867884,19.739496571883343,20.14234344069729,195740.0,3942662.3050820874
2020-06-16,20.561304184263793,20.774007330997556,20.345378262579516,20.65798743277914,214116.0,4423205.637156938
2020-06-17,20.625759683274023,20.66121020772965,20.097224591390127,20.66121020772965,144378.0,2983024.207371591
2020-06-18,20.561304184263793,21.515245569615217,20.284145538519798,21.508800019714194,279033.0,6001664.99590091
2020-06-19,21.492686144961635,22.134018360113433,21.36699792189168,21.58936939347698,220619.0,4763025.086219498
2020-06-22,21.463681170407032,22.16624610961855,21.363775146941173,21.914869663478648,196255.0,4300902.745806002
2020-06-23,21.77629034060665,23.232984618237882,21.592592168427494,22.891370473483654,260375.0,5960340.587033306
2020-06-24,22.913929898137237,23.545593788437504,22.804355549819842,23.10729639516793,196681.0,4544766.162298024
2020-06-29,23.042840896157696,23.34255896655527,22.65610790209631,22.752791150611653,173376.0,3944787.918528446
2020-06-30,23.013835921603096,23.477915514476763,22.83980607427547,23.139524144673047,169831.0,3929808.5250139683
2020-07-01,23.593935412695178,24.315837001609765,22.891370473483654,23.355450066357317,235093.0,5490702.8224501405
2020-07-02,23.407014465565503,24.045123905766793,23.139524144673043,23.249098492990438,214074.0,4977027.510788435
2020-07-03,23.622940387249777,25.57271923230928,23.600380962596198,25.57271923230928,455388.0,11645509.465762857
2020-07-06,25.56627368240825,26.29462082122387,24.947500891910032,26.072249349638568,461224.0,12025147.1340377
2020-07-07,27.316240480536035,28.52155831202736,26.749032089245997,26.749032089245997,466706.0,12483933.770243643
2020-07-08,26.407417944491772,27.161547282911478,26.381635744887678,26.66846271548321,319156.0,8511399.886422759
2020-07-09,26.668462715483212,27.81254782291482,26.25272474686722,27.21955723202069,327974.0,8927307.063614754
2020-07-10,27.2227800069712,29.765549442924822,26.765145963998556,28.682697059552936,396029.0,11359179.83379769
2020-07-13,29.842896041737106,31.55096676550823,29.742990018271247,31.55096676550823,579871.0,18295490.649282023
2020-07-14,31.55096676550823,31.554189540458744,29.191895501733764,31.115892147189168,536389.0,16690222.27293865
2020-07-15,31.26091701996219,31.354377493527025,29.871901016291705,30.4552232823343,388696.0,11837823.468950212
2020-07-16,30.42299553282918,30.777500777385455,27.409700954100867,27.409700954100867,560467.0,15362232.86464205
2020-07-17,26.755477639147024,27.509606977566733,25.804759028746112,26.29462082122387,430969.0,11332166.44070203
2020-07-20,26.97462633578181,28.779380308068284,26.30106637112489,28.092929243609323,431730.0,12128560.342343453
2020-07-21,28.972746805098982,29.433603623022137,28.257290766085415,28.389424539056385,317222.0,9005750.031128544
2020-07-22,27.71586457439947,28.837390257177493,27.554725826873888,28.099374793510343,269545.0,7574045.978716745
2020-07-23,27.73520122410254,28.682697059552936,27.580508026477982,28.679474284602424,327287.0,9386419.100184673
2020-07-24,28.289518515590526,28.405538413808944,26.58789334172042,26.749032089245997,388174.0,10383278.782210976
2020-07-27,26.910170836771577,27.458042578358544,26.523437842710187,26.916616386672597,208828.0,5620943.166796065
2020-07-28,27.709419024498445,27.92856772113323,26.749032089245997,27.04230460974255,216441.0,5853063.452037288
2020-07-29,26.848938112711856,28.199280816976202,26.59433889162144,28.015582644797043,287976.0,8067815.427718073
2020-07-30,28.044587619351645,28.241176891332852,27.1679928328125,27.39358707934831,224493.0,6149668.54420414
2020-07-31,27.380695979546267,27.928567721133234,26.897279736969534,27.51927530241827,258123.0,7103357.898886111
2020-08-03,27.52572085231929,27.877003321925045,27.20022058231762,27.770651748558166,280304.0,7784224.767727848
2020-08-04,28.022028194698063,29.32725204965525,27.999468770044484,28.682697059552936,383956.0,11012893.632197708
2020-08-05,28.682697059552936,28.682697059552936,27.90278552152914,28.408761188759453,190227.0,5404113.414654144
2020-08-06,28.62146433549322,28.87606355658363,28.038142069450625,28.595682135889128,205333.0,5871637.200008522
2020-08-07,28.23150856648132,28.605350460740663,27.010076860237437,27.51605252746775,245974.0,6768233.504391353
2020-08-10,27.003631310336413,27.184106707565057,25.78219960409253,26.42030904429382,336539.0,8891464.385457598
2020-08-11,26.39452684468973,26.81348758825623,26.088363224391127,26.104477099143686,194173.0,5068784.631772027
2020-08-12,26.162487048252896,26.42030904429382,25.282669486763236,26.42030904429382,220972.0,5838148.530135694
2020-08-13,26.910170836771577,27.00685408528693,26.313957470926937,26.362299095184614,135828.0,3580738.361500736
2020-08-14,26.458982343699954,26.616898316275027,25.78219960409253,26.404195169541264,120620.0,3184874.021350067
2020-08-17,26.491210093205073,26.823155913107765,26.210828672510566,26.723249889641906,151032.0,4036065.8773323963
2020-08-18,27.094134320675757,27.255389732654546,26.381385399729524,26.503939512833398,161553.0,4281790.940116774
2020-08-19,26.25238107014649,26.32978366789631,25.646060721106252,25.687987128220737,187358.0,4812849.892369181
2020-08-20,25.684762019981168,25.800865916605897,25.188095351086503,25.333225221867412,122724.0,3108994.7321284562
2020-08-21,25.80086591660589,26.00727284393874,25.44610401025256,25.665411370543715,111905.0,2872087.8594206944
2020-08-24,25.76861483421013,26.536190595229158,25.70088756117904,26.265281503104795,171281.0,4498743.681133293
2020-08-25,26.123376740563465,26.7296970896037,25.96212132858468,26.200779338313282,145106.0,3801890.2866652873
2020-08-26,26.445887564521037,27.51339839182061,26.342684100854616,26.903852934540794,320472.0,8621931.557638157
2020-08-27,27.89718627233012,28.23582263748557,27.316666789206486,27.54887458245594,252035.0,6943280.605389283
2020-08-28,27.41342003639376,27.755281509788787,26.77484860495776,27.539199257737213,186470.0,5135234.485590258
2020-08-31,28.064891900788055,28.451904889537147,27.374718737518847,27.41342003639376,215347.0,5903397.764577287
2020-09-01,28.055216576069334,30.154762040033134,27.83590921577818,30.154762040033134,394613.0,11899461.112903595
2020-09-02,30.92233780105216,30.96103909992707,29.55166679923247,30.412770699199193,397047.0,12075299.367804943
2020-09-03,29.954805329179443,30.69013000780271,29.719372427690413,29.861277190231743,227795.0,6802249.63754884
2020-09-04,28.638961167432537,29.216255542316592,28.38740272474563,29.025974156181626,222021.0,6444375.8081296
2020-09-07,28.85826852772369,31.44480533586343,28.832467661807083,30.55467546174053,409987.0,12527019.728532614
2020-09-08,30.92233780105216,30.92233780105216,29.251731732951928,29.3484849801392,279084.0,8190692.582197169
2020-09-09,28.384177616506058,28.60671008503678,27.365043412800127,27.73270575211176,263292.0,7301799.562885009
2020-09-10,28.32935077643327,29.080800996254414,28.02619060191315,28.087467658465087,217063.0,6096749.992349408
2020-09-11,28.332575884672842,29.412987144930717,28.12939406557957,29.412987144930717,205764.0,6052133.886889524
2020-09-14,29.44523822732647,30.47727286399071,29.44523822732647,29.832251216075562,223839.0,6677621.2799551375
2020-09-15,30.3192425602515,32.815476337683116,30.154762040033134,32.67034646690221,579221.0,18923350.750905566
2020-09-16,32.341385426465486,34.78924258030347,31.92857157179979,33.992640845128264,493789.0,16785192.13027504
2020-09-17,34.02811703576359,37.39190492964109,33.91201313913887,37.39190492964109,602351.0,22523051.326274242
2020-09-18,36.763008822923815,37.250000167099756,35.95995687126946,37.250000167099756,473754.0,17647336.579164177
2020-09-21,37.41125557907854,38.48199151461769,33.650779371733236,34.11196984999257,588771.0,20084138.600549974
2020-09-22,34.34740275148159,35.68582267090552,33.544350799827235,34.43448067395014,462882.0,15939101.28331939
2020-09-23,35.153679811375525,35.801926567530245,34.282900586690076,35.60519496491612,381409.0,13580141.806373693
2020-09-24,34.79246768854305,35.485865960051825,34.189372447742386,34.315151669085836,266126.0,9132154.053087138
2020-09-25,34.89567115220947,35.40846336230201,33.47662352679614,33.892662489701415,324363.0,10993525.68314702
2020-09-28,34.24742439605475,34.863420069813714,34.07326855111766,34.315151669085836,211883.0,7270797.281100914
2020-09-29,35.02145037355292,35.31816033159389,33.62175339757705,34.79569279678262,270046.0,9396437.656999959
2020-09-30,35.01822526531335,38.130454716503934,34.54090924585614,37.48865817682836,444201.0,16652499.450805334
2020-10-09,39.70108242917732,40.68151533400834,38.44329021574278,38.81417766329399,559678.0,21723441.326237053
2020-10-12,39.92684000594762,41.613571615245725,38.84642874568974,41.44264087854821,528089.0,21885402.778911646
2020-10-13,41.281385466569425,42.53272746352481,40.3138529946967,41.697424429474694,460527.0,19202789.780232694
2020-10-14,41.65227291412064,42.674632226066144,41.31363654896518,42.08766252646336,310472.0,13067040.759916132
2020-10-15,43.409956904689416,44.41941578367662,42.35534651034815,42.42629889161881,402893.0,17093258.839340977
2020-10-16,42.75203482381596,43.16807378672123,40.3138529946967,41.21688330177791,413536.0,17044665.05308403
2020-10-19,41.281385466569425,41.86513005793263,40.73311706584155,41.307186332486026,222006.0,9170443.208929893
2020-10-20,40.69441576696664,45.25794392596631,40.69441576696664,45.15151535406031,541679.0,24457627.685472034
2020-10-21,44.50326859790559,45.05476210687304,43.27127725038766,44.345238294166386,380567.0,16876334.301896017
2020-10-22,44.25816037169783,46.764069473848174,42.594004520076744,46.37383137685951,434389.0,20144282.237962626
2020-10-23,45.80298721845461,47.01562791653509,44.0227274702088,44.722575958196735,400994.0,17933484.62378114
2020-10-26,44.0227274702088,46.07067120233939,42.92619066875305,45.13861492110201,309796.0,13983762.34809772
2020-10-27,44.31943742824977,45.635281589996666,43.80664521815723,45.24181838476843,296545.0,13416235.032911154
2020-10-28,44.993485050321105,49.498961261008404,44.83545474658189,48.89264091196817,517974.0,25325116.7837358
2020-10-29,47.70257597156471,53.78190500316498,47.70257597156471,51.07926429840051,634705.0,32420264.446516294
2020-10-30,51.601731833211794,54.92359331997479,49.73116905425786,51.54045477665985,673292.0,34701775.87748686
2020-11-02,51.895216683013174,54.423701542840554,51.762987245190565,54.175368208393216,524911.0,28437246.70163589
2020-11-03,55.47186172070266,55.616991591483576,51.4662772871496,52.91757599495869,661617.0,35011167.877056584
2020-11-04,53.859307600914796,54.93326864469352,52.5692643050845,54.191493749591096,460948.0,24979460.660886515
2020-11-05,56.439394192575385,59.60967559207834,55.14935089674509,59.60967559207834,674092.0,40182405.43921527
2020-11-06,61.115801139960205,64.13127734396352,58.01647212172792,61.418961314480335,807667.0,49606068.22798239
2020-11-09,61.79307387027111,62.46067127586329,59.38069290706846,61.58344183469869,525016.0,32332292.298286166
2020-11-10,60.264372564712204,60.270822781191356,57.045714541615624,58.88402623817379,635350.0,37411966.070423715
2020-11-11,57.052164758094776,58.661493769643066,52.9949785927085,53.00465391742723,805675.0,42704524.54492318
2020-11-12,54.18181842487237,55.891125791847514,53.46584439568656,54.61075782073595,586640.0,32036854.967956536
2020-11-13,58.05194831236325,58.70342017675755,55.88790068360793,56.729653934137204,609194.0,34559364.79875278
2020-11-16,55.15902622146382,55.31060630872388,52.73051971706329,54.83329028926667,542565.0,29750624.14579597
2020-11-17,55.95562795663903,56.49744614088775,53.04013010806256,53.859307600914796,568409.0,30614115.17412838
2020-11-18,53.49809547808231,54.56238119714231,52.32738118711632,53.859307600914796,417033.0,22461108.6267323
2020-11-19,54.18181842487237,54.407576001642674,51.44692663771215,52.12419936802305,470054.0,24501188.409736708
2020-11-20,53.1014071646145,57.16181843824035,52.64021668635517,56.78125566597041,707527.0,40174271.477577046
2020-11-23,57.052164758094776,59.67095264863027,55.494437478379695,59.40649377298506,604027.0,35883126.21421485
2020-11-24,61.8479007103439,62.88638556348729,58.28093099737313,59.40326866474549,646752.0,38419182.81546147
2020-11-25,59.019480784235974,61.82532495266686,58.2454548067378,59.19041152093349,473858.0,28047850.0224865
2020-11-26,59.21621238685009,59.600000267359604,55.22352838625533,56.703853068220596,496538.0,28155617.79478812
2020-11-27,56.539372548002234,57.374675582052355,54.61075782073595,56.14913445101358,397476.0,22317933.365051072
2020-11-30,55.31060630872388,57.00056302626156,53.54002188519679,55.520238344296295,379213.0,21053996.143255632
2020-12-01,54.40757600164267,57.084415840490536,53.859307600914796,57.02313878393859,401564.0,22898439.702633515
2020-12-02,55.181601979140844,55.63311713268145,54.18181842487237,54.746212366798126,492401.0,26957089.715623762
2020-12-03,54.746212366798126,56.007229688472236,53.8464071679565,55.178376870901275,365581.0,20172166.19484096
2020-12-04,55.34285739111964,57.664935323614166,54.95584440237055,55.426710205348606,394490.0,21865282.908907972
2020-12-07,55.246104143932364,56.974762160344966,54.53980543946528,56.53292233152309,322186.0,18214116.1143041
2020-12-08,57.439177746843875,58.69696996027841,56.98766259330327,57.39725133972939,445743.0,25584423.003924996
2020-12-09,57.72943748840568,58.38413446103956,55.79437254466024,55.87177514241006,315714.0,17639501.617310848
2020-12-10,54.18181842487237,55.362208040557086,53.54324699343638,54.672034877287885,370436.0,20252489.911803015
2020-12-11,54.6172080372151,54.6172080372151,52.50476214029299,53.859307600914796,354878.0,19113483.362797443
2020-12-14,53.79480543612328,55.11064959787018,52.5692643050845,54.89134223757903,302132.0,16584431.012924228
2020-12-15,54.90746777877691,56.455519733773265,54.343073836851154,56.34264094538811,362218.0,20408318.71795659
2020-12-16,56.76190501653296,56.98766259330327,55.11709981434934,55.42993531358818,238154.0,13200860.81467228
2020-12-17,55.207402845057445,55.7717967869832,54.507554357069516,55.404134447671574,189773.0,10514208.806537978
2020-12-18,55.63311713268145,58.080974286519435,55.220303278015756,56.76190501653296,488485.0,27727339.1720011
2020-12-21,56.92316042851175,62.43809551818625,56.60064960455417,62.43809551818625,667798.0,41696035.31085374
2020-12-22,62.238138807332554,62.238138807332554,59.232337928047976,59.341991608193545,586810.0,34822474.095604055
2020-12-23,59.306515417558224,61.53506521110506,59.00658035127768,60.241796807035186,427079.0,25728006.338551782
2020-12-24,59.664502432151124,59.664502432151124,58.05194831236325,59.019480784235974,260454.0,15371859.848177396
2020-12-25,59.1226842479024,60.035389879702336,58.40671021871658,59.73545481342179,211331.0,12623953.40117524
2020-12-28,59.43874485538082,61.396385556803295,58.89047645465294,60.609459146346815,303384.0,18387940.153655283
2020-12-29,59.987013256108696,59.987013256108696,57.5552816434686,57.600433158822646,361178.0,20804009.247437246
2020-12-30,58.26480545617525,61.905952658656254,58.26480545617525,59.987013256108696,510431.0,30619231.16332882
2020-12-31,60.909394212627355,63.157294655611636,59.425844422422514,62.66385309495655,505119.0,31652702.811471358
2021-01-04,60.95454572798142,68.10138558688125,60.33855005422245,66.68233796146792,589502.0,39309371.59296127
2021-01-05,66.43722973526017,71.34906958413401,65.15041154766945,70.92013018827043,545306.0,38673172.512444995
2021-01-06,70.86207823995808,71.6554548668937,68.3722946790056,69.75909122202319,434652.0,30320928.517834824
2021-01-07,69.85584446921045,73.63567132599321,69.08181849171228,72.57783582341237,428603.0,31107078.16742201
2021-01-08,75.14502198211467,75.57073626973866,71.1781388474365,73.37443755858759,426758.0,31313128.22362772
2021-01-11,75.65781419220721,79.01515186960555,74.49355011772036,75.74489211467575,534255.0,40467087.33672609
2021-01-12,74.75800899336558,77.32197004382827,70.9523812706662,76.43184016970538,433125.0,33104540.773503643
2021-01-13,76.75757610190253,80.5890046905185,74.07751115481508,77.17684017304738,480348.0,37071740.823442966
2021-01-14,74.82251115815708,75.9351735008107,71.70705659872692,72.22629902529862,445955.0,32209679.181827046
2021-01-15,71.59740291858135,73.82917782036775,69.8235933868147,72.62943755524557,377050.0,27384929.430205345
2021-01-18,70.9523812706662,72.2424245664965,69.74619078906487,71.4974245631545,263789.0,18860234.12808996
2021-01-19,71.61675356801881,72.62943755524557,68.87541156437942,69.72684013962741,276250.0,19262039.588572074
2021-01-20,70.92013018827043,72.9841994615989,70.31058473099063,71.59740291858135,381401.0,27307321.070549846
2021-01-21,70.9523812706662,77.27359342023465,69.92357174224153,75.95774925848775,585710.0,44489213.31818886
2021-01-22,76.02225142327926,78.58298736550239,74.66448085441787,78.34432935577378,423887.0,33209142.73763088
2021-01-25,79.4989181055419,84.80422115964399,79.01515186960555,83.85281422896915,559389.0,46906341.898728825
2021-01-26,82.88528175709642,84.68811726301927,80.94699170511142,81.98870166649436,394555.0,32349052.186023682
2021-01-27,80.69220815418493,83.67220816755291,75.62878821805101,82.88528175709642,521351.0,43212324.52934398
2021-01-28,79.32798736884439,81.43398304928735,78.36368000521125,78.8087449422727,326462.0,25728060.49134423
2021-01-29,80.30519516543583,80.76638564369517,76.59632068992374,79.66017351752069,335983.0,26764464.078937154
2021-02-01,79.01515186960555,80.6696323965079,77.0800869258601,79.62469732688535,263795.0,21004597.03134572
2021-02-02,81.27272763730855,86.43290082062974,80.78896140137219,86.27164540865094,471100.0,40642572.152015455
2021-02-03,86.4651519030255,88.16478394528191,83.94956747615642,84.82034670084187,384030.0,32573557.7435243
2021-02-04,83.207792581054,85.42989215812167,82.34991378932685,83.82056314657338,310351.0,26013795.593102194
2021-02-05,84.4978358768843,86.52320385133784,79.82142892949948,80.30519516543583,480551.0,38590741.84194536
2021-02-08,80.30197005719626,81.58878824478697,77.40582285805725,80.69220815418493,372462.0,30054781.233524024
2021-02-09,81.62748954366188,83.53675362149072,79.82142892949948,82.88528175709642,374954.0,31078167.93595033
2021-02-10,84.17532505292672,87.29077961235689,81.59523846126613,86.09426445547427,418939.0,36068245.056711935
2021-02-18,86.71026012923325,86.71026012923325,82.34668868108729,83.527078296772,472646.0,39478739.4486561
2021-02-19,82.20800902678552,83.09813890090842,79.25058477109458,82.99816054548158,382587.0,31754017.248614162
2021-02-22,82.7562774275134,82.77562807695085,77.225216796641,77.24779255431804,427131.0,32994926.88151842
2021-02-23,74.04526007241932,75.79649384650895,71.88766266014316,72.56493539045407,476510.0,34577917.36290527
2021-02-24,72.56493539045407,73.72274924846175,65.66320375776199,67.40153709889331,676485.0,45596128.82434484
2021-02-25,69.58816048532567,69.61396135124228,66.37272757046865,67.48538991312228,369532.0,24938011.1053759
2021-02-26,63.37337690766322,65.79220808734502,62.567099847769285,63.62171024211055,503616.0,32040911.22529075
2021-03-01,64.8246756154723,68.04655874680846,63.69588773162079,68.01753277265229,444294.0,30219781.705692776
2021-03-02,69.22694836249318,69.59783581004439,66.18567129257326,68.17878818463107,387928.0,26448460.942887563
2021-03-03,66.11471891130259,67.82402627827774,65.13751111471115,67.64664532510108,263062.0,17795261.81251174
2021-03-04,66.11471891130259,66.14696999369836,63.63138556682928,64.01839855557837,346850.0,22204781.53900236
2021-03-05,60.42885308493057,64.34413448777552,60.045065204421064,63.33145050054873,325319.0,20602924.145388015
2021-03-08,63.33145050054873,63.641060891548,56.997337918021984,56.997337918021984,591328.0,33704121.8363881
2021-03-09,55.60409115852527,57.600433158822646,52.25642880584566,55.04614743307867,599205.0,32983926.772637907
2021-03-10,58.05194831236325,58.65826866140349,56.69095263526229,57.14569289704247,431507.0,24658766.504924107
2021-03-11,57.06829029929265,59.664502432151124,56.149134451013566,59.009805459517246,367828.0,21705458.722563308
2021-03-12,60.04184009618149,60.62880979578427,57.697186406009926,58.59376649661198,301848.0,17686411.229469333
2021-03-15,57.58430761762477,58.37445913632083,55.47186172070266,56.200736182846775,295602.0,16613050.017121872
2021-03-16,57.27147211838593,57.76168857080144,55.91370154952454,56.91348510379302,197056.0,11215143.720613038
2021-03-17,56.12333358509696,58.04227298764452,55.304156092244725,57.045714541615624,213705.0,12190954.426115967
2021-03-18,57.66171021537459,58.255130131456525,57.17471887119866,57.58430761762477,201064.0,11578131.226830108
2021-03-19,55.79437254466024,56.55872319743969,54.71718639264194,55.19772752033873,258227.0,14253543.584394509
2021-03-22,55.578290292608656,56.59419938807502,54.83006518102709,56.05238120382629,185683.0,10407974.299070077
2021-03-23,56.69740285174145,56.819956964845325,53.6335500241445,54.49465392411122,226649.0,12351158.817245884
2021-03-24,54.1785933166328,54.581731846579764,52.24675348112693,52.48541149085553,248269.0,13030500.625423212
2021-03-25,50.63419936133906,52.71439417586541,50.18268420779845,51.988744821960864,256191.0,13319048.524682976
2021-03-26,52.572489413324085,55.47186172070266,52.53701322268875,55.14612578850552,328530.0,18117156.70529772
2021-03-29,54.8300651810271,54.98164526828716,53.14978378820814,54.214069507268135,234729.0,12725614.321371542
2021-03-30,51.92424265716936,54.50432924882995,51.31147209164996,54.50432924882995,338931.0,18473206.816635184
2021-03-31,54.572056521861036,55.67826864803552,52.42735954254317,53.056255649260436,270153.0,14333306.632414654
2021-04-01,54.18181842487237,55.4396106383069,53.86253270915437,54.52690500650697,299958.0,16355781.371941818
2021-04-02,55.14612578850552,57.47142882923963,54.36887470276777,56.719978609418476,349532.0,19825447.56330726
2021-04-06,57.01991367569902,57.8068400861555,55.72987037986873,56.79093099068914,255910.0,14533367.149827259
2021-04-07,57.13279246408417,57.432727530364716,54.66558466080873,55.14612578850552,281704.0,15534884.21912516
2021-04-08,54.50432924882995,55.31060630872388,53.89800889978971,54.98164526828716,160043.0,8799427.453672482
2021-04-09,55.43961063830691,55.50411280309842,53.536796776957225,53.769004570206675,204996.0,11022430.860874088
2021-04-12,53.77222967844625,54.63010847017339,52.44025997550147,52.71761928410499,201268.0,10610369.798073243
2021-04-13,52.724069500584136,54.06248942000806,52.724069500584136,52.89500023728165,158579.0,8388036.242627887
2021-04-14,53.859307600914796,55.14935089674509,53.859307600914796,55.13322535554721,298473.0,16455779.171546243
2021-04-15,54.343073836851154,54.391450460444794,52.73051971706329,53.37554136497844,249912.0,13339188.293604491
2021-04-16,53.34329028258268,53.66580110654026,51.70816040511779,53.311039200186926,234599.0,12506716.485324653
2021-04-19,53.21428595299965,57.084415840490536,52.94982707735444,56.778030557730844,507351.0,28806390.5814953
2021-04-20,56.439394192575385,56.439394192575385,54.755887691516854,55.226753494494915,375677.0,20747421.072551366
2021-04-21,54.504329248829954,55.01712145892249,53.91413444098759,54.37209981100734,230489.0,12532170.91333927
2021-04-22,54.82684007278752,55.400909339432,53.93025998218546,54.41080110988225,197508.0,10746568.505610624
2021-04-23,53.917359549227164,55.27190500984898,53.62387469942577,54.58495695481934,228828.0,12490566.5300574
2021-04-26,54.82684007278752,55.79437254466024,53.93993530690419,54.02056301289358,319514.0,17260326.17050168
2021-04-27,53.536796776957225,53.98831193049783,52.698268634667535,53.1949353035622,255639.0,13598700.066067336
2021-04-28,53.169134437645596,54.355974269809465,52.556363872126205,53.37554136497844,218412.0,11657858.740607671
2021-04-29,52.56926430508451,53.19171019532262,52.31125564591845,52.55313876388663,275854.0,14496993.540573182
2021-04-30,52.08227296090857,52.31125564591845,50.54067122239137,51.14054135495246,359899.0,18405429.693106037
2021-05-06,50.63419936133906,50.63419936133906,48.37662359363605,48.37662359363605,423158.0,20470955.286635842
2021-05-07,47.77030324459581,48.36372316067774,46.24482704727649,46.42543310869273,377980.0,17547885.206423678
2021-05-10,46.42543310869272,47.84448073410605,45.61593094055922,47.409091121763325,260739.0,12361399.009997448
2021-05-11,46.34480540270333,47.97671017192865,45.46435085329915,47.267186359221995,269640.0,12745124.12990062
2021-05-12,47.815454759949866,49.98917771342391,47.815454759949866,49.57958896699779,384659.0,19071235.112456404
2021-05-13,48.618506711604226,48.69913441759362,47.91220800713714,48.0508876614389,212696.0,10220231.602037407
2021-05-14,47.699350863325144,49.698917971862095,47.1865586532326,49.515086802206284,300279.0,14868340.749879701
2021-05-17,50.127857367725674,51.885541358294454,49.811796760247255,51.53077945194112,363003.0,18705827.533392984
2021-05-18,51.60173183321178,52.18225131633541,50.59549806246415,51.182467762066935,194952.0,9978124.455150474
2021-05-19,51.56948075081603,56.11688336861781,51.56303053433687,55.72342016338957,596491.0,33238518.616680406
2021-05-20,54.82684007278752,57.26502190190678,54.5365803312257,55.775021895222785,499888.0,27881264.14515913
2021-05-21,56.12010847685738,57.40370155620853,54.85909115518327,55.85887470945175,334966.0,18710823.825926214
2021-05-24,55.442835746546486,56.60064960455417,54.82038985630836,55.9459526319203,271723.0,15201802.08700328
2021-05-25,56.43939419257539,57.406926664448115,55.69761929747297,56.9296106449909,331523.0,18873475.30985932
2021-05-26,57.40692666444811,59.52904788608895,56.76190501653296,56.81673185660574,345578.0,19634612.561542097
2021-05-27,57.72943748840568,57.94874484869683,56.2781387805966,57.229545711271435,234026.0,13393201.664626008
2021-05-28,57.229545711271435,59.664502432151124,56.78448077420999,58.59376649661198,371195.0,21749713.154709883
2021-05-31,56.52324700680436,57.764913679041015,54.88489202109988,57.63268424121841,437553.0,25217353.88779784
2021-06-01,57.642359565937134,61.5673162935008,57.642359565937134,61.10290070700189,513604.0,31382694.214719
2021-06-02,61.277056551939,61.87370157626051,59.729004596942644,60.14826866808749,294350.0,17704642.882451553
2021-06-03,60.180519750483235,60.470779492045054,58.11000026067562,59.30974052579779,250801.0,14874942.233610611
2021-06-04,58.57119073893495,61.92207819985414,58.219653940821196,61.083550057564445,319848.0,19537451.31881187
2021-06-07,61.59956737589656,62.202662616697225,60.30952408006627,61.389935340324136,254518.0,15624843.562948618
2021-06-08,62.567099847769285,66.30822540567713,62.325216729801106,65.40842020683552,559239.0,36578939.50805049
2021-06-09,65.43744618099169,65.63095267536623,63.54108253612116,65.14718643942987,316556.0,20622732.750520162
2021-06-10,65.16331198062775,69.67846351603379,64.8246756154723,69.0527925175561,441000.0,30452281.50024224
2021-06-11,69.11406957410803,74.16136396904406,68.39809554492221,73.21640725484836,540085.0,39543083.31223478
2021-06-15,74.6741561791366,76.69307393711101,72.52300898333958,74.9257146218235,518101.0,38819087.671281375
2021-06-16,72.88744621441164,74.7128574780115,67.94013017490246,68.04978385504803,618176.0,42066743.18437818
2021-06-17,68.03688342208973,74.85476224055284,67.99495701497526,74.85476224055284,519978.0,38922829.56031819
2021-06-18,76.11255445398737,81.37593110097498,75.67716484164465,79.01515186960555,571896.0,45188449.29361993
2021-06-21,78.65393974677306,80.48580122685208,74.86443756527157,78.23467567562821,430526.0,33682061.97992551
2021-06-22,78.37013022169039,79.66017351752069,76.11255445398737,76.71887480302762,316428.0,24276000.11617242
2021-06-23,75.14502198211466,80.5632038246019,74.98376657013587,78.46688346887767,394501.0,30955263.99535571
2021-06-24,78.69264104564796,81.23080123019407,77.46064969813004,78.97967567897021,312285.0,24664168.019407213
2021-06-25,79.66017351752069,80.19554148529026,76.75757610190253,79.01192676136597,296502.0,23427194.308598533
2021-06-28,79.01192676136597,82.24026010918128,78.53783585014834,81.7984202803594,347272.0,28406301.007600967
2021-06-29,83.01428608667945,83.72380989938613,80.6277059893934,81.6919917084534,306258.0,25018825.99664752
2021-06-30,80.6277059893934,82.72402634511764,79.33766269356312,80.95021681335098,285407.0,23103758.53004806
2021-07-01,80.95021681335098,81.43398304928735,75.98355012440435,76.30606094836192,422603.0,32247170.274960592
2021-07-02,75.14502198211467,78.53138563366917,73.81950249564903,77.0929873588184,374260.0,28852821.448911376
2021-07-05,76.12545488694568,80.6277059893934,75.97387479968562,80.4825761186125,324901.0,26148869.46351332
2021-07-06,82.24026010918128,84.18177526940586,77.72510857377524,80.78896140137219,517917.0,41841976.52211448
2021-07-07,78.69264104564796,83.40129907542855,77.68640727490033,82.26928608333746,386387.0,31787782.641882513
2021-07-08,81.59523846126613,84.34948089786381,80.98891811222589,81.25982720435026,393910.0,32009058.53406561
2021-07-09,80.91151551447606,82.2370350009417,78.0089180988579,80.24714321712347,364947.0,29285954.175659556
2021-07-12,81.6919917084534,88.01642896626143,81.11147222532976,85.94268436821423,560057.0,48132801.97920895
2021-07-13,85.9459094764538,86.99084454607635,83.92376661023982,85.49761943115277,277314.0,23709686.8349307
2021-07-14,84.17532505292672,84.17532505292672,79.01515186960555,79.10868000855324,612717.0,48471233.08880071
2021-07-15,77.0800869258601,78.54751117486707,74.17748951024194,76.24155878357041,551899.0,42077640.05109373
2021-07-16,76.03192674799799,76.03192674799799,71.2845674193425,71.89411287662232,562741.0,40457764.97430332
2021-07-19,70.9523812706662,74.81928604991751,69.11406957410803,72.23274924177777,372187.0,26884090.24204954
2021-07-20,70.9523812706662,74.00333366530485,70.66534663734396,73.371212450348,246750.0,18104346.67212337
2021-07-21,74.56450249899102,79.01192676136596,74.1807146184815,77.79928606328548,471511.0,36683219.1709858
2021-07-22,79.43441594075038,80.44709992797718,77.45742458989046,80.29229473247753,374773.0,30091384.1737748
2021-07-23,79.80207828006203,84.4978358768843,79.04095273552215,83.42709994134515,460562.0,38423352.0031858
2021-07-26,80.8147622672888,83.76896141474018,77.72833368201482,80.16006529465493,404428.0,32418974.886986703
2021-07-27,79.33766269356312,83.16909128217908,76.49956744273648,76.98655878691241,377707.0,29078362.159728326
2021-07-28,74.17426440200236,77.757359656171,72.23919945825692,76.27380986596616,332199.0,25338083.36366409
2021-07-29,79.64082286808323,82.9820350042837,78.31207827337803,82.94978392188793,428851.0,35573097.78468556
2021-07-30,82.94655881364837,86.529654067817,81.31465404442304,85.3718402098093,457994.0,39099790.5850514
2021-08-02,89.01298741229033,93.90870171996629,88.14220818760488,93.90870171996629,622259.0,58435534.8235645
2021-08-03,96.43073636331452,96.43073636331452,88.69370169657232,90.32883157403722,489349.0,44202323.401923545
2021-08-04,91.27378828823291,99.36235975308885,90.94805235603576,99.36235975308885,534306.0,53089904.99023389
2021-08-05,97.07575801122967,98.76893983700693,95.09876666036973,96.57909134233499,368823.0,35620590.20615402
2021-08-06,100.99646178855781,102.38395311664343,96.31771196129235,97.92462052265662,453626.0,44421153.90921064
2021-08-09,95.18835855471103,95.96277231922393,91.31628973214652,94.72048357198449,341621.0,32358506.318344913
2021-08-10,94.72371029600329,97.54709381245658,90.99361733026613,94.2203413490699,331035.0,31190230.698489353
2021-08-11,93.25232414342878,96.42419385391288,92.33593452208851,95.18513183069223,263994.0,25128303.692511763
2021-08-12,94.54301375095028,101.11907730127236,93.37171293212451,99.6993187329987,382779.0,38162805.52529851
2021-08-13,97.76973776975404,100.83512558761763,96.15314903633336,96.80817401215052,246906.0,23902519.012644034
2021-08-16,95.83370335847178,95.83370335847178,91.96163453590727,92.09070349665942,305067.0,28093834.6436154
2021-08-17,91.46149231299268,93.73633274624933,89.70292772274463,90.4483009710883,272058.0,24607183.865592342
2021-08-18,92.09393022067823,92.95869225771763,89.7642354791019,91.52925351738757,221723.0,20294140.677635726
2021-08-19,91.52925351738756,96.37579299363082,89.88685099181644,94.77533788030414,361672.0,34277586.00184536
2021-08-20,93.25232414342878,94.73661719207851,90.99361733026613,91.9906750520765,247173.0,22737611.124646906
2021-08-23,90.83228112932595,95.00766200965802,88.91238033813771,93.51046206493308,295827.0,27662919.461282957
2021-08-24,94.47525254655541,97.44706536787366,93.59113016540317,96.23704386082225,274399.0,26407348.598365765
2021-08-25,96.0918412799761,96.73718608373684,93.89766894718953,95.57556543696748,179145.0,17121884.67020554
2021-08-26,95.83370335847178,96.40483350980004,91.15495353120633,91.15495353120633,263682.0,24035920.457015548
2021-08-27,90.66771820436696,95.52071112864782,90.34827252650538,92.97805260183044,262889.0,24442907.2704426
2021-08-30,89.52223117769162,92.9296517415484,88.39933121914791,90.98393715820971,419092.0,38130640.19150843
2021-08-31,92.56825865144238,92.56825865144238,86.00832872121433,89.38025532086425,329668.0,29465810.011118677
2021-09-01,89.38025532086425,89.69324755068823,83.12041072438497,85.92766062074423,287674.0,24719153.841411978
2021-09-02,86.15675802607929,87.76366658744358,84.76603997397487,86.1535313020605,165244.0,14236354.126477685
2021-09-03,86.15675802607929,87.444220909582,80.79716943084625,81.99428404182245,287964.0,23611402.009819362
2021-09-06,83.89159776487905,90.02560012462502,83.57215208701749,89.5738587619925,397789.0,35631495.70307423
2021-09-07,89.57385876199247,90.70643889259259,88.17668726185045,89.04144929888986,207634.0,18488032.283725698
2021-09-08,89.67066048255661,90.11594839715153,86.6730338690879,86.98925282293068,182578.0,15882323.801905038
2021-09-09,87.76689331146238,90.21275011771564,85.76632441980405,87.67331831491708,216256.0,18959881.125510707
2021-09-10,87.67331831491705,87.93790968445897,84.74667962986204,85.70501666344677,238757.0,20462672.663514562
2021-09-13,86.58268559656139,87.76043986342478,83.63023311935595,84.33365895545518,213492.0,18004561.517718036
2021-09-14,84.34333912751158,89.05758291898388,82.94616762736955,86.87309075825374,354690.0,30813016.561045017
2021-09-15,86.44070973973402,87.12154850770162,83.89482448889785,84.26589775106028,218809.0,18438136.82101175
2021-09-16,84.26589775106028,85.43397184586725,80.8391168430907,80.99077287197447,220810.0,17883572.557860684
2021-09-17,81.63611767573522,82.92680728325674,80.82620994701549,82.32018316772162,139421.0,11477162.257426916
2021-09-22,80.02275566633334,81.13274872880184,78.74174623086824,79.76461774482904,163413.0,13034575.479535747
2021-09-23,81.90393576929593,83.09459693223452,80.30670737998807,80.64228667794366,149784.0,12078924.267769113
2021-09-24,80.97786597589926,83.08814348419692,79.70008326445297,81.23923062142237,158267.0,12857489.312760653
2021-09-27,81.9587900776156,83.08491676017812,79.63554878407689,81.47478147479504,179991.0,14664727.392429834
2021-09-28,81.2811780336668,81.90070904527713,79.4709858591179,79.65490912818971,162444.0,12939462.05841965
2021-09-29,78.40939365693146,79.01601777246657,75.82801444188846,76.15068684376882,245555.0,18699181.907921653
2021-09-30,76.86056612790566,80.57129874952999,76.53789372602529,80.50999099317272,225038.0,18117807.3531216
2021-10-08,83.2430262370995,83.88837104086026,80.66810047009409,81.63611767573522,194104.0,15845896.98533091
2021-10-11,81.66838491592326,84.89510893472703,80.02275566633334,82.52346678090626,211973.0,17492746.823949043
2021-10-12,82.28146247949599,84.83057445435097,81.63934439975404,82.93003400727554,211651.0,17552224.627673876
2021-10-13,82.93003400727554,88.28316915447098,82.06527197023613,87.50875538995807,321978.0,28175894.04294792
2021-10-14,87.444220909582,89.05435619496508,86.52137784020412,88.07020536922992,177799.0,15658794.444443712
2021-10-15,88.7349105171035,92.76831554060821,87.444220909582,91.42277162476704,287845.0,26315587.69833107
2021-10-18,91.71963023449699,93.13293535473304,90.3611794225806,92.25849314563722,216214.0,19947577.836990803
2021-10-19,92.9296517415484,95.15931803854181,91.6389621340269,91.8938733315124,193858.0,17814362.49630033
2021-10-20,92.28430693778765,95.18835855471103,92.03907591235856,93.76859998643738,217045.0,20352005.784056302
2021-10-21,93.89766894718953,94.41394479019812,91.6421888580457,92.61020606368682,180626.0,16727811.080459496
2021-10-22,94.28487582944598,97.1243929659933,93.25232414342878,96.80172056411291,336549.0,32578522.254131638
2021-10-25,97.8052317339609,102.81956085918195,97.52128002030616,102.40008673673745,335190.0,34323485.073287025
2021-10-26,106.64322882146439,107.55639171878586,102.5323824215084,102.93572292385886,313244.0,32243997.591561247
2021-10-27,100.99646178855782,105.42675386637538,100.44146525732357,103.8166185809923,219068.0,22742898.99930082
2021-10-28,103.1293263649871,104.48132372886587,98.54415153426696,99.37664633111832,298267.0,29640774.171243668
2021-10-29,98.45702998575925,101.24169281398689,94.79147150039816,100.45114542937998,347160.0,34872619.64726355
2021-11-01,97.25668865076423,99.51539546392686,94.80760512049218,97.44706536787366,284786.0,27751559.95785527
2021-11-02,100.02844458291668,103.19063412134437,99.26693771447898,101.28041350221254,290087.0,29380131.311616328
2021-11-03,101.03840920080225,101.27073333015613,96.75654642784967,97.77296449377285,197248.0,19285521.700467706
2021-11-04,100.39306439704151,106.15922021864382,99.71545235309273,104.86853061112234,349964.0,36700210.446790814
2021-11-05,104.54585820924194,105.51387541488307,100.99968851257661,101.31913419043818,194183.0,19674453.434501857
2021-11-08,99.41214029532514,103.1293263649871,99.06042737727554,101.64180659231856,169849.0,17263759.207898714
2021-11-09,101.65794021241258,106.4722124484678,101.65794021241258,103.4778125590179,203305.0,21037556.682311136
2021-11-10,101.31913419043818,101.83541003344678,97.31154295908391,100.11233940740557,274879.0,27518779.743968237
2021-11-11,100.99646178855781,102.28392467206051,99.39923339924995,100.67056266265863,138852.0,13978308.966835475
2021-11-12,101.89994451382286,102.20325657159042,98.57641877445498,98.98943944886186,148884.0,14737943.70290435
2021-11-15,98.98943944886186,98.98943944886186,93.71697240213652,95.1689982105982,225372.0,21448427.464718938
2021-11-16,94.86568615283066,96.05634731576924,92.9296517415484,94.70757667590927,151808.0,14377367.800016433
2021-11-17,96.80172056411291,97.84717914620533,94.86568615283066,95.78530249818974,163378.0,15649211.151549242
2021-11-18,95.12382407433496,96.44032747400689,93.57499654530915,95.31742751546318,129097.0,12305193.93996375
2021-11-19,95.42068268406491,96.80172056411291,92.9296517415484,95.77562232613332,175159.0,16775962.231023185
2021-11-22,96.2854447211043,100.51567990975605,96.22091024072823,100.35111698479706,287020.0,28802777.59697645
2021-11-23,99.34437909093027,99.94132303440898,98.08595672359682,99.5379825320585,150363.0,14966829.667467913
2021-11-24,98.55383170632336,99.89937562216454,97.1243929659933,97.83427225013011,141938.0,13886400.934638968
2021-11-25,97.83427225013011,98.25051964855581,93.99447066775365,96.15637576035216,170971.0,16439951.72012317
2021-11-26,95.18835855471103,98.34086792108232,94.88181977292467,96.04666714371284,122494.0,11765140.44510196
2021-11-29,94.15580686869383,99.08301444540717,93.55240947717752,98.2408394764994,200157.0,19663591.70709769
2021-11-30,99.06042737727554,99.38309977915593,97.76973776975404,98.31828085295068,131788.0,12957169.597048664
2021-12-01,98.47961705389086,99.22176357821574,96.92433607682746,98.51833774211651,108279.0,10667467.092378635
2021-12-02,98.4150825735148,101.338494534551,97.80200500994209,99.64123770066023,180072.0,17942596.955233287
2021-12-03,99.05720065325674,99.96391010254061,96.43387402596929,99.02816013708753,210327.0,20828295.837153208
2021-12-06,97.1243929659933,100.51567990975605,97.07921882973004,97.36639726740357,178801.0,17409209.197809026
2021-12-07,98.74098169941398,98.85069031605329,93.92348273933995,95.12382407433496,227679.0,21657697.14142051
2021-12-08,95.51425768061021,97.1243929659933,95.02702235377085,97.05663176159842,154382.0,14983796.924619088
2021-12-09,96.80172056411293,97.00500417729756,95.8433835305282,96.64038436317274,112957.0,10916207.896510903
2021-12-10,95.50780423257261,97.45674553993008,94.47847927057421,97.25991537478305,144873.0,14090335.720090944
2021-12-13,97.76651104573524,97.76973776975404,96.15637576035216,96.2854447211043,142941.0,13763137.75387937
2021-12-14,95.34969475565121,95.85629042660341,94.12031290448698,94.67208271170242,157111.0,14874025.586918278
2021-12-15,94.67530943572122,95.34969475565121,94.12676635252458,94.6559490916084,98150.0,9290481.403341364
2021-12-16,94.54301375095028,94.70112322787166,90.02560012462502,92.34884141816372,278665.0,25734389.893792592
2021-12-17,91.6389621340269,92.245586249562,89.89975788789167,90.01914667658741,151118.0,13603513.407472536
2021-12-20,90.0998147770575,90.82260095726954,86.56655197646738,87.28288470864183,217845.0,19014140.01935408
2021-12-21,87.28288470864182,89.30926739245058,86.9311717905922,89.12534412337877,149653.0,13337875.124096002
2021-12-22,90.35149925052418,92.01971556824574,89.38348204488305,90.09658805303869,144442.0,13013731.371557014
2021-12-23,91.00329750232255,91.92936729571925,89.43188290516512,90.34504580248658,123021.0,11114337.879667701
2021-12-24,90.98716388222851,90.99361733026613,85.49527960222451,87.12154850770162,209969.0,18292824.4186136
2021-12-27,86.79887610582125,87.6184640065974,85.83085890018012,86.16321147411689,107190.0,9235834.63791059
2021-12-28,86.52460456422291,87.444220909582,85.89862010457499,87.39582004929993,118543.0,10360162.696104161
2021-12-29,87.81529417174443,87.83788123987607,84.86284169453899,86.79887610582125,141603.0,12290981.253212607
2021-12-30,86.47620370394087,88.08311226530515,85.83085890018012,86.19547871430494,117327.0,10113056.931113256
2021-12-31,88.08956571334275,88.4735458715804,86.1535313020605,86.51492439216652,116292.0,10060993.587413829
2022-01-04,89.05758291898388,90.17080270547119,85.57917442671344,87.444220909582,244661.0,21394190.531959243
2022-01-05,85.36298391745358,85.9857416530827,81.22309700132834,81.72001250022412,301709.0,24655663.251430117
2022-01-06,80.6681004700941,82.12980645061221,79.9872617021265,80.6745539181317,175908.0,14191299.430630712
2022-01-07,81.24891079347877,81.62321077966001,79.0547384606922,79.53874706351277,161934.0,12880027.466982877
2022-01-10,79.0547384606922,80.4970840970975,77.12838422146636,79.4742125831367,162142.0,12886107.776654951
2022-01-11,79.4677591350991,79.4677591350991,76.7314971671535,77.14774456557919,212441.0,16389344.00325621
2022-01-12,79.37741086257259,82.60413488137635,78.83209450339476,82.60413488137635,323602.0,26730863.25588315
2022-01-13,83.16558486064821,83.43017623019011,80.21958583148037,82.38149092407889,217104.0,17885351.20558122
2022-01-14,80.9262383915984,83.02360900382085,80.66810047009409,81.68129181199848,149548.0,12215273.827900749
2022-01-17,81.64257112377284,86.31164077898188,81.64257112377284,85.9889683771015,241145.0,20735809.77929614
2022-01-18,85.96315458495108,86.78596920974604,84.63697101322273,85.85667269233055,125054.0,10736720.346866705
2022-01-19,85.8147252800861,86.43748301571523,80.768128914677,81.62643750367882,231882.0,18927701.58122805
2022-01-20,81.34571251404289,81.86521508107029,79.70008326445297,81.0133599401061,149986.0,12150869.803976754
2022-01-21,81.0165866641249,82.52024005688746,79.48389275519312,80.79716943084625,112394.0,9081117.061010534
2022-01-24,79.40322465472302,81.59739698750958,78.81918760731955,81.11984183272662,108377.0,8791525.098305413
2022-01-25,80.02275566633334,80.99077287197447,77.44137645129032,77.54140489587324,172772.0,13396983.606669812
2022-01-26,79.0547384606922,81.11338838468902,78.186749699634,80.5035375451351,174446.0,14043520.110598639
2022-01-27,79.70008326445297,80.44222978877784,77.7640488531707,77.85117040167842,132650.0,10326957.753782641
2022-01-28,77.43492300325272,78.08672125505109,70.9104870372315,73.18210074646936,324373.0,23738297.565434504
2022-02-07,77.69628764877582,80.43577634074022,76.79925837154838,78.86113501956397,251125.0,19804002.531788003
2022-02-08,78.40939365693146,78.40939365693146,74.42116276969001,76.4636790735928,199040.0,15219330.682807911
2022-02-09,77.13483766950398,79.50647982332474,75.83769461394486,79.11281949303068,199929.0,15816946.888422132
2022-02-10,79.62586861202047,80.02275566633334,76.82829888771761,77.48009713951598,146285.0,11334176.010054095
2022-02-11,76.16682046386285,77.48009713951598,73.73064382966601,74.27596018884384,199439.0,14813523.224102827
2022-02-14,74.27918691286264,75.82801444188846,72.60129042308469,74.8535437882097,133199.0,9970417.179045744
2022-02-15,74.91807826858579,77.42846955521512,74.91807826858579,76.89606009211249,158524.0,12189871.030042041
2022-02-16,78.08672125505109,79.05151173667342,77.56721868802369,77.63497989241857,128725.0,9993562.78665158
2022-02-17,78.16416263150238,80.26153324372483,77.11870404940996,79.18703414546317,191064.0,15129791.491968775
2022-02-18,77.7640488531707,79.18058069742555,77.44137645129032,78.39648676085625,99105.0,7769483.820434659
2022-02-21,77.76404885317072,79.31287638219652,77.3252143866134,78.05122729084425,109538.0,8549575.334984498
2022-02-22,77.11870404940996,77.11870404940996,75.60214376057219,76.61856182649538,125452.0,9611951.818257498
2022-02-23,78.05445401486304,81.48123492283264,77.12193077342876,81.31344527385485,291149.0,23674328.278037567
2022-02-24,80.05824963054019,81.24245734544117,77.95119884626133,79.00956432442896,238220.0,18821658.41336547
2022-02-25,80.63583322990605,81.4360607865694,79.96790135801368,79.97112808203248,146014.0,11676904.29576989
2022-02-28,79.66781602426494,80.72940822645137,79.37741086257259,80.53903150934194,118291.0,9527042.576271567
2022-03-01,82.28146247949597,82.80096504652339,80.42609616868381,81.24245734544117,176520.0,14340918.570617275
2022-03-02,80.34542806821372,80.46159013289066,78.71915916273663,80.21635910746157,121242.0,9725591.810906855
2022-03-03,80.51321771719152,80.94559873571123,78.73206605881184,79.12249966508709,99633.0,7883212.0091316225
2022-03-04,76.57338769023212,78.04154711878783,74.21465243248657,75.440807559632,291706.0,22006536.209990013
2022-03-07,73.2111412626386,73.46927918414289,70.99438186172041,72.15277578447096,236129.0,17037362.793211345
2022-03-08,71.33641460771362,72.75939990000607,67.76120439487904,69.75854656251857,291499.0,20334546.564427603
2022-03-09,70.01991120804168,72.14954906045216,67.76120439487904,72.14632233643336,251135.0,18118466.65996019
2022-03-10,75.15362912195846,75.32141877093626,73.89198003060619,73.92424727079423,248343.0,18358569.33997085
2022-03-11,71.63327321744356,74.79223603185245,70.99438186172041,74.16625157220452,186116.0,13803526.077612415
2022-03-14,72.60129042308469,72.60129042308469,70.66525601180243,70.66525601180243,150841.0,10659217.88207629
2022-03-15,68.12582420900387,71.63327321744356,67.57728112580723,68.6646871201441,198204.0,13609615.64596104
2022-03-16,71.31060081556319,74.21465243248657,69.11642848277663,74.03072916341476,333766.0,24708940.349956293
2022-03-17,77.56399196400487,77.72532816494505,75.71830582524912,75.79574720170041,315844.0,23939631.979173865
2022-03-18,75.79574720170041,77.0767566371655,74.87613085634135,75.66667824094826,150549.0,11391542.742496518
2022-03-21,77.44137645129034,80.30348065596927,76.85088595584925,79.17735397340677,279178.0,22104575.327587754
2022-03-22,79.0547384606922,79.82915222520512,78.09317470308869,78.99020398031614,115079.0,9090113.6838508
2022-03-23,80.66810047009409,80.99077287197447,79.4645324110803,79.75493757277263,148501.0,11843687.984494308
2022-03-24,78.63526433824772,80.66810047009409,78.21579021580324,79.7258970566034,113681.0,9063319.703291731
2022-03-25,79.732350504641,80.3325211721385,75.50856876402688,75.92804288647136,208024.0,15794855.193415318
2022-03-28,75.79574720170041,75.79574720170041,73.85325934238054,74.34372139323872,143104.0,10638883.906258034
2022-03-29,75.15685584597728,76.31202304470901,73.82744555023012,74.53732483436694,138587.0,10329904.236820411
2022-03-30,73.24663522684544,76.47981269368681,71.70426114585725,76.47981269368681,251260.0,19216317.73741575
2022-03-31,75.57310324440296,75.82801444188846,73.2111412626386,74.15011795211049,161731.0,11992372.726512782
2022-04-01,73.17887402245056,77.29940059446297,73.11756626609329,76.1377799476936,182948.0,13929254.565870648
2022-04-06,79.0547384606922,79.37741086257259,77.31553421455699,78.05445401486305,205293.0,16024033.028073281
2022-04-07,77.44137645129032,79.15154018125632,77.12193077342876,77.44137645129032,122700.0,9502056.890573323
2022-04-08,77.44460317530913,79.53874706351277,77.15097128959799,78.72561261077422,171719.0,13518683.471909538
2022-04-11,77.44137645129032,77.91893160607329,74.05331623154638,75.18266963812769,193070.0,14515518.027033314
2022-04-12,74.85999723624732,76.9767281925826,74.60185931474302,76.84765923183045,128889.0,9904817.950731395
2022-04-13,75.83446788992605,78.07058763495706,75.1858963621465,76.4733592456492,109673.0,8387062.728548085
2022-04-14,78.08672125505109,79.05151173667342,77.72210144092627,77.85762384971602,131638.0,10249021.888328917
2022-04-15,76.95736784846977,77.44137645129032,75.1020015376576,76.21522132414489,129239.0,9849978.988711162
2022-04-18,75.76025323749357,77.7640488531707,74.21465243248657,77.15097128959799,110592.0,8532280.216859221
2022-04-19,78.46102124123232,80.95850563178644,78.45134106917591,79.00956432442895,207782.0,16416765.294458495
2022-04-20,79.91304704969403,80.12923755895388,77.71887471690746,78.0157333266374,130781.0,10202975.620190967
2022-04-21,76.72181699509709,77.68983420073822,74.89226447643536,75.51824893608328,154049.0,11633510.730354693
2022-04-22,74.21787915650536,76.0409782271295,73.91134037471902,75.9570834026406,108162.0,8215670.054996413
2022-04-25,74.21465243248657,76.2926627005962,73.1240197141309,73.40797142778563,161889.0,11883943.086472787
2022-04-26,73.88875330658739,76.10228598348677,73.70805676153438,74.79868947989004,158176.0,11831357.507171087
2022-04-27,73.1207929901121,76.08937908741156,70.60394825544516,75.83124116590724,254342.0,19287069.54061918
2022-04-28,75.69894548113629,75.98935064282864,74.21465243248657,74.8535437882097,146372.0,10956462.911367832
2022-04-29,75.440807559632,78.67721175049218,74.45665673389685,78.40939365693146,248163.0,19458310.35808508
2022-05-05,79.44194534294867,81.4392875105882,78.0125066026186,80.28089358783765,253259.0,20331858.829162177
2022-05-06,77.77050230120831,79.37741086257259,77.47364369147837,78.1125350472015,145489.0,11364514.6114823
2022-05-09,74.53732483436694,76.43786528144236,74.53732483436694,75.09554808962,175116.0,13150431.999261895
2022-05-10,72.31088526139234,75.39563342336875,71.72362148997006,75.28915153074823,209697.0,15787909.208543312
2022-05-11,74.85999723624732,82.81709866661741,74.69866103530713,81.5393159551711,459526.0,37469435.703615956
2022-05-12,80.6648737460753,83.15267796457299,80.2518530716684,81.98783059378484,241156.0,19771857.274674777
2022-05-13,83.83029000852179,87.60555711052218,82.57509436520712,87.14736229985205,367121.0,31993626.794883985
2022-05-16,87.47971487378885,88.08956571334275,85.60498821886385,86.19225199028614,202369.0,17442639.843022216
2022-05-17,86.79242265778365,91.96163453590727,86.63753990488105,91.15495353120633,293489.0,26752976.156920213
2022-05-18,91.15495353120633,92.9296517415484,90.02560012462502,90.80646733717552,205303.0,18642840.163724147
2022-05-19,88.83493896168642,92.0745698765654,88.50903983578725,91.80352505898588,173637.0,15940488.680667132
2022-05-20,92.61020606368682,94.09449911233656,90.73547940876183,92.83285002098428,178683.0,16587652.140299534
2022-05-23,94.44621203038616,96.15637576035216,92.86834398519113,95.2528930350871,255588.0,24345496.425051842
2022-05-24,93.57499654530915,94.53010685487506,90.67094492838577,90.67094492838577,290497.0,26339637.48886128
2022-05-25,90.75483975287467,93.13938880277065,89.71260789480105,92.67151382004411,230858.0,21393960.337467745
2022-05-26,92.72636812836376,93.96865687560322,91.15495353120633,92.49081727499109,143095.0,13234973.49796485
2022-05-27,94.52688013085627,96.03053352361881,92.4940439990099,93.21360345520314,153187.0,14279112.272492204
2022-05-30,94.2203413490699,96.7049188435488,93.92348273933995,96.19509644857781,218524.0,21020937.25632902
2022-05-31,96.80172056411291,97.11148606991807,94.70757667590927,95.48199044042217,177011.0,16901362.60984957
2022-06-01,96.15637576035216,98.35054809313873,94.58173443917593,96.79526711607531,216912.0,20996054.980682127
2022-06-02,95.51103095659141,98.4150825735148,95.25934648312473,97.13084641403091,177728.0,17262871.071472887
2022-06-06,98.09241017163441,103.40682463060423,97.62453518890787,102.68403845039218,294757.0,30266839.121522248
2022-06-07,102.60982379795969,103.21322118947599,100.3866109490039,101.60631262811171,200221.0,20343717.520713154
2022-06-08,102.80342723908791,105.85590816087628,100.99968851257661,105.64617109965403,290513.0,30691586.10467379
2022-06-09,107.78226240010211,108.03072014955002,103.57784100360082,104.03280909025216,307542.0,31994458.17323433
2022-06-10,103.73917720454101,112.93534065813174,103.59720134771364,112.54813377587529,438249.0,49324107.07914357
2022-06-13,111.64465105061022,115.79421813879188,109.9022200804562,112.54813377587529,360681.0,40593973.43841647
2022-06-14,110.35396144308872,111.25421744433498,105.58809006731556,110.86701056207853,404789.0,44877746.33841321
2022-06-15,110.98962607479305,111.7188657030427,107.29502707326274,108.09525462992609,303948.0,32855336.454256773
2022-06-16,108.25659083086627,110.579832124405,107.58220551093629,108.41792703180647,190172.0,20618054.0194927
2022-06-17,106.51415986071223,110.09582352158442,105.5364624830147,109.06327183556722,262148.0,28590718.585150275
2022-06-20,109.08908562771764,112.50295963961202,108.10170807796369,110.41204247542719,245416.0,27096881.81614944
2022-06-21,109.63117526287668,110.28942696271265,107.19177190466102,110.03128904120834,197827.0,21767159.817155123
2022-06-22,110.48948385187849,112.17060706567524,109.06327183556722,109.66989595110232,186788.0,20485020.5249145
2022-06-23,111.22517692816574,114.24216388574726,109.06327183556722,114.06469406471305,323142.0,36859093.3694595
2022-06-24,113.90013113975407,114.96172334194048,111.64787777462902,113.27414668010613,235984.0,26730886.230158165
2022-06-27,113.60327253002411,115.19404747129437,112.3964777469915,112.83531221354882,217155.0,24502752.223733194
2022-06-28,111.9673234524906,115.77485779467904,110.58305884842379,113.87109062358482,269635.0,30703631.520290293
2022-06-29,112.93211393411293,112.93534065813174,106.96267449932597,107.00139518755162,361146.0,38643125.86640352
2022-06-30,106.80456502240459,109.49887957810573,106.4818926205242,107.60801930308672,220145.0,23689367.409478027
2022-07-01,107.18531845662343,107.44990982616534,103.28743584190849,106.22375469901992,234113.0,24868361.88385165
2022-07-04,107.12723742428496,109.13103303996209,106.54642710090027,108.46955461610732,209512.0,22725673.326729875
2022-07-05,108.74059943368685,109.9022200804562,106.34959693575325,107.73708826383888,173757.0,18720073.245459855
2022-07-06,107.70804774766964,109.9022200804562,107.12401070026615,108.4501942719945,183434.0,19893452.93608904
2022-07-07,108.9664701150031,113.56455184179846,107.56929861486107,112.7352837689659,304649.0,34344691.46493169
2022-07-08,112.7352837689659,113.54196477366683,109.06327183556722,109.06327183556722,190478.0,20774153.892695174
2022-07-11,108.37920634358082,108.37920634358082,102.89377551161442,104.64265992980606,254317.0,26612407.345368486
2022-07-12,103.25516860172044,103.57784100360082,96.82753435626334,99.7057721810363,450515.0,44918945.95413957
2022-07-13,99.7057721810363,101.26750660613732,95.75948870603929,99.98972389469102,341067.0,34103195.15959059
2022-07-14,99.67673166486708,104.22318580736157,99.06042737727554,104.22318580736157,272489.0,28399671.67746215
2022-07-15,108.09525462992609,112.89984669392489,107.44990982616534,109.12457959192449,444508.0,48506748.62524717
2022-07-18,111.32197864872985,111.64465105061022,105.83654781676346,108.77286667387489,238912.0,25987143.122788798
2022-07-19,108.77286667387489,108.77286667387489,105.71393230404891,106.83683226259262,158180.0,16899450.127296902
2022-07-20,107.44345637812772,107.72740809178245,106.18503401079425,107.03043570372084,103263.0,11052283.882073326
2022-07-21,106.15922021864382,106.80456502240459,104.20382546324875,104.70719441018214,132003.0,13821663.783727273
2022-07-22,105.1944297370215,107.98554601328676,105.1912030130027,106.35927710780966,141774.0,15078980.152682606
2022-07-25,105.1912030130027,105.51387541488307,103.25516860172044,104.20705218726755,115017.0,11985582.521422952
2022-07-26,104.05539615838379,105.73329264816174,103.25516860172044,104.86853061112232,107656.0,11289726.531470984
2022-07-27,104.54585820924194,106.41735814014814,103.58106772761963,105.12666853262662,91056.0,9572413.92990685
2022-07-28,106.16567366668143,106.94976760325075,104.54585820924194,105.0072797439309,109065.0,11452618.965271823
2022-07-29,104.25518232540443,105.80448534448163,102.62841415537335,103.40306566491195,114854.0,11876255.703877797
2022-08-01,102.63486958461952,107.18594720315883,102.09906895718863,106.6888791512049,187584.0,20013126.70669962
2022-08-02,104.86844810378918,106.66951286346644,103.70647083948126,105.41715958971236,156643.0,16512860.129611313
2022-08-03,105.44943673594312,108.08002415375131,102.92859161531956,103.92918314847361,188723.0,19613827.231329385
2022-08-04,105.8690396369432,106.98905661115111,103.96468800932746,105.4817138821739,186637.0,19686790.63382729
2022-08-05,106.51458256155873,107.12462062532038,102.73170102331184,104.736111804243,157564.0,16502640.720323743
2022-08-08,103.96791572395054,104.86844810378916,102.96409647617342,103.72260941259665,129488.0,13430833.247618316
2022-08-09,103.66773826400433,104.51339949525064,102.68974073321183,103.196491929035,116107.0,11981835.088404467
2022-08-10,103.19003649978885,103.19003649978885,98.44529600386487,99.52658040259585,258499.0,25727521.507490627
2022-08-11,100.52071650650373,101.96027722839632,98.63895888124952,101.67946605618857,165445.0,16822359.26166612
2022-08-12,101.67946605618856,102.08615809869632,100.05915331540363,100.6821022376576,101338.0,10202922.876559746
2022-08-15,100.76925053248071,103.03833391250421,100.4529344994191,101.74079263402704,135119.0,13747114.1599171
2022-08-16,101.9312277967886,103.89690600224283,101.83439635809628,102.9382747591888,157243.0,16186323.137959125
2022-08-17,103.2836402238581,106.38547397663561,102.22817754211175,105.84644563458166,210871.0,22319945.83740987
2022-08-18,105.54626817463547,106.51458256155873,104.52631035374296,105.23640757082,142790.0,15026706.637037389
2022-08-19,104.91040839388917,105.68828761805086,102.31855355155791,103.08997734647343,124289.0,12812950.194415836
2022-08-22,101.99578208925016,105.2525461439354,100.77570596172686,104.28423175701214,147668.0,15399443.935094468
2022-08-23,104.57795378771219,105.07824955428921,102.95764104692726,103.80652999279665,93000.0,9654007.28933009
2022-08-24,103.8291239951582,104.24227146691213,99.83321329178821,99.89776758424976,186783.0,18659204.722688925
2022-08-25,99.91713387198823,100.40774649469603,97.69001078206473,99.92358930123439,140221.0,14011385.615408387
2022-08-26,101.02423998770382,102.61873101150412,100.05915331540363,101.90863379442708,122127.0,12445795.719411995
2022-08-29,101.2437245820731,102.2765932614579,100.5400827942422,101.20499200659617,85912.0,8694723.27327069
2022-08-30,101.83439635809628,102.80271074501954,100.05915331540363,100.33350905836524,110247.0,11061468.373157592
2022-08-31,93.92649553155631,95.73401572047975,91.66709529540204,92.9517257153869,408060.0,37929881.19542078
2022-09-01,91.98986675770982,95.08847279586423,91.67677843927129,92.53857824363298,192582.0,17821264.47531533
2022-09-02,93.1841211682485,93.47461548432547,89.7627436677863,91.02155237078654,161662.0,14714726.199366093
2022-09-05,86.82552336078574,87.43233370992431,84.27562880855449,86.7480582098319,351208.0,30466612.02775864
2022-09-06,86.75128592445495,88.58462783036299,86.24776244325486,88.09724292227828,189903.0,16729930.722669413
2022-09-07,87.79383774770899,92.00600533082519,87.34195770047815,91.24749239440197,190873.0,17416682.61579669
2022-09-08,91.3443238330943,91.98663904308673,89.40769505924777,89.81438710175553,116429.0,10456999.275870295
2022-09-09,90.6955531938557,90.85693892500959,89.40446734462469,90.27917800747869,76098.0,6870064.888013113
2022-09-13,91.02155237078654,92.5353505290099,90.17266342491715,91.92531246524825,111524.0,10251878.547374345
2022-09-14,91.02155237078654,91.6025410029405,89.16884417714003,89.83698110411707,105151.0,9446448.400079014
2022-09-15,90.37600944617103,90.5373951773249,86.15093100456254,86.98690909193961,152395.0,13256370.011066137
2022-09-16,86.50275189847798,87.61631344343972,85.32786377567777,85.85075354461632,104476.0,8969343.327327335
2022-09-19,86.50275189847798,88.40710352609374,86.07669356823175,87.26126483490121,110950.0,9681637.333432289
2022-09-20,88.37482637986295,89.56585307577856,87.79706546233207,88.50716267940912,111245.0,9845979.312270867
2022-09-21,87.72928345524745,87.99072833971672,86.17998043617023,87.1482948230935,83754.0,7299018.284613373
2022-09-22,86.33813845270103,86.94817651646268,84.34018310101604,86.68027620274725,92800.0,8043929.631614945
2022-09-23,86.20902986777794,87.07405738676272,85.30204205869315,85.98631755878559,79644.0,6848294.27565192
2022-09-26,85.98631755878557,89.08492359694002,85.07610203507771,88.10047063690136,143606.0,12651756.186282856
2022-09-27,88.10369835152443,88.70728098603993,87.16766111083196,88.42646981383218,83096.0,7347885.9356502
2022-09-28,88.11660921001675,88.11660921001675,85.6958232427086,85.73455581818553,85620.0,7340592.669153045
2022-09-29,87.1482948230935,87.72928345524745,85.21166604924697,85.39564578276239,88357.0,7545303.074427536
2022-09-30,84.88889458693922,85.06641889120849,80.37009411463066,81.341636216177,214036.0,17410038.44916566
2022-10-10,81.42555679637702,82.75860293570803,80.51211355804607,81.08019133170772,117479.0,9525219.797457691
2022-10-11,81.33840850155393,83.07491896876964,80.47660869719222,82.30995060310026,132820.0,10932407.639103778
2022-10-12,81.98395142616944,84.96958745251615,80.67672700382303,84.67586542181611,144871.0,12267077.299523922
2022-10-13,83.92058020001595,84.88889458693922,83.30085899238506,83.33313613861584,96187.0,8015564.365765042
2022-10-14,84.59194484161607,86.8578005070165,83.90444162690056,85.38596263889315,145695.0,12440307.826673537
2022-10-17,84.88889458693922,84.88889458693922,82.85220665977728,84.13360936513908,109678.0,9227606.007949725
2022-10-18,90.05323798386327,90.05323798386327,87.95522347886288,88.33286608976294,244142.0,21565762.592886906
2022-10-19,88.33286608976294,89.22694304035542,86.1412478606933,86.34136616732411,134004.0,11570088.4318861
2022-10-20,85.21166604924697,85.72164495969321,83.08137439801578,85.05350803271617,128417.0,10922316.341037313
2022-10-21,85.05673574733925,87.43233370992431,84.56935083925454,85.9540404125548,104786.0,9006780.078669967
2022-10-24,85.50216036532395,85.95726812717788,81.8451596973771,82.4907026219926,167413.0,13810015.998055646
2022-10-25,81.66117996386167,84.11101536277752,80.70254872080766,83.24598784379276,113243.0,9427025.401394624
2022-10-26,83.92058020001595,85.22457690773926,82.40032661254644,83.23307698530044,126415.0,10521909.427096756
2022-10-27,83.59458102308513,84.15297565287754,82.30672288847718,82.30672288847718,97766.0,8046799.069914861
2022-10-28,81.66117996386167,81.66117996386167,76.11273852679139,77.42964609300704,263164.0,20376695.384420104
2022-10-31,76.6582222980915,81.01563703924617,76.53234142779148,79.6180366074536,187942.0,14963573.036078045
2022-11-01,79.76005605086901,84.63067741709301,79.72455119001515,84.50802426141607,219283.0,18531173.0841161
2022-11-02,84.2433516623237,87.6647291627859,83.39123500183125,86.36073245506257,187319.0,16177006.042749867
2022-11-03,85.54089294080089,87.71637259675515,85.24394319547775,86.49629646923184,102384.0,8855836.817705832
2022-11-04,86.81906793153959,91.35077926234044,86.50275189847798,90.44056373863258,224887.0,20338907.057489865
2022-11-07,88.76215213463226,91.03123551465578,88.11338149539368,90.01450540838634,135842.0,12227750.443686018
2022-11-08,90.19848514190176,91.21521524817119,88.27799494117063,89.2172598964862,105634.0,9424376.031905424
2022-11-09,89.77888224090168,90.01450540838634,86.70932563435494,87.02886938203962,111946.0,9742533.811841806
2022-11-10,85.41501207050085,85.5247543676855,82.56494005832339,84.00450078021596,155497.0,13062447.857821241
2022-11-11,87.30968055424736,88.10692606614752,85.58608094552397,86.76096906832419,166100.0,14410996.962248648
2022-11-14,86.89976079711653,87.96813433735517,84.81142943598535,85.14388404216233,115237.0,9811725.76536666
2022-11-15,85.20843833462389,86.59958333717032,83.95285734624673,86.17998043617023,112848.0,9725238.432260938
2022-11-16,85.78619925215477,86.05087185124714,83.95285734624673,84.26917337930834,103549.0,8725988.634254
2022-11-17,83.89153076840826,83.89153076840826,81.84838741200018,82.9522658130927,111261.0,9229352.046630505
2022-11-18,83.20079983906966,83.77856075660054,81.82256569501556,82.2034360205387,101184.0,8317672.470302188
2022-11-21,81.60953652989245,82.1776143035541,80.21193609809987,82.04850571863099,82515.0,6770232.449372836
2022-11-22,82.30672288847718,82.38741575405412,80.69286557693842,80.85102359346922,80146.0,6479886.136922184
2022-11-23,80.85102359346922,81.17702277040006,79.78910548247671,81.17702277040006,88469.0,7181650.027474523
2022-11-24,81.77414997566939,82.30672288847718,80.13769866176908,80.4959749849307,85314.0,6867433.609864377
2022-11-25,80.37009411463066,80.37009411463066,79.07900826539965,79.09514683851503,87822.0,6946293.985652068
2022-11-28,77.46515095386088,79.12096855549966,76.56784628864533,79.1145131262535,99109.0,7840960.281429858
2022-11-29,79.49215573715357,80.58957870899994,78.43346534078414,80.14415409101524,123581.0,9904294.706721755
2022-11-30,80.1635203787537,83.92058020001595,79.55671002961513,83.76564989810825,212873.0,17831445.190759998
2022-12-01,86.50275189847798,87.45492771228585,85.5086157945701,86.0702381389856,257986.0,22204916.45652434
2022-12-02,85.5086157945701,86.36396016968564,84.07551050192367,84.5919448416161,116075.0,9819009.997490589
2022-12-05,85.84107040074709,86.3704155989318,84.53384597840068,85.00509231336999,105233.0,8945340.879412863
2022-12-06,84.09810450428522,87.67441230665513,83.92380791463903,86.37364331355487,123007.0,10624562.743070444
2022-12-07,86.38978188667026,89.82084253100169,86.38978188667026,88.35546009212447,192666.0,17023093.074109253
2022-12-08,88.35868780674757,88.76215213463226,87.42910599530124,88.53298439639376,94581.0,8373538.197195318
2022-12-09,88.91708243653997,89.6336350828632,87.61631344343972,88.66532069593993,100992.0,8954488.067724366
2022-12-12,87.78092688921669,88.26831179730141,86.50275189847798,87.10956224761655,80128.0,6979915.003777019
2022-12-13,87.79383774770899,88.76215213463226,86.98690909193961,87.08374053063194,61384.0,5345548.328732311
2022-12-14,86.95785966033192,86.96754280420114,85.08255746432387,85.98631755878559,94365.0,8114098.856434802
2022-12-15,85.96372355642403,87.88421375715517,85.05350803271617,87.6195411580628,97123.0,8509872.695894534
2022-12-16,87.17088882545502,87.59049172645511,86.3575047404395,87.31290826887044,56197.0,4906723.505985713
2022-12-19,86.82229564616266,88.76215213463226,85.73132810356246,86.01859470501635,84039.0,7228916.680414869
2022-12-20,85.82493182763172,85.82493182763172,83.49452186976973,84.43701453970837,84908.0,7169378.030537559
2022-12-21,84.43055911046221,84.84047886759306,83.79147161509286,84.17879736986215,41966.0,3532647.410423635
2022-12-22,84.88889458693922,85.05028031809309,83.4396507211774,83.65913531554668,59210.0,4953457.402033519
2022-12-23,82.66177149701572,82.75860293570803,80.85425130809229,81.39650736476932,90819.0,7392349.402360985
2022-12-26,81.40296279401547,85.05028031809309,81.3997350793924,84.70168713880072,93548.0,7923673.42846053
2022-12-27,85.0373694596008,85.20521062000081,83.85602590755441,84.60485570010839,55537.0,4698699.87101692
2022-12-28,83.11365154424657,83.66236303016974,81.66117996386167,82.18406973280024,102564.0,8429126.928074924
2022-12-29,81.98072371154636,83.55262073298512,81.38036879165394,82.22925773752333,72256.0,5941557.247082486
2022-12-30,83.43642300655432,84.04000564106983,82.79410779656189,82.94258266922346,74890.0,6211570.016098144
2023-01-03,82.76183065033112,84.54030140764685,80.69286557693842,84.07551050192367,121374.0,10204581.011660485
2023-01-04,83.92058020001595,84.07551050192367,82.79088008193881,83.63008588393899,72675.0,6077816.491615266
2023-01-05,84.73396428503149,86.3704155989318,84.26271795006217,85.56025922853934,118936.0,10176194.991605554
2023-01-06,86.4737024668703,87.53562057786282,85.56671465778551,85.92176326632404,138855.0,11930666.438345425
2023-01-09,86.50275189847798,86.50275189847798,84.65972684870071,85.01154774261616,114169.0,9705683.394226745
2023-01-10,84.58226169774686,87.01273080892423,83.0523249664081,86.04764413662404,173513.0,14930384.877078047
2023-01-11,85.50216036532396,87.47106628540125,84.3756879618699,86.82229564616266,128364.0,11144857.158324024
2023-01-12,87.6356797311782,91.81234245344052,87.37423484670892,89.50452649794009,223479.0,20002382.077233154
2023-01-13,89.54003135879395,90.35341544380948,88.76215213463226,89.91767396969401,128411.0,11546418.432122378
2023-01-16,89.91767396969401,89.97900054753248,87.79383774770899,88.37482637986295,165000.0,14581846.352677386
2023-01-17,88.37805409448603,88.60076640347837,86.8029293584242,87.14506710847041,111666.0,9731141.063734457
2023-01-18,87.09987910374733,87.95522347886288,86.01536699039328,86.82552336078574,86108.0,7476372.165550538
2023-01-19,86.46401932300105,87.42265056605507,86.0250501342625,87.30968055424736,81239.0,7092951.138546501
2023-01-20,87.47106628540125,87.75510517223206,86.18643586541637,87.17088882545502,104649.0,9122346.344695043
2023-01-30,91.98986675770979,92.95818114463306,90.69878090847878,91.01832465616346,281854.0,25653878.877638295
2023-01-31,91.98986675770979,93.21639831447926,90.50189031647105,92.248083927556,187110.0,17260538.983685
2023-02-01,92.95172571538689,98.22903912411867,92.35782622474063,98.22903912411867,272987.0,26815250.703375783
2023-02-02,98.72610717607262,98.81002775627263,96.81852783383378,97.67709992357241,148030.0,14459141.101686424
2023-02-03,96.8153001192107,96.8153001192107,94.50748416371027,95.21758138078734,152948.0,14563338.637028662
2023-02-06,94.14920784054867,94.14920784054867,92.83230027433304,93.59726864000241,100447.0,9401564.843082322
2023-02-07,94.24603927924099,94.4041972957718,92.82907255970996,93.28095260694082,76835.0,7167241.993554298
2023-02-08,93.28095260694082,93.28095260694082,91.27976954063274,92.20289592283292,92901.0,8565741.2341271
2023-02-09,91.66709529540204,93.22285374372541,91.11838380947886,93.0646957271946,90649.0,8436221.602974463
2023-02-10,92.27390564454062,92.28036107378676,90.37600944617103,90.97636436606345,129708.0,11800362.269193359
2023-02-13,90.05646569848635,91.43792755716355,89.42706134698624,91.12483923872502,93461.0,8516618.60009048
2023-02-14,91.66709529540204,91.82848102655592,90.08551513009405,91.01186922691731,73644.0,6702478.097347098
2023-02-15,91.3443238330943,91.63481814917125,89.91121854044786,90.05323798386327,90832.0,8179715.7125502685
2023-02-16,90.37600944617103,90.9537703637019,88.7137364152861,89.41415048849393,103348.0,9240773.62468487
2023-02-17,89.2430816134708,89.7627436677863,87.56144229484742,87.68409545052437,100997.0,8855830.58821661
2023-02-20,87.66150144816281,88.21344064870908,86.17998043617023,88.05205491755521,130701.0,11508491.629779384
2023-02-21,87.79383774770902,89.26567561583235,87.23867083253967,88.68145926905534,113690.0,10082195.1042989
2023-02-22,87.76156060147821,87.9939560543398,86.79324621455496,87.28385883726273,85088.0,7426808.980745011
2023-02-23,87.11601767686271,87.68732316514745,86.66413762963185,87.2903142665089,100358.0,8760281.3591583
2023-02-24,86.83197879003188,87.10956224761655,86.17998043617023,86.36718788430872,66868.0,5775201.119447956
2023-02-27,85.53443751155473,85.82170411300862,83.27503727540045,83.85925362217748,169704.0,14231250.776698006
2023-02-28,84.2433516623237,84.56612312463146,83.13624554660811,84.17879736986215,120330.0,10129234.687515512
2023-03-01,84.16265879674677,86.03150556350865,83.19757212444658,85.6958232427086,143658.0,12310890.575401032
2023-03-02,85.89594154933941,86.54471218857799,84.56612312463146,85.11806232517772,114905.0,9780490.951474546
2023-03-03,85.53120979693165,85.60867494788549,84.59194484161607,85.14388404216233,63982.0,5447675.98878563
2023-03-06,85.21166604924697,85.41501207050085,83.27503727540045,85.29881434407005,112124.0,9564044.25951451
2023-03-07,85.26976491246236,86.17675272154716,84.08196593116983,84.14006479438522,105933.0,8913209.48386361
2023-03-08,83.43642300655432,83.85279819293133,82.30672288847718,82.94903809846961,120898.0,10028372.80802878
2023-03-09,82.79088008193881,83.86570905142365,81.98717914079252,82.65208835314648,96731.0,7995019.158488212
2023-03-10,81.33840850155393,81.66117996386167,78.20752531716872,78.47865334550723,283464.0,22245872.99193086
2023-03-13,78.02031786903022,78.41732676766875,76.49683656693762,77.62330897039168,167343.0,12989717.393032255
2023-03-14,77.46515095386088,78.27207960963027,75.21543386157583,77.45869552461473,198568.0,15380818.252931697
2023-03-15,77.94930814732251,78.26562418038411,76.6291728664838,77.01972633587619,120715.0,9297436.264635295
2023-03-16,75.8512936423221,77.34249779818393,75.52852218001436,75.78351163523747,118370.0,8970494.27226306
2023-03-17,76.4258268452299,77.78146698692248,76.02236251734521,76.79055859763767,135003.0,10366955.782356879
2023-03-20,76.79055859763767,77.25857721798391,75.722185057399,76.03527337583753,86323.0,6563592.903622423
2023-03-21,76.46133170608375,77.30699293733008,75.78351163523747,77.30699293733008,108873.0,8416644.242065938
2023-03-22,78.17524817093795,79.91175863815366,78.136515595461,78.49801963324569,155339.0,12193803.871808752
2023-03-23,78.43023762616106,79.24039399655352,77.303765222707,79.23716628193046,97461.0,7722533.463003224
2023-03-24,79.24039399655352,79.92789721126904,78.59162335731494,79.40823515695357,81018.0,6433496.395946064
2023-03-27,79.39855201308433,79.39855201308433,77.5619823925532,78.64326679128418,92495.0,7274108.96185983
2023-03-28,78.91762253424577,79.29526514514585,78.23980246339949,79.08223598002273,81845.0,6472485.603784961
2023-03-29,79.57930403197668,80.77355844251535,79.57930403197668,79.95049121363058,144303.0,11537095.733600534
2023-03-30,80.69286557693842,83.01682010555425,80.69286557693842,83.01682010555425,209267.0,17372680.89302902
2023-03-31,83.58812559383898,84.19816365760063,82.30672288847718,82.63594978003108,167008.0,13800864.70086343
2023-04-03,82.62949435078494,83.3525024263543,81.42232908175394,82.60367263380033,133691.0,11043367.5980854
2023-04-04,82.56816777294647,82.56816777294647,80.04409493769984,80.98981532226155,137744.0,11155861.121749595
2023-04-06,80.0473226523229,80.97690446376924,79.29849285976893,80.69286557693842,81942.0,6612134.791105487
2023-04-07,80.7090041500538,81.38036879165394,80.15383723488448,80.46047012407683,68723.0,5529484.888336932
2023-04-10,80.46047012407683,81.08019133170772,79.4017797277074,81.01563703924617,98058.0,7944231.3367944015
2023-04-11,81.3868242209001,82.14210944270022,80.24098552970756,80.63799442834609,87455.0,7052195.802731007
2023-04-12,80.30553982216911,80.30553982216911,78.5399799233457,78.56257392570724,112330.0,8824933.929074693
2023-04-13,77.65235840199938,78.43346534078414,76.7453705929146,78.37536647756875,80965.0,6345661.546856354
2023-04-14,78.56257392570724,79.8762537772998,78.43023762616106,79.42114601544587,105506.0,8379407.431505632
2023-04-17,79.07900826539965,80.58957870899994,78.82401881017653,80.51211355804607,90394.0,7277811.992966016
2023-04-18,80.82197416186152,81.39650736476932,80.18934209573833,80.37009411463066,78432.0,6303587.221598712
2023-04-19,80.37009411463066,81.72573425632324,79.4308291593151,80.9672213199,111927.0,9062418.180672448
2023-04-20,80.67027157457687,80.67027157457687,79.07900826539965,79.08546369464581,100308.0,7932904.692282532
2023-04-21,78.91762253424577,80.35395554151528,78.43346534078414,78.43346534078414,104052.0,8161158.9356392715
2023-04-24,78.78851394932266,83.4687001527851,78.49156420399954,81.81933798039248,267017.0,21847154.169510458
2023-04-25,81.01563703924617,81.27385420909238,78.17524817093795,78.85306824178423,187419.0,14778563.196806958
2023-04-26,78.43346534078414,82.15824801581562,77.78792241616863,81.01563703924617,174492.0,14136580.538252143
2023-04-27,80.69286557693842,83.59458102308513,80.54761841889993,83.57198702072358,242464.0,20263198.260992724
2023-04-28,84.39505424960836,84.87921144306999,81.98395142616943,82.58430634606185,191945.0,15851644.681594841
2023-05-04,82.30672288847718,83.14915640510043,81.14474562416927,81.50624966195396,118124.0,9627844.235068649
2023-05-05,81.5159328058232,81.91939713370789,80.03118407920752,80.71545957929996,102440.0,8268491.679303488
2023-05-08,81.66117996386167,83.63008588393899,81.50624966195396,81.99363457003867,121626.0,9972557.798215523
2023-05-09,80.70577643543072,81.77737769029247,80.37009411463066,80.72837043779228,89885.0,7256269.576800959
2023-05-10,81.01563703924617,84.62422198784685,80.43464840709223,83.85279819293133,253691.0,21272700.226362944
2023-05-11,84.16911422599291,87.08374053063194,83.49452186976973,85.13097318367002,214237.0,18238204.301949915
2023-05-12,85.85720897386247,86.58344476405492,83.76564989810822,83.95285734624672,104574.0,8779286.104126405
2023-05-15,83.95285734624672,86.03473327813174,83.50097729901587,85.50216036532395,136926.0,11707468.810182346
2023-05-16,85.33754691954698,86.31554445033949,84.95344887940077,85.57639780165472,81639.0,6986371.54012929
2023-05-17,85.53120979693165,85.79265468140093,83.60103645233127,84.2433516623237,89556.0,7544497.601471062
2023-05-18,84.6629545633238,85.17293347377003,82.81024636967729,83.62363045469282,100697.0,8420648.715896202
2023-05-19,83.33313613861584,84.2175299453391,82.72632578947727,83.6559076009236,60106.0,5028221.982261114
2023-05-22,84.21752994533907,85.85720897386247,82.9780875300773,85.56671465778548,120165.0,10282124.266852792
2023-05-23,85.54734837004703,86.1412478606933,84.86630058457767,84.86630058457767,90619.0,7690499.292673844
2023-05-24,84.43701453970834,85.53443751155473,83.76564989810822,84.53707369302376,68093.0,5756382.958979066
2023-05-25,84.55321226613916,85.1632503299008,82.35191089320027,82.50038576586185,132079.0,10896568.451569267
2023-05-26,81.66117996386167,81.66117996386167,78.36891104832259,79.72132347539208,185813.0,14813258.27893303
2023-05-29,80.69286557693842,80.87038988120769,78.11069387847638,79.0564142630381,124723.0,9860153.156128902
2023-05-30,79.38564115459202,82.30672288847718,79.3469085791151,81.40296279401548,166881.0,13584607.834028097
2023-05-31,81.40296279401548,82.27444574224641,80.5798955651307,81.87420912898479,118381.0,9692350.750898348
2023-06-01,81.8742091289848,83.23630469992351,81.73541740019246,82.45197004651568,86736.0,7151554.073954584
2023-06-02,83.23630469992351,83.78824390046977,82.50038576586184,83.61717502544667,110680.0,9254748.931816438
2023-06-05,83.5978087377082,83.61717502544667,81.23189391899237,83.37832414333893,104795.0,8737631.478601202
2023-06-06,83.25889870228505,85.53443751155473,82.68759321400033,84.20461908684678,128981.0,10860795.974440584
2023-06-07,84.56612312463146,85.03091403035462,82.46810861963107,82.80701865505421,100490.0,8321277.304646397
2023-06-08,82.69082092862341,83.54616530373895,82.13565401345407,82.30672288847718,64454.0,5304997.517053909
2023-06-09,83.53325444524665,83.63008588393899,81.4997942327078,83.27503727540045,107484.0,8950734.106509142
2023-06-12,82.79088008193881,84.88889458693922,82.46810861963107,84.0851936457929,102891.0,8651609.659409277
2023-06-13,84.08196593116983,84.56612312463146,82.9942261031927,84.3143613840314,81511.0,6872547.910773784
2023-06-14,84.78560771900074,85.66031838185474,84.40473739347759,84.88889458693922,125776.0,10676985.605566867
2023-06-15,85.05028031809309,88.76537984925535,84.98249831100847,87.75510517223206,243961.0,21408823.212922905
2023-06-16,88.39419266760142,89.03973559221693,87.1482948230935,87.49688800238586,152297.0,13325513.552099358
2023-06-19,87.49688800238586,88.75892442000918,86.46401932300105,86.89330536787035,123565.0,10736971.2777809
2023-06-20,86.82875107540882,86.89007765324729,85.50216036532395,86.58344476405492,102366.0,8863200.906717246
2023-06-21,86.1832081507933,88.20698521946291,85.93790183943942,86.43174217677027,107812.0,9318378.987561956
2023-06-26,84.7049148534238,86.72546420747034,84.6629545633238,84.85338972608535,101512.0,8613637.297874376
2023-06-27,84.5725785538776,85.16325032990079,82.9780875300773,83.93671877313135,99029.0,8312169.323384424
2023-06-28,83.92058020001595,84.72750885578533,83.30731442163123,84.0012730655929,57270.0,4810752.908466505
2023-06-29,84.0012730655929,84.17234194061601,82.38096032480797,82.53266291209262,83485.0,6890239.363216052
2023-06-30,82.02591171626945,83.92058020001595,81.8871199874771,83.36218557022355,75724.0,6312518.140119608
2023-07-03,83.55907616223126,86.91267165560882,83.55907616223126,86.33491073807795,162565.0,14035034.764135642
2023-07-04,86.66413762963185,88.76215213463226,86.02182241963942,87.63245201655512,157120.0,13768810.86084114
2023-07-05,87.6356797311782,87.94876804961673,85.75714982054707,86.17998043617023,93033.0,8017582.119918224
2023-07-06,86.17998043617023,87.79383774770899,86.11542614370867,86.53502904470876,83712.0,7244020.35139066
2023-07-07,86.17998043617023,86.39300960129336,85.24717091010082,85.34077463417007,62192.0,5307513.456048305
2023-07-10,86.17998043617023,86.98690909193961,84.80820172136228,85.06641889120849,68878.0,5859204.800388658
2023-07-11,85.53443751155473,87.37100713208584,85.14711175678542,86.9320379433473,102405.0,8902275.34558848
2023-07-12,87.30968055424736,87.51948200474742,85.42469521437009,85.73132810356246,87032.0,7461368.947509248
2023-07-13,86.34136616732411,86.98690909193961,85.5376652261778,86.44788074988566,82753.0,7153821.475695288
2023-07-14,86.43819760601643,86.43819760601643,85.05028031809309,85.34400234879315,102722.0,8766706.60927273
2023-07-17,86.17998043617023,86.17998043617023,84.67909313643918,85.36982406577776,78927.0,6737984.104039641
2023-07-18,85.61513037713166,86.36396016968564,84.08196593116983,85.68936781346245,98456.0,8436632.397442259
2023-07-19,85.69259552808552,85.82493182763172,84.8049740067392,85.4795663629624,50250.0,4295348.209738861
2023-07-20,85.6958232427086,86.98690909193961,85.21166604924697,85.51829893843933,91271.0,7805340.6624102965
2023-07-21,85.21166604924697,85.46988321909318,84.42087596659297,85.31495291718545,75287.0,6423106.860276141
2023-07-24,84.24657937694678,84.81465715060843,83.1104238296235,83.11365154424657,95950.0,7974754.8656704575
2023-07-25,84.78560771900072,86.17675272154713,84.7759245751315,85.40210121200853,173883.0,14849973.56504768
2023-07-26,85.13420089829312,85.13420089829312,84.11424307740062,84.59517255623916,65865.0,5571861.040416692
2023-07-27,85.37305178040084,85.78297153753171,84.17879736986215,84.4466976835776,112651.0,9513004.9407527
2023-07-28,84.28781665897121,86.76782357220634,83.7107692987675,86.5571040305589,173308.0,15001038.585328102
2023-07-31,87.52965576123934,89.66278589053177,87.49075369201212,88.17802358169297,215060.0,18963565.751478888
2023-08-01,88.10021944323853,88.42440335346534,86.39501207544549,87.04337989589912,120340.0,10474800.3366725
2023-08-02,87.7565844983981,88.17802358169297,86.34962632801374,86.88128794078571,87394.0,7592903.278297027
2023-08-03,86.6478755254224,87.03689621769459,86.07407000432094,86.95585024013789,66170.0,5753868.610389925
2023-08-04,87.20223001191025,87.55234863495521,86.4436396619795,86.97854311385375,88053.0,7658721.656804164
2023-08-07,86.85859506706984,86.85859506706984,85.97033115304838,86.55386219145663,64204.0,5557104.168140282
2023-08-08,85.97357299215064,86.39501207544549,85.10151827364051,85.3576235627197,91712.0,7828318.372184149
2023-08-09,84.93618447942484,85.42246034476506,84.36237895832339,85.22794999862899,72499.0,6178941.1469506025
2023-08-10,85.26036838965165,85.8665923017758,84.52771275253906,85.16311321658361,60016.0,5111149.402806482
2023-08-11,85.15987137748134,85.16311321658361,83.96687458784668,84.0446787263011,86125.0,7238347.955302683
2023-08-14,82.66689710783716,83.31202308918851,78.93554030112655,79.69088881195502,252890.0,20153028.871655304
2023-08-15,79.69088881195502,79.79138582412533,78.42008788386592,79.2759334068647,115021.0,9118397.136390984
2023-08-16,78.86746167997892,79.58714996068244,78.52058489603623,79.16571087738758,79979.0,6331594.390262581
2023-08-17,78.89663823189933,79.85946444527296,77.9338120185257,79.75248375489812,86836.0,6925386.679340334
2023-08-18,79.60660099529605,79.60660099529605,77.80413845443496,77.89815178840074,98467.0,7670397.3121484555
2023-08-21,77.73930167238962,77.76523638520776,75.87524418858544,75.9919503962671,127879.0,9717774.624724241
2023-08-22,77.14604511667454,77.31786258909474,74.85406487137098,76.03409430459656,112116.0,8524638.517054148
2023-08-23,76.03409430459656,76.03409430459656,74.57202486947365,74.59147590408726,81238.0,6059662.3194962405
2023-08-24,74.88972510149593,76.83158672375453,74.88972510149593,76.15080051227822,106811.0,8133743.153516949
2023-08-25,75.62562257771079,75.96601568344894,75.04857521750706,75.40517751875656,66775.0,5035180.728814969
2023-08-28,80.39760973624946,80.39760973624946,75.9400809706308,76.35503637572111,133527.0,10195458.942140913
2023-08-29,76.76999178081144,80.23551778113607,76.76999178081144,79.97941249205688,213223.0,17053450.269793846
2023-08-30,80.82877433685113,81.5225279047365,80.34574031061318,80.98114077465773,152187.0,12324276.871072836
2023-08-31,81.21131135091876,81.36691962782764,80.39760973624946,80.85146721056701,88734.0,7174274.091462453
2023-09-01,82.01852928738353,82.49507963541694,80.39760973624946,80.76069571570349,77772.0,6280920.827201692
2023-09-04,81.56467181306598,82.01852928738353,80.68289157724907,81.84022813675878,96512.0,7898564.0979348635
2023-09-05,81.75918215920207,81.75918215920207,80.62129663430596,80.73151916378309,74571.0,6020230.115562469
2023-09-06,81.0459775567031,81.79160055022476,80.81904881954432,81.19186031630517,65929.0,5352898.158793683
2023-09-07,81.18213479899836,81.18213479899836,80.43326996637443,80.52728330034019,60913.0,4905158.407673622
2023-09-08,80.07666766512492,80.07666766512492,78.67619317294509,79.11708329085356,67634.0,5351004.81129359
2023-09-11,79.00361892227419,80.55970169136289,78.51734305693397,80.07666766512493,76513.0,6126906.073061704
2023-09-12,80.62453847340824,82.13847733416745,80.10584421704533,81.69110353805443,119532.0,9764700.988110723
2023-09-13,81.69434537715672,82.43348469247385,81.17565112079382,81.54846261755465,91479.0,7459971.811791281
2023-09-14,80.0085890439773,80.0572166305113,78.45250627488859,78.98092604855829,152580.0,12050909.696489023
2023-09-15,79.10087409534222,80.02155640038636,78.29365615887745,79.194887429308,82256.0,6514254.660385159
2023-09-18,79.26296605045562,81.43499824897526,79.194887429308,80.19661571190885,96405.0,7731354.737706573
2023-09-19,79.74924191579584,80.48838123111298,79.03603731329686,80.12853709076121,62397.0,4999780.328852228
2023-09-20,79.42505800556903,79.84001341065935,79.10087409534222,79.10087409534222,54497.0,4310760.335573865
2023-09-21,78.7766901851154,79.05873018701273,77.3340717846061,77.7003996031624,92965.0,7223417.649107992
2023-09-22,77.6485301775261,79.63901938631872,77.31786258909474,79.44126720108038,96764.0,7687054.779445342
2023-09-25,80.01831456128409,80.06694214781811,79.2143384639216,79.68440513375047,64787.0,5162513.555400292
2023-09-26,79.42505800556903,79.42505800556903,77.2530258070494,77.31786258909474,118463.0,9159305.955891931
2023-09-27,77.5156147743331,78.52382673513848,77.08769201283371,77.10065936924278,75734.0,5839141.336670233
2023-09-28,77.4151177621628,77.64204649932157,76.52361200903906,76.73433155068649,85258.0,6542215.639348429
2023-10-09,76.73433155068648,77.32110442819702,74.45207682268973,77.14604511667454,91791.0,7081312.627304673
2023-10-10,77.14280327757227,77.81062213263951,76.83158672375453,77.12659408206093,63937.0,4931243.04582473
2023-10-11,78.43953891847953,78.614598230002,77.15577063398135,77.34703914101516,76684.0,5931280.349489607
2023-10-12,77.9338120185257,79.58714996068244,77.47995454420816,79.24675685494428,139341.0,11042322.346924791
2023-10-13,78.42008788386592,78.70212788576325,77.73930167238962,77.92084466211662,66445.0,5177450.523574339
2023-10-16,77.9338120185257,78.15425707747993,76.66949476864113,76.9969205179702,66022.0,5083490.686437428
2023-10-17,77.00016235707248,77.8008966153327,76.66949476864113,77.15577063398135,49164.0,3793286.307449059
2023-10-18,79.61956835170511,81.3701614669299,79.10087409534222,80.74448652019215,307863.0,24858239.853565916
2023-10-19,80.05721663051132,80.38788421894266,77.91436098391209,77.99864880057105,147753.0,11524534.356230773
2023-10-20,77.80413845443496,78.38766949284323,77.22384925512898,77.54479132625352,85659.0,6642409.28021555
2023-10-23,77.80413845443498,77.80413845443498,76.57223959557308,77.36649017562877,73537.0,5689299.588045212
2023-10-24,77.5772097172762,77.96623040954839,76.07623821292606,76.36152005392566,110779.0,8459252.83005383
2023-10-25,77.14604511667454,77.80738029353724,76.57872327377761,76.96126028784526,83676.0,6439810.415845741
2023-10-26,76.52685384814134,77.4151177621628,76.41014764045968,77.3535228192197,73199.0,5662200.516844063
2023-10-27,77.15577063398135,78.93878214022881,77.00016235707248,78.43629707937725,103206.0,8095096.476374209
2023-10-30,77.64528833842384,79.42181616646677,77.38269937114012,79.29538444147832,117295.0,9300952.1180632
2023-10-31,78.93878214022881,79.09763225623995,76.99367867886794,77.33082994550382,127205.0,9836868.223217813
2023-11-01,77.15577063398135,77.15577063398135,76.31937614559617,76.57223959557308,93390.0,7151081.45583057
2023-11-02,77.1103848865496,77.11686856475413,76.11838212125555,76.11838212125555,85414.0,6501575.490504921
2023-11-03,76.34855269751658,77.52858213074218,76.14431683407369,77.36649017562877,90679.0,7015515.962635841
2023-11-06,77.96947224865063,78.91608926651294,77.80413845443496,78.74427179409273,143548.0,11303582.727498423
2023-11-07,78.7766901851154,79.19812926841026,77.96947224865063,78.11859684735498,94513.0,7383222.943834061
2023-11-08,77.92084466211662,78.08293661723003,77.53830764804898,77.80413845443496,80128.0,6234290.006076965
2023-11-09,77.80413845443496,78.04727638710507,77.26599316345846,77.5772097172762,73183.0,5677332.938739425
2023-11-10,77.47995454420816,77.47995454420816,76.3971802840506,76.81861936734546,81902.0,6291598.563424328
2023-11-13,77.11686856475413,77.21412373782218,76.21563729432359,76.87048879298175,69738.0,5360794.147444961
2023-11-14,76.92884189682258,77.2206074160267,76.7019131596638,77.03582258719742,55217.0,4253687.01579728
2023-11-15,77.77172006341229,77.80413845443496,77.2530258070494,77.36324833652651,78692.0,6087868.738097944
2023-11-16,77.73930167238962,77.73930167238962,76.90290718400443,77.2530258070494,61690.0,4765739.162036877
2023-11-17,76.83158672375453,77.34703914101516,76.50740281352772,76.75378258530009,59462.0,4563933.420087114
2023-11-20,76.44256603148236,76.66949476864113,76.04706166100564,76.18321890330091,76771.0,5848661.898425315
2023-11-21,76.40690580135741,76.72784787248196,75.74881246359698,75.92387177511945,82386.0,6255064.100064991
2023-11-22,75.6969430379607,75.6969430379607,74.52339728293963,74.56229935216685,105571.0,7871616.504907606
2023-11-23,74.72439130728026,74.97725475725717,73.62864969071363,74.18300417720148,105764.0,7845891.253797538
2023-11-24,74.17327865989468,74.17327865989468,69.82921426285539,70.29928093268425,280659.0,19730125.88728623
2023-11-27,68.72698896808423,68.72698896808423,66.45770159649653,67.7220188463811,215481.0,14592808.343037046
2023-11-28,67.72850252458564,68.65242666873205,67.10931125605242,68.04944459571018,122211.0,8316390.673486337
2023-11-29,68.0397190784034,68.04620275660791,65.28739768057774,65.47866618761157,219246.0,14355935.646969086
2023-11-30,65.35547630172537,65.72180412028167,64.33429698451091,64.56122572166969,187242.0,12088573.026576875
2023-12-01,64.99239032227133,65.10261285174846,62.50589973083169,63.88043951019338,194190.0,12404942.548484454
2023-12-04,63.88043951019337,64.60661146910144,62.76200501991087,63.666478129443675,117613.0,7488005.492238259
2023-12-05,63.86423031468204,64.8238146889534,63.41361467946677,63.65026893393234,152372.0,9698518.778001139
2023-12-06,63.653510773034604,65.23877009404373,63.540046404455225,65.22256089853238,176347.0,11501802.94677349
2023-12-07,65.22256089853238,65.22580273763465,63.96148548775008,64.65848089473774,103169.0,6670750.815429198
2023-12-08,64.52232365244247,64.95348825304413,64.29215307618142,64.36671537553359,77700.0,5001293.784678959
2023-12-11,63.78318433712534,64.70062480306721,63.099156286546766,64.57419307807876,101086.0,6527546.88149067
2023-12-12,64.24676732874968,64.42506847937443,63.578948473682445,63.64702709483008,79797.0,5078841.821086156
2023-12-13,63.481693300614396,63.481693300614396,62.152539268684464,62.17847398150261,117535.0,7308146.939415909
2023-12-14,62.56749467377479,63.598399508296055,61.954787083446114,61.97747995716199,92497.0,5732730.963597612
2023-12-15,62.59342938659294,63.01811030899006,61.94506156613931,62.65826616863829,101841.0,6381180.484880292
2023-12-18,61.93857788793477,62.40540271866138,61.04707213481104,61.29021006748115,100511.0,6160340.304092597
2023-12-19,61.11839259506094,61.16702018159496,60.35007672782339,60.94657512264072,79370.0,4837329.667483994
2023-12-20,61.05355581301558,61.37773972324239,59.9318794836308,59.93512132273307,84925.0,5089990.1783331055
2023-12-21,59.432636261881505,61.58845926488981,59.27702798497264,61.49120409182177,133149.0,8187492.333621977
2023-12-22,61.56252455207167,63.3390523801146,60.959542479049794,62.32435674110468,117998.0,7354149.44673687
2023-12-25,62.56749467377479,62.956515366046965,61.66302156424198,62.301663867388804,53770.0,3349960.466149496
2023-12-26,62.295180189184265,62.295180189184265,61.59494294309435,62.16226478599127,41380.0,2572274.5168443187
2023-12-27,62.567494673774796,62.7295866288882,61.821871680253125,62.065009612923234,61364.0,3808557.2498874213
2023-12-28,61.928852370627965,64.40237560565855,61.80890432384405,64.20462342042019,138778.0,8910189.229039073
2023-12-29,64.50287261782886,64.77194526331712,63.91285790121606,64.18841422490885,80367.0,5158630.28601325
2024-01-02,64.71035032037402,64.71359215947629,62.3632588103319,62.43782110968406,113928.0,7113416.083384085
2024-01-03,62.40540271866139,62.84953467567212,61.821871680253125,62.62260593851335,84486.0,5290733.485321239
2024-01-04,63.001901113478716,63.10239812564903,61.95154524434384,62.573978351979314,89870.0,5623523.434492381
2024-01-05,62.39567720135457,64.02632226979544,61.961270761650646,62.46375582250221,112402.0,7021051.081960893
2024-01-08,62.50265789172943,62.78145605452448,61.31938661940156,61.40043259695826,81078.0,4978224.274096182
2024-01-09,61.919126853321174,63.54004640445523,61.65977972513972,62.52210892634304,112187.0,7014167.834119646
2024-01-10,62.146055590479925,62.664749846842824,61.46526937900362,61.68895627706012,71416.0,4405578.501482526
2024-01-11,61.65977972513971,64.41534296206761,61.20916408992444,63.79290985443214,159862.0,10198062.15514923
2024-01-12,63.79290985443214,64.26946020246555,63.30987582819419,63.49790249612574,87023.0,5525777.96892035
2024-01-15,63.125090999364915,63.86423031468205,62.37946800584324,63.08943076923996,70220.0,4430139.82861603
2024-01-16,62.85926019297892,63.718347555079966,62.590187547490665,63.31311766729645,83809.0,5306209.078578449
2024-01-17,62.956515366046965,63.06997973462635,60.557554430368555,60.557554430368555,160795.0,9737351.964631112
2024-01-18,60.184742933607716,61.91912685332116,59.94484684003987,61.75055122000322,114592.0,7076119.165402609
2024-01-19,61.429609148878676,62.55452731736572,61.173503859799496,61.38098156234465,80905.0,4966028.313301494
2024-01-22,61.22861512453805,62.01638202638921,59.83138247146049,60.08424592143741,132240.0,7945540.680650882
2024-01-23,59.97402339196029,61.25779167645847,59.74709465480152,60.89794753610671,110726.0,6742986.138882952
2024-01-24,61.36153052773105,61.546315356560335,59.67577419455162,61.173503859799496,96641.0,5911868.586514883
2024-01-25,61.23185696364032,61.88670846229848,60.18798477270998,61.56252455207167,130769.0,8050469.77314986
2024-01-26,61.27075903286754,61.27075903286754,60.13611534707369,60.25282155475535,115855.0,6980590.641226181
2024-01-29,60.26578891116442,60.2982073021871,57.805233032542915,57.8473769408724,146043.0,8448204.470575828
2024-01-30,56.10975118205669,56.88779256660104,55.20851991162615,55.74990704170492,190761.0,10634908.017182672
2024-01-31,55.46462520070533,56.822955784555674,55.21500358983068,55.34791899302367,125368.0,6938857.908317391
2024-02-01,55.111264738558106,56.08381646923854,54.579603125786136,55.39978841865997,116651.0,6462440.718825105
2024-02-02,55.422481292375835,55.72073048978451,52.845219206072684,54.13871300787766,147992.0,8012096.415461831
2024-02-05,53.49034518742404,55.68831209876183,52.76741506761825,54.46289691810448,186216.0,10141862.812501743
2024-02-06,53.814529097650855,57.09202843004393,53.652437142537444,57.01422429158949,176190.0,10045336.177935153
2024-02-07,57.46159808770249,59.325655571506665,57.08878659094166,58.21046292032643,160094.0,9319145.850766739
2024-02-08,58.83613786706418,59.43911994008605,58.580032577985,58.7323990157916,119246.0,7003603.653037085
2024-02-19,59.61093741250625,60.08748776053967,58.94960223564356,59.48774752662007,119687.0,7119910.038218576
2024-02-20,59.48774752662007,59.5461006304609,57.380552110145786,58.03540360880395,113357.0,6578719.246883189
2024-02-21,57.412970501168466,60.16853373809637,57.27032958066867,59.325655571506665,147693.0,8761984.048322534
2024-02-22,59.29323718048398,59.53313327405182,58.76157556771201,59.322413732404385,80906.0,4799539.205433909
2024-02-23,59.3224137324044,59.64659764263121,58.62217648631449,59.221916720234084,91175.0,5399558.256967342
2024-02-26,60.2982073021871,61.637086851423845,60.152324542585035,60.2982073021871,155461.0,9374019.605405308
2024-02-27,60.76827397201598,62.86898571028573,60.68722799445928,62.79442341093356,206343.0,12957189.709882263
2024-02-28,63.540046404455225,63.70862203777317,60.94657512264072,60.94657512264072,168292.0,10256821.020539453
2024-02-29,60.625633051516175,62.11687903855951,60.3598022451302,61.98396363536652,122363.0,7584543.742314354
2024-03-01,61.88670846229848,62.56101099557026,61.19619673351537,62.301663867388804,122158.0,7610646.654712481
2024-03-04,61.59494294309435,62.146055590479925,60.978993513663404,61.35828868862877,126865.0,7784219.294482889
2024-03-05,60.78448316752732,62.129846394968595,60.13611534707369,61.86077374948033,149624.0,9255856.411492245
2024-03-06,61.59494294309435,62.56101099557025,61.27075903286754,62.129846394968595,100100.0,6219197.624136357
2024-03-07,62.262761798161584,62.87871122759253,61.20592225082218,61.23509880274259,101327.0,6204768.856385498
2024-03-08,61.04383029570877,61.64357052962837,60.703437189970614,60.97575167456114,67150.0,4094521.7249467806
2024-03-11,60.94657512264072,64.8043636543398,60.94657512264072,64.42831031847669,278080.0,17916224.533361997
2024-03-12,65.16096595558929,66.99584688747305,64.11385192555669,66.49011998751922,245029.0,16292007.610421848
2024-03-13,67.08013470413202,68.20829471172132,66.7267742419848,66.898591714405,177813.0,11895439.288513497
2024-03-14,67.56641056947224,69.81624690644631,67.56641056947224,68.75292368090237,211352.0,14531067.925806077
2024-03-15,68.0786211476306,68.5259949437436,66.84023861056417,67.90680367521038,146628.0,9957038.809288748
2024-03-18,68.6783613815502,70.7531384070018,68.60055724309576,70.6818179467519,196982.0,13923045.862787085
2024-03-19,70.6818179467519,71.2718326633647,69.50178851352631,70.28307173717292,146973.0,10329713.902427515
2024-03-20,70.35115035832055,71.57332369987563,70.35115035832055,70.82770070635397,96805.0,6856475.566878595
2024-03-21,70.97034162685375,71.25562346785337,70.34790851921828,70.98006714416056,88667.0,6293589.6134712845
2024-03-22,70.98006714416057,70.98655082236512,69.76437748081003,70.33169932370694,104672.0,7361759.631611053
2024-03-25,70.14367265577539,70.60401380829747,69.00254529177701,69.4401935705832,99109.0,6882148.144586931
2024-03-26,70.02372460899147,71.31721841079646,69.7870703545259,71.190786685808,131346.0,9350625.068034139
2024-03-27,71.19402852491027,71.22320507683067,68.08186298673286,68.72050528987968,188849.0,12977798.703488488
2024-03-28,68.02999356109657,68.67511954244793,66.78512734582561,67.55344321306316,159435.0,10770383.218674725
2024-03-29,67.5696524085745,67.59882896049491,65.21607722032785,65.82878481065651,141381.0,9306939.425315429
2024-04-01,65.82878481065651,69.04468920010649,65.82878481065651,68.73023080718649,142909.0,9822168.554424213
2024-04-02,68.7302308071865,70.44516369228633,68.66215218603887,68.83721149756134,107585.0,7405851.398965137
2024-04-03,68.24071310274401,68.43846528798237,67.28437056757491,67.48212275281327,83634.0,5643799.854308785
2024-04-08,67.10606941695016,69.69954069876466,66.9083172317118,68.72698896808423,128227.0,8812655.614410536
2024-04-09,68.64594299052752,69.69629885966238,68.51626942643679,68.75292368090236,84208.0,5789546.197321425
2024-04-10,69.47261196160589,69.53744874365125,68.0786211476306,68.67511954244793,72411.0,4972834.081188197
2024-04-11,67.75443723740378,69.84218161926445,67.36541654513161,69.0446892001065,100854.0,6963433.084587541
2024-04-12,68.72698896808423,70.40950346216138,67.92949654892627,68.27313149376668,114918.0,7845811.7250006795
2024-04-15,68.0786211476306,69.86163265387806,67.78361378932419,69.25216690265167,113332.0,7848486.5794113185
2024-04-16,68.85666253217495,69.81300506734404,68.30879172389163,68.6070409213003,98323.0,6745650.084505009
2024-04-17,68.4028050578574,69.10952598215187,67.94894758353988,69.05117287831104,96922.0,6692577.777711662
2024-04-18,68.72698896808423,70.18581656410488,67.88411080149451,69.24568322444712,133998.0,9278783.060709465
2024-04-19,68.78858391102732,69.00902896998154,67.12552045156377,68.12076505596008,111770.0,7613857.910304658
2024-04-22,68.0786211476306,68.57462253027762,67.46267171819966,67.61179631690399,64695.0,4374145.162722103
2024-04-23,67.60855447780172,67.61179631690399,66.13027584716745,66.47066895290561,87300.0,5802889.39958866
2024-04-24,67.0704091868252,67.68960045535843,66.29560964138312,67.24222665924542,74979.0,5041754.912683562
2024-04-25,67.23574298104089,68.56813885207308,66.98287953106397,67.73498620279018,94684.0,6413419.433624986
2024-04-26,68.0786211476306,71.24265611144428,68.0786211476306,71.11622438645583,253454.0,18024691.535644773
2024-04-29,71.67057887294368,73.0710533651235,70.90874668391068,71.76783404601173,191676.0,13756171.358603343
2024-04-30,72.45510393569256,72.74038577669215,70.8341843845585,70.8341843845585,115560.0,8185598.34747958
2024-05-06,72.94137980103278,74.04036325670167,72.45510393569256,73.36281888432764,186779.0,13702633.948395832
2024-05-07,73.36281888432764,75.20742533351819,72.63016324721504,74.52339728293963,144190.0,10745528.654227065
2024-05-08,74.08899084323569,74.19921337271282,73.26556371125959,73.34012601061175,91132.0,6683632.36359907
2024-05-09,73.36281888432764,74.04360509580394,73.31419129779361,73.96255911824724,79007.0,5843559.90825536
2024-05-10,73.58974762148641,74.40669107525798,73.26556371125959,73.84909474966786,80613.0,5953197.075054975
2024-05-13,73.00621658307816,73.70645382916807,72.1568547382839,73.16830853819155,82481.0,6034995.256538577
2024-05-14,73.17155037729383,73.7745324503157,72.65285612093092,72.91220324911238,62619.0,4565689.255256169
2024-05-15,72.77928784591937,73.26556371125959,70.76934760251315,71.04166208710366,99734.0,7085269.126595196
2024-05-16,71.04490392620593,71.30749289348965,70.22147679422983,70.77258944161541,87157.0,6168326.577962874
2024-05-17,71.12270806466036,71.42744094027357,70.56186989996797,71.18754484670573,71487.0,5088984.0184564525
2024-05-20,70.82770070635397,72.61719589080597,70.82770070635397,72.25086807224967,75959.0,5488103.687900013
2024-05-21,71.96234439214781,71.96558623125009,70.48406576151355,70.92495587942201,84080.0,5963370.290341803
2024-05-22,70.73368737238819,71.15836829478532,69.75141012440095,70.32197380640014,88398.0,6216321.840538159
2024-05-23,69.97509702245745,69.97509702245745,69.2165066725267,69.68333150325331,62287.0,4340365.669343139
2024-05-24,69.36887311033331,69.37535678853784,67.68960045535843,67.85169241047183,102876.0,6980310.708419699
2024-05-27,68.0786211476306,68.33796827581205,66.97639585285944,67.54371769575636,76046.0,5136429.555891488
2024-05-28,67.68960045535843,67.72526068548338,66.96991217465491,67.22925930283635,60946.0,4097354.4374706643
2024-05-29,68.4028050578574,73.26556371125959,68.39956321875515,72.84412462796475,302648.0,22046128.630404275
2024-05-30,72.75335313310124,74.36130532782622,72.58477749978329,73.86854578428147,223792.0,16531189.598155918
2024-05-31,74.17327865989468,75.08099360852975,73.58650578238414,74.24459912014457,185430.0,13767176.014848407
2024-06-03,74.24135728104231,77.95974673134384,73.26232187215733,76.86400511477721,270146.0,20764503.525736604
2024-06-04,76.79916833273185,77.73930167238962,76.49119361801638,77.20439822051537,157429.0,12154211.207457514
2024-06-05,77.31137891089021,79.84649708886388,77.31137891089021,78.06024374351415,194434.0,15177565.432026431
2024-06-06,78.19315914670715,79.03603731329686,76.99367867886794,77.31786258909474,175865.0,13597505.904231148
2024-06-07,77.48968006151496,78.25475408965023,75.25281108094995,76.34531085841431,182594.0,13940195.690881303
2024-06-11,76.063270856517,79.74924191579584,75.96601568344894,79.30510995878511,221597.0,17573774.451536905
2024-06-12,78.33255822810467,80.25172697664739,78.33255822810467,78.74427179409273,187332.0,14751321.923730979
2024-06-13,80.65695686443092,83.73022033338111,80.43326996637443,82.01528744828126,292519.0,23991029.869083785
2024-06-14,81.52576974383877,82.32002032389447,79.92105938821605,82.03473848289487,202610.0,16621058.364019329
2024-06-17,81.69434537715672,84.24567275064173,81.32801755860042,83.38334354943841,208649.0,17397851.248246774
2024-06-18,82.86140745397324,83.41252010135882,82.01852928738353,82.8743748103823,128789.0,10673307.857454326
2024-06-19,82.99108101806397,83.6394488385176,82.15144469057653,82.34271319761034,99108.0,8160821.619588765
2024-06-20,81.97962721815632,82.26815089825817,80.81904881954432,81.53225342204331,116200.0,9474047.847641433
2024-06-21,81.69110353805445,82.46266124439427,80.33601479330638,81.26318077655506,116330.0,9453345.81973665
2024-06-24,81.0459775567031,82.3362295194058,80.32628927599957,81.02652652208948,108423.0,8785139.085104508
2024-06-25,81.69434537715672,83.87934493208543,81.16268376438475,82.34595503671261,195746.0,16118891.314616347
2024-06-26,81.69434537715672,82.43996837067839,80.84498353236246,81.92775779252003,111917.0,9169108.868865464
2024-06-27,81.37664514513445,81.81105158483837,80.53376697854473,80.8838856015897,82911.0,6706163.839113403
2024-06-28,80.39760973624946,81.7364892854862,80.03452375679544,81.12702353425979,92982.0,7543352.902262544
2024-07-01,81.12702353425979,81.6457177906227,78.614598230002,80.0085890439773,129273.0,10342950.331482077
2024-07-02,80.03128191769316,80.30035456318143,78.79289938062675,79.09114857803542,102627.0,8116887.30511804
2024-07-03,79.08790673893314,79.54824789145522,77.80413845443496,78.80910857613809,96574.0,7610910.85163196
2024-07-04,79.42505800556903,80.94548054453278,79.26296605045562,79.30510995878511,99196.0,7866749.687471648
2024-07-05,78.83180144985396,79.26296605045562,77.44105247498094,78.4622317921954,95665.0,7506089.404400373
2024-07-08,78.38766949284323,80.46893019649937,78.18667546850261,79.42181616646677,105375.0,8369073.878541436
2024-07-09,79.48989478761439,82.1838630815992,78.29365615887745,81.8888557232928,140763.0,11526920.998177866
2024-07-10,81.85319549316786,83.16289849048417,81.53225342204331,81.85643733227012,109283.0,8945517.040982476
2024-07-11,82.66689710783716,83.07536883472294,81.59060652588414,82.03798032199714,100359.0,8233249.667135311
2024-07-12,82.18710492070147,85.58455229987847,81.65868514703178,85.13717850376547,188863.0,16079262.943756659
2024-07-15,85.03343965249289,85.84389942805991,84.48556884420958,84.84217114545908,98716.0,8375279.766795138
2024-07-16,84.48556884420958,85.00102126147021,83.10454538664335,83.96039090964214,117588.0,9872734.446283
2024-07-17,83.9636327487444,84.78057620251596,83.1920750424046,84.12896654296007,105192.0,8849694.248587055
2024-07-18,83.6070304474949,85.22794999862896,83.48059872250644,84.75139965059556,95322.0,8078672.91749407
2024-07-19,84.44990861408462,86.2329201203321,84.20352884231225,85.60400333449208,136214.0,11660463.710204504
2024-07-22,85.61697069090116,87.56207415226203,85.61697069090116,86.10648839534363,100750.0,8675228.70583087
2024-07-23,85.90549437100302,86.04165161329828,82.01852928738353,82.0930915867357,167410.0,13743204.462535422
2024-07-24,82.0930915867357,82.71552469437118,80.5564598522606,81.04273571760082,118640.0,9614910.165536162
2024-07-25,81.03625203939629,82.51777250913281,80.23551778113607,81.17240928169154,101104.0,8206855.268016142
2024-07-26,82.00880377007672,83.51950079173366,81.41878905346393,82.65068791232582,124842.0,10318277.18035058
2024-07-29,83.00504116824708,83.02801334585264,80.92113648545592,81.74813487925651,78859.0,6446576.16844329
2024-07-30,81.25259219090773,81.32150872372445,79.29339361511825,80.04491199678624,110393.0,8836397.970061224
2024-07-31,79.61828584125419,81.3937069961991,79.60515888262243,81.07537824937903,87490.0,7093284.8430381715
2024-08-01,81.38714351688323,81.6299922515707,78.76175179053216,80.14008244686646,103635.0,8305317.444381005
2024-08-02,79.41481798246198,79.50342495322633,76.98961237524517,77.04868368908808,145671.0,11223758.80167315
2024-08-05,75.75567826386018,77.66893248443851,75.48329387225125,75.86725741223009,105268.0,7986394.453270637
2024-08-06,76.79270799576886,76.99617585456106,74.16075279010191,75.1321477288518,129102.0,9699710.536090225
2024-08-07,75.16496512543118,75.8081860983872,74.3215580333409,75.13542946850973,82022.0,6162758.195866105
2024-08-08,74.75802940784678,74.75802940784678,73.34688135493306,74.31499455402502,85357.0,6343304.990147914
2024-08-09,74.84335463895317,77.40967505146135,74.8367911596373,76.0116539571794,119852.0,9110148.750075866
2024-08-12,76.13964180383901,76.62533927321397,75.31592514969637,75.61128171891087,53779.0,4066299.119561308
2024-08-13,75.59815476027912,75.60799997925292,74.16731626941778,75.06323119603508,60437.0,4536596.503794772
2024-08-14,75.02056858048188,75.02056858048188,73.90477709678268,74.36422064889412,56330.0,4188936.5491522057
2024-08-15,74.3543754299203,76.30044704707802,73.79976142772863,75.96899134162621,88545.0,6726674.338344293
2024-08-16,76.17245920041842,78.21041952799843,75.64409911549025,77.15698109780007,102219.0,7886909.450836025
2024-08-19,77.2029254530112,78.42701434542239,77.12416370122067,77.25871502719616,70182.0,5422171.138038681
2024-08-20,77.44905592735661,77.88552730186248,76.60564883526634,77.60657943093769,62484.0,4849169.50916271
2024-08-21,77.00930281319282,79.78893630346701,76.13636006418108,79.08992575632604,111043.0,8782382.625759711
2024-08-22,79.08992575632604,79.67079367578121,78.63704568353047,78.93240225274498,62488.0,4932327.951969529
2024-08-23,78.69611699737338,79.18837794606421,78.15462995381347,78.54515697310819,49786.0,3910449.185063164
2024-08-26,78.59766480763521,79.7462736879138,78.01023340886417,78.56812915071376,56513.0,4440120.682694287
2024-08-27,77.94459861570537,79.18181446674832,77.61314291025356,79.02429096316726,50926.0,4024391.0415902557
2024-08-28,78.8503587612965,78.85364050095444,76.39889923681619,77.72800379828142,89041.0,6920979.186202776
2024-08-29,76.57283143868695,77.61314291025356,75.90663828812536,77.07165586669366,79385.0,6118333.4009774765
2024-08-30,78.0988403796285,82.63092284724205,77.86255512425691,81.85315054831054,193028.0,15799949.944039287
2024-09-02,81.3937069961991,82.18132451410442,79.08992575632604,79.12274315290543,101135.0,8002078.62876909
2024-09-03,78.8930213768497,81.2066478356966,78.8930213768497,81.08522346835285,101820.0,8256097.453547687
2024-09-04,80.56670860239852,82.66702198347937,80.54701816445088,82.14850711752503,100606.0,8264632.707065723
2024-09-05,82.04349144847099,83.88126565691674,81.91222186215343,82.97878725098356,100126.0,8308334.05229198
2024-09-06,82.98206899064151,83.7171786740198,82.50949847989831,82.56856979374122,78142.0,6452073.180822526
2024-09-09,81.87284098625818,83.34306035301478,81.57748441704368,82.03692796915512,70851.0,5812398.383542609
2024-09-10,82.04349144847099,82.96237855269388,81.59061137567544,81.92863056044314,61248.0,5017964.764566021
2024-09-11,82.04349144847099,85.52213548588617,81.85971402762641,84.70170057140146,155361.0,13159340.902473502
2024-09-12,84.89860495087778,85.32523110640983,84.34070920902818,84.34399094868611,77251.0,6515657.644776951
2024-09-13,84.40634400218696,84.66888317482207,83.63513518257133,83.68107953778247,56992.0,4769152.085017298
2024-09-18,83.69092475675629,85.10535454932793,83.38900470822591,84.80999798011344,66820.0,5667004.06503118
2024-09-19,85.00033888027389,85.12176324761762,83.12646553559081,83.80250390512622,91043.0,7629631.363034406
2024-09-20,83.80906738444209,84.93142234745717,82.98863246995738,84.04535263981369,89898.0,7555509.111613971
2024-09-23,83.9961265449446,84.32758225039642,81.64640094986039,82.04349144847099,107583.0,8826484.940500854
2024-09-24,83.02801334585266,83.84844826033736,80.98020779929881,83.45135776172677,156495.0,13059720.23292143
2024-09-25,84.66888317482207,88.49539161597876,84.55730402645216,86.2441182106327,205710.0,17741277.557109255
2024-09-26,86.63792696958537,88.50851857461052,86.014396434577,88.47898291768907,149066.0,13189208.06760824
2024-09-27,89.59149266173033,95.82351627215618,89.0992317130395,93.19812454580511,309922.0,28884149.15548501
2024-09-30,95.17045008022635,101.10383538177977,95.17045008022635,100.85114142811848,388805.0,39211428.04295961
2024-10-08,110.93592739696454,110.93592739696454,100.85114142811848,107.43759292160173,443439.0,47642018.76756215
2024-10-09,103.37479922507345,105.24867256975652,98.61627672106214,100.31949960353239,325919.0,32696030.991283674
2024-10-10,101.73392939610403,105.67201698563063,101.72736591678816,103.66687405463003,250167.0,25934030.88162463
2024-10-11,103.05318873859544,103.05318873859544,97.14277561464759,98.46859843645488,186418.0,18356319.183327045
2024-10-14,98.77708196430113,101.72736591678814,98.51782453132397,100.74940749872238,172365.0,17365671.623517282
2024-10-15,100.25714655003155,101.20228757151794,97.79584180657743,97.79584180657743,122149.0,11945664.280831626
2024-10-16,96.154971977608,97.13293039567378,94.1859281828447,95.10153354740964,150322.0,14295852.725913713
2024-10-17,95.994166734369,97.74661571170834,94.88165699032774,94.98010918006591,102457.0,9731377.046262013
2024-10-18,94.98995439903972,100.48686832608726,94.54035606590209,98.55064192790336,191092.0,18832239.267286908
2024-10-21,99.43671163554686,101.27448584399261,98.7475463073797,100.56891181753576,157816.0,15871383.387396224
2024-10-22,100.09305956713462,101.77331027199929,99.43671163554684,100.01101607568614,103733.0,10374442.73057915
2024-10-23,100.01101607568614,102.32464253453303,99.3316959664928,101.36637455441488,126695.0,12842612.824171593
2024-10-24,101.36637455441488,101.72408417713021,99.29887856991341,99.65986993228668,96885.0,9655546.498389596
2024-10-25,99.76488560134072,102.32464253453303,99.76488560134072,101.1235258197274,139820.0,14139091.380114285
2024-10-28,101.40575543031015,101.40575543031015,99.02649417830449,100.125876963714,109324.0,10946161.37318107
2024-10-29,101.40575543031015,101.82581810652633,99.69925080818196,100.22432915345217,118546.0,11881193.323825141
2024-10-30,99.43671163554684,100.91677622127726,98.94445068685602,100.27355524832124,108448.0,10874466.519569943
2024-10-31,99.1118194094109,99.4334298958889,96.154971977608,96.21732503110884,240852.0,23174135.16839263
2024-11-01,96.22060677076679,97.00822428867211,95.20326747680575,95.27218400962245,143041.0,13627828.472920405
2024-11-04,97.13949387498965,101.37950151304665,97.01150602833005,100.7428440194065,217319.0,21893334.1194534
2024-11-05,99.78457603928837,101.22197800946557,98.61627672106214,100.91349448161932,167820.0,16935302.643905357
2024-11-06,101.07758146451626,101.65188590465556,97.79584180657743,98.57033236585099,184861.0,18221810.21148358
2024-11-07,96.82116512816958,99.06915679385769,96.4831459434019,99.0363393972783,150676.0,14922399.475024305
2024-11-08,100.78878837461765,100.9200579609352,97.46766784078353,97.76302440999802,166716.0,16298660.37753723
2024-11-11,96.81131990919577,98.27825753629445,96.02370239129046,98.21918622245154,180859.0,17763823.80100636
2024-11-12,98.50141583303427,101.73392939610403,98.22574970176741,98.71801065045824,246557.0,24339616.55194503
2024-11-13,97.79584180657743,98.88866111267104,96.90977209893394,98.6392488986677,145116.0,14314133.243179062
2024-11-14,98.45218973816519,98.55064192790336,96.4831459434019,96.7292764177473,124583.0,12050823.443952212
2024-11-15,96.74240337637904,97.07057734217292,94.52066562795446,95.17045008022635,153236.0,14583539.088493565
2024-11-18,95.17373181988431,96.13856327931832,94.07434903447479,94.73726044537842,116206.0,11009038.087315645
2024-11-19,94.73726044537842,95.65614754960129,92.55162183319115,94.51082040898065,131947.0,12470419.22050377
2024-11-20,94.51738388829652,95.3017196665439,93.69366723415388,94.66506217290376,106017.0,10036105.896384738
2024-11-21,94.66834391256172,94.6749073918776,93.20140628546305,93.85775421705081,95533.0,8966512.833617516
2024-11-22,93.69366723415388,93.81180986183968,91.23236249069974,91.39316773393875,125142.0,11437123.796560563
2024-11-25,92.87323231966916,94.96041874211826,92.18078525184406,92.87323231966916,174533.0,16209443.856448816
2024-11-26,91.88871042228752,93.85775421705081,91.19298161480448,92.22016612773933,95206.0,8779913.136357551
2024-11-27,91.6524251669159,92.2168843880814,90.90418852490586,92.2168843880814,110003.0,10144133.933342118
2024-11-28,92.28251918124018,92.40066180892597,89.59149266173033,90.11000752768466,158589.0,14290455.983807983
2024-11-29,89.59149266173033,91.19298161480448,89.27972739422614,90.19205101913313,128005.0,11545033.490704136
2024-12-02,90.77620067824623,93.20140628546305,89.94592054478771,92.67632794019282,151357.0,14027210.968043765
2024-12-03,93.46394545809815,93.81837334115555,92.07905132244795,92.7583714316413,91450.0,8482753.067423597
2024-12-04,92.32846353645132,92.98152972838113,91.49490166333486,91.88214694297164,85013.0,7811176.958062848
2024-12-05,90.96654157840669,91.38988599428082,90.02140055692031,90.3331658244245,90268.0,8154194.21263915
2024-12-06,90.4677171504,92.5384948745594,89.92294836718214,91.98059913270978,124698.0,11469796.750650644
2024-12-09,91.63601646862622,93.19812454580511,91.1273468216457,92.04951566552651,92153.0,8482639.017125266
2024-12-10,96.154971977608,96.4831459434019,92.54505835387528,92.72555403506192,175929.0,16313113.995834408
2024-12-11,92.5549035728491,93.15874366990987,91.6918060428112,92.14140437594881,93360.0,8602321.51253858
2024-12-12,91.9215278188669,93.09639061640901,91.36363207701731,93.09639061640901,100134.0,9322113.977983499
2024-12-13,92.32518179679339,92.4203522468736,90.71384762474541,90.74338328166685,112359.0,10195835.802144805
2024-12-16,90.74666502132479,91.29143380454265,89.78183356189078,90.2314318950284,71490.0,6450645.06617558
2024-12-17,90.22158667605459,93.7461750686809,89.91310314820834,92.80759752651039,175682.0,16304624.348652398
2024-12-18,92.95527581111763,94.14654730694943,92.75180795232542,93.41471936322907,84106.0,7856738.386763744
2024-12-19,92.48270530037445,94.16623774489706,91.88871042228752,93.66084983757447,86729.0,8123111.845562996
2024-12-20,93.53286199091487,94.10388469139623,91.95434521544628,91.95434521544628,96707.0,8892628.862750163
2024-12-23,92.05279740518445,92.9684027697494,91.52115558059836,92.11843219834323,81516.0,7509126.119080147
2024-12-24,91.85261128605018,94.68147087119345,91.60319907204683,94.65193521427202,142287.0,13467739.905833121
2024-12-25,94.7536691436681,95.61676667370604,93.75930202731264,93.83150029978731,83391.0,7824702.641499563
2024-12-26,93.83150029978731,94.12029338968593,93.20140628546305,93.4836358960458,67605.0,6319961.204752176
2024-12-27,94.12029338968593,94.36642386403133,92.87323231966916,93.94964292747309,78683.0,7392239.754462365
2024-12-30,94.25156297600347,95.00636309732941,92.98152972838113,93.526298511599,82947.0,7757725.882641601
2024-12-31,93.52958025125693,94.02184119994776,92.54505835387528,92.76165317129926,77620.0,7200159.519156248
2025-01-02,92.87323231966916,92.89948623693269,88.41662986418822,88.96796212672196,168784.0,15016368.519596638
2025-01-03,89.0992317130395,90.11328926734261,88.02938458455144,88.84653775937821,99365.0,8828236.224460615
2025-01-06,89.24362825798883,89.8835674912869,88.28864201752862,89.02703344056485,82447.0,7340011.82607425
2025-01-07,89.02703344056484,91.1437555199354,87.78653584986397,89.92951184649802,95722.0,8608232.732970484
2025-01-08,89.58821092207239,89.91638488786627,87.2319218476723,88.33786811239769,109082.0,9636071.329436565
2025-01-09,88.2787967985548,89.1648665061983,87.5108697185971,88.40678464521442,65613.0,5800634.360926453
2025-01-10,88.27879679855481,88.7349586110083,86.89390266290461,87.30083838048903,80548.0,7031907.92987163
2025-01-13,86.30975300379149,88.10486459668402,86.0504955708143,87.29427490117314,67214.0,5867397.393207451
2025-01-14,87.40585404954305,90.95341461977493,87.29755664083108,90.67446674885015,125790.0,11405941.17233786
2025-01-15,90.64164935227075,91.00592245430197,90.08375361042116,90.14610666392198,62336.0,5619347.705002241
2025-01-16,90.14938840357995,91.01248593361785,88.78090296621944,89.5127309099398,72572.0,6496117.907596151
2025-01-17,89.76214312394316,91.62617124965242,89.42084219951751,90.77291893858832,86142.0,7819360.783207875
2025-01-20,91.56053645649362,93.99886902234219,91.53428253923012,93.34252109075442,135797.0,12675634.336561177
2025-01-21,93.52958025125693,94.32704298813607,92.87323231966916,93.87416291534052,76441.0,7175834.887411545
2025-01-22,93.52958025125693,93.95620640678898,91.82307562912874,92.70914533677222,81057.0,7514725.193562746
2025-01-23,93.52301677194106,93.52958025125693,90.90418852490586,90.94028766114319,96174.0,8746091.225522785
2025-01-24,90.74338328166685,92.05279740518445,90.57601455911198,91.58679037375714,68144.0,6241090.243229306
2025-01-27,91.59007211341508,91.92809129818278,90.08375361042116,90.08375361042116,63408.0,5712030.648929585
2025-02-05,92.78462534890483,94.10388469139623,92.41378876755773,92.80759752651039,145351.0,13489677.108075812
2025-02-06,92.81087926616833,102.08835727916141,92.69273663848253,102.08835727916141,381459.0,38942522.679351635
2025-02-07,105.01566905404287,108.29740871198172,103.04662525927957,107.28006941802066,487075.0,52253439.81178241
2025-02-10,107.2833511576786,108.95375664356948,105.5341839199972,108.34007132753491,272711.0,29545529.191803373
2025-02-11,111.34942659386483,111.67760055965871,106.9879945884641,108.26459131540231,280364.0,30353493.879551455
2025-02-12,107.47697379749702,113.85667569253012,105.88533006339668,113.23642689717967,279357.0,31633388.50871542
2025-02-13,111.9729571288732,113.66305305271172,111.41506138702361,112.00577452545261,199840.0,22383233.98116645
2025-02-14,112.07797279792725,118.01135809948066,112.07797279792725,116.84634052091238,243645.0,28469026.636217695
2025-02-17,116.84634052091239,117.74881892684557,113.05593121599303,114.36862707916856,232015.0,26535237.011773292
2025-02-18,115.32033157997084,119.28467308676095,114.48020622753849,116.90213009509736,251797.0,29435605.65155523
2025-02-19,116.01606038745386,118.14262768579823,115.84540992524104,117.6503667371074,161918.0,19049712.081338957
2025-02-20,119.28467308676093,120.65644026377937,117.55191454736924,119.05495131070522,156937.0,18684126.893848144
2025-02-21,120.11167148056154,126.83923777933616,119.85897752690025,125.69062889905756,239292.0,30076761.97051328
2025-02-24,126.34697683064533,127.54809354545095,122.56641274469979,123.48529984892266,199407.0,24623833.186974123
2025-02-25,121.42436734373707,124.7061070016759,121.03384032444235,122.24152051856385,161103.0,19693475.680102192
2025-02-26,122.24152051856385,123.3277763453416,119.78349751476765,122.11353267190424,138529.0,16916265.567506224
2025-02-27,125.36245493326368,126.01552112519352,121.75582304918889,123.22932415560344,168446.0,20757486.736714777
2025-02-28,121.78535870611033,122.98975716057389,117.81773545966229,118.7399043035431,239304.0,28414934.059455078
2025-03-03,121.09619337794318,121.42436734373707,117.41736322139376,118.21154421861496,152078.0,17977375.221678525
2025-03-04,111.58899358889438,114.20454009627164,110.93264565730661,113.16751036436295,263453.0,29814320.108022515
2025-03-05,113.87636613047773,116.56411091032965,113.87636613047773,116.16045693240316,139069.0,16154318.585132375
2025-03-06,118.20169899964112,118.85476519157096,117.15810578841658,117.79148154239877,114601.0,13499021.57624044
2025-03-07,117.78163632342496,118.47080165159211,116.58051960861934,116.96120140894025,87584.0,10243929.864200624
2025-03-10,116.7971144260433,117.28609363507618,114.53271406206551,115.18906199365327,99177.0,11424105.60134455
2025-03-11,113.22001819888997,115.44175594731456,113.1806373229947,114.98559413486106,95370.0,10966176.1126417
2025-03-12,116.32126217564218,118.10324680990296,115.18906199365327,115.18906199365327,129511.0,14918250.607860029
2025-03-13,115.47457334389395,117.27624841610238,115.23172460920648,116.33767087393187,102211.0,11890989.677695451
2025-03-14,117.15810578841658,123.78065641813716,116.70522571562103,123.37372070055274,224697.0,27721704.9202521
2025-03-17,125.46747060231772,125.69062889905756,123.38028417986861,124.78815049312438,133069.0,16605434.397969568
2025-03-18,127.51199440921361,127.98784665961475,124.70938874133384,126.20586202535395,173339.0,21876397.91761283
2025-03-19,126.19273506672221,130.9414123517597,125.53966887479238,130.30803659777752,188352.0,24543779.30926459
2025-03-20,131.26958631755357,132.38537780125282,129.9536087147201,131.26630457789565,159413.0,20925555.41167608
2025-03-21,128.97565029665432,129.07410248639252,121.42436734373707,122.08071527532483,282107.0,34439824.34417606
2025-03-24,123.72158510429426,124.21384605298508,120.72207505693817,123.18337980039229,147894.0,18218082.772199217
2025-03-25,124.04319559077227,124.57483741535836,121.08962989862731,121.28981601776158,123085.0,14928957.004546184
2025-03-26,121.28981601776157,124.37793303588202,120.7680194121493,123.3966928781583,120205.0,14832899.467419019
2025-03-27,123.42622853507977,128.40790933583094,123.42294679542184,126.83923777933617,144394.0,18314824.899909467
2025-03-28,126.83923777933616,128.25038583224986,125.19836795036673,125.52654191616062,114940.0,14428020.727843503
2025-03-31,124.7061070016759,125.78251760947984,122.73706320691261,123.0324197761271,115784.0,14245185.6913591
2025-04-01,123.97427905795556,124.00709645453493,119.57346617665957,119.9475844976646,154072.0,18480564.23872418
2025-04-02,119.78349751476765,120.00337407184956,117.77507284410908,118.30671466869516,117100.0,13853716.287704203
2025-04-03,116.66584483972575,118.64473385346287,116.25890912214133,117.32547451097146,101023.0,11852571.41152187
2025-04-07,109.39350975773327,110.82434824859462,105.5932552338401,105.5932552338401,273498.0,28879544.1199448
2025-04-08,105.5932552338401,110.22707163084975,104.3593211224551,107.48025553715493,274644.0,29518807.30174638
2025-04-09,104.9500342608841,107.64106078039394,102.93504611090965,106.52526929669474,211939.0,22576859.049472187
2025-04-10,109.77419155805418,113.89605656842537,109.61010457515725,110.39772209306255,210896.0,23282437.99853852
2025-04-11,110.59462647253892,117.33860146960322,110.39772209306258,116.49519437751293,189945.0,22127679.696036693
2025-04-14,119.19278437633868,119.35687135923561,116.69866223630515,117.81445372000435,142069.0,16737781.625547297
2025-04-15,119.65222792845009,119.78349751476765,117.26640319712855,118.13278246682441,116516.0,13764359.281904513
2025-04-16,117.0333996814149,117.15810578841658,114.23735749285102,115.56646205431625,131828.0,15234895.559696402
2025-04-17,114.84119758991176,115.99308820984828,113.76806872176576,114.75587235880535,85289.0,9787413.59761015
2025-04-18,114.17172269969222,114.17172269969222,112.89184423309608,113.54819216468385,73860.0,8386669.47328355
2025-04-21,113.54819216468385,114.81822541230619,113.29877995068051,114.45395231027497,74953.0,8578667.08751204
2025-04-22,114.45395231027499,117.13513361081101,113.8041678580031,116.4492500223018,112122.0,13056522.811000522
2025-04-23,123.72158510429426,124.04975907008814,120.51532545848802,122.0774335356669,247927.0,30266291.864197288
2025-04-24,122.23823877890591,122.93396758638895,119.24201047120775,120.11167148056154,150892.0,18123890.33304489
2025-04-25,121.42436734373707,123.16368936244466,120.8008368087287,121.69675173534601,133869.0,16291422.458059035
2025-04-28,120.48250806190862,120.48250806190862,117.01370924346728,118.14262768579823,179783.0,21240036.033235863
2025-04-29,117.84727111658374,118.34937728424838,115.84540992524104,116.5017578568288,118983.0,13861728.655079061
2025-04-30,116.46894046024943,116.47878567922324,114.63116625180368,115.8749455821625,130479.0,15119247.02461498
2025-05-06,118.14262768579823,118.89742780712416,116.8036779053592,118.12950072716649,148294.0,17517896.180834427
2025-05-07,119.78349751476765,120.00665581150749,117.5322241094216,117.88008851316312,108840.0,12830068.833772674
2025-05-08,117.0005822848355,118.7924121380701,116.73147963288453,117.90634243042662,83382.0,9831266.644533832
2025-05-09,118.38875816014364,120.11167148056154,117.91290590974252,119.19934785565455,143726.0,17132045.469901808
2025-05-12,119.78349751476765,121.51625605415934,118.33296858595868,121.51625605415934,161370.0,19609078.239459693
2025-05-13,123.3934111385004,123.58375203866083,120.12151669953536,120.27575846345849,131771.0,15848856.968488388
2025-05-14,120.27575846345847,122.44170663769812,119.24529221086568,122.44170663769812,135693.0,16614482.49878917
2025-05-15,122.40888924111874,126.34697683064535,121.18808208836548,123.65595031113548,208801.0,25819486.0809154
2025-05-16,123.0750823916803,128.3127388857507,122.59923014127916,127.71546226800581,229328.0,29288731.530997235
2025-05-19,127.33149872802699,127.33149872802699,123.72158510429426,125.62827584555673,161373.0,20273011.758025028
2025-05-20,125.8547158819545,129.56308169542538,125.19836795036673,129.56308169542538,172100.0,22297806.359782707
2025-05-21,129.28085208484265,132.58228218072912,128.31930236506656,131.26958631755357,199479.0,26185525.80903927
2025-05-22,131.2630228382377,133.09423356736758,130.61323838596581,130.87577755860093,146363.0,19155371.43080951
2025-05-23,130.9414123517597,136.84198025673373,130.65590100151903,132.91045614652302,235574.0,31310247.796261013
2025-05-26,131.8635811956405,132.25410821493523,124.7061070016759,125.0342809674698,309551.0,38704486.70776124
2025-05-27,123.35403026260511,125.0342809674698,121.05681250204792,122.21526660130031,230275.0,28143120.51661443
2025-05-28,122.21526660130031,122.39248054282902,118.82194779499157,119.08776870728461,177754.0,21168327.23879467
2025-05-29,118.00807635982272,120.11167148056154,116.52801177409232,118.51346426714532,192061.0,22761814.460612196
2025-05-30,117.16466926773246,117.74881892684557,115.28751418339144,115.61568814918533,190560.0,22031725.533708755
2025-06-03,115.27110548510174,117.48299801455252,114.53271406206551,116.8299318226227,181893.0,21250546.78901231
2025-06-04,117.97854070290131,119.56033921802782,117.53550584907956,118.31327814801107,146904.0,17380693.81305542
2025-06-05,118.92696346404563,119.04182435207348,116.83977704159652,118.38875816014367,108613.0,12858558.190047683
2025-06-06,118.47080165159211,118.92368172438768,117.32219277131352,118.12950072716647,89698.0,10595979.956225378
2025-06-09,116.86931269851796,116.96448314859819,113.2561173351273,114.25048445148276,255091.0,29144270.32921319
2025-06-10,114.72961844154185,116.5017578568288,114.28002010840422,115.88807254079424,171786.0,19907948.42949288
2025-06-11,116.17686563069286,120.10510800124567,116.17686563069286,118.79569387772806,203107.0,24128236.996423714
2025-06-12,118.10652854956089,118.10652854956089,115.84869166489898,115.92417167703158,144047.0,16698529.157561367
2025-06-13,114.69680104496244,114.83135237093795,112.06812757895344,113.54819216468385,210240.0,23872371.92070313
2025-06-16,113.54491042502592,113.8894930891095,111.84168754255566,113.03295903838746,102284.0,11561463.182282424
2025-06-17,112.89184423309611,113.67946175100141,112.36676588782588,112.80651900198968,70045.0,7901532.623494367
2025-06-18,112.50459895345932,114.5983488552243,112.22565108253451,113.85995743218805,102897.0,11715848.039899854
2025-06-19,112.90168945206992,113.3151886489702,111.69400925794842,111.74323535281749,100381.0,11216897.707951173
2025-06-20,111.58899358889438,112.55382504832839,111.51351357676178,111.66119186136902,73538.0,8211340.727101355
2025-06-23,110.54540037766982,111.48397791984034,109.4788349888397,110.98843523149158,94593.0,10498729.053852484
2025-06-24,111.98280234784703,113.61382695784265,111.98280234784703,112.68837637430387,144713.0,16307473.010254636
2025-06-25,113.54491042502592,114.77228105709503,112.57023374661807,114.62132103282985,125738.0,14412255.66402596
2025-06-26,112.99357816249218,112.99357816249218,110.53883689835394,110.73902301748821,204932.0,22693969.465019893
2025-06-27,109.61010457515725,110.5027377621166,109.42632715431267,109.68886632694777,138617.0,15204741.58364252
2025-06-30,109.68886632694777,109.68886632694777,107.83468342021234,108.92422098664804,144003.0,15685414.594740277
2025-07-01,108.39586090171989,109.39679149739123,107.90031821337112,108.73716182614552,88518.0,9625196.09052675
2025-07-02,108.95375664356948,109.5641602199461,107.94626256858226,108.51400352940568,93270.0,10121101.109187668
2025-07-03,108.61901919845972,110.0203220323996,108.51728526906362,109.79388199600182,123498.0,13559324.838742232
2025-07-04,109.1342523247561,109.9349968012932,108.22192869984912,108.6255826777756,104104.0,11308357.659087151
2025-07-07,108.0348695393466,108.45821395522071,107.78545732534324,107.83468342021233,88208.0,9511881.75513009
2025-07-08,107.31288681460006,108.22521043950707,106.8928241383839,107.27350593870482,116918.0,12542203.767341489
2025-07-09,107.28006941802069,107.70997731321067,106.91251457633153,106.9190780556474,121633.0,13004888.22114256
2025-07-10,106.92235979530534,107.01424850572764,104.63826899337991,105.41932303196936,210022.0,22140377.06182027
2025-07-11,104.98285165746347,107.26366071973096,104.69405856756485,106.29882926029694,168270.0,17886903.999630168
2025-07-14,106.29882926029697,106.29882926029697,104.2149245775058,104.52012636569411,172309.0,18009758.453946386
2025-07-15,104.42495591561388,106.65653888301229,104.3593211224551,106.01659964971422,162791.0,17258548.27357663
2025-07-16,106.01988138937216,106.95517719188473,106.01988138937216,106.23647620679613,110758.0,11766539.631712325
2025-07-17,106.65653888301229,107.87734603576554,106.3611823137978,107.64762425970983,156891.0,16888943.417730134
2025-07-18,108.01189736174103,108.13332172908477,106.73858237446076,108.00533388242516,136866.0,14782258.027152002
2025-07-21,107.637779040736,109.64948545105251,107.39821204570646,109.64948545105251,153945.0,16879990.03776228
2025-07-22,109.93827854095113,112.23877804116626,109.35084714218007,112.13376237211222,214164.0,24015015.08466104
2025-07-23,112.26503195842976,112.5636702673022,110.59462647253889,110.94577261593835,158907.0,17630059.889080916
2025-07-24,110.94905435559629,113.72540610621256,110.80137607098905,112.4717815568799,189063.0,21264252.436488386
2025-07-25,111.90732233571444,112.03859192203198,109.93827854095113,110.89982826072722,157041.0,17415819.929892864
2025-07-28,110.89982826072722,111.28379180070606,110.1122107428219,110.59462647253892,117057.0,12945875.190995988
2025-07-29,111.5908647121412,112.07903115896693,109.35924666950933,111.00307245984085,387360.0,42998150.14804395
2025-07-30,107.64568281534558,110.74404536560681,106.71916282443145,108.29325055093072,524834.0,56835979.85964718
2025-07-31,107.79512152355754,107.79512152355754,104.60709574836913,104.84619768150826,599499.0,62855190.66386652
2025-08-01,104.55728284563182,105.84245573625464,103.96949059333146,105.40410219216623,362337.0,38191806.176002935
2025-08-04,103.61083769362278,104.74657187603363,102.18618867533546,104.48754478179958,412937.0,43146773.279561974
2025-08-05,104.48754478179957,104.81630993986589,103.39166092157856,104.46761962070464,338350.0,35346619.098665416
2025-08-06,104.46761962070464,104.60709574836913,103.51121188814814,103.959528012784,305620.0,31772110.95126705
2025-08-07,103.87982736840428,106.03174476665644,103.77023898238218,104.93586090643544,428763.0,44992614.52982598
2025-08-08,104.60709574836913,104.63698349001153,103.52117446869559,103.54109962979051,326615.0,33818076.255584024
2025-08-11,103.49128672705321,105.26462606450175,102.84371899146807,105.12514993683726,356698.0,37497930.73216998
2025-08-12,105.0055989702677,106.03174476665646,104.30821833194523,105.2745886450492,312195.0,32866200.202041138
2025-08-13,105.89226863899196,107.24717959344703,105.4439525143561,106.430247988555,459830.0,48939820.932577245
2025-08-14,106.96822733811804,107.09774088523507,105.39413961161878,105.97196928337168,419548.0,44460327.76890002
2025-08-15,105.45391509490356,106.24095895815319,104.92589832588799,105.67309186694776,361353.0,38185288.765397176
2025-08-18,105.26462606450174,109.08029441418034,105.26462606450174,107.9644853928644,619252.0,66857223.508502066
2025-08-19,108.26336280928832,108.51242732297492,106.77893830771623,107.22725443235211,389735.0,41790214.00619275
2025-08-20,106.77893830771623,107.85489700684232,105.61331638366298,107.84493442629486,385053.0,41526015.535648115
2025-08-21,107.39661830165898,108.42276409804775,106.59961185786189,106.69923766333652,449464.0,47957466.15711389
2025-08-22,106.70920024388398,110.55475633520498,106.70920024388398,110.2459163382336,763120.0,84130863.67603283
2025-08-25,110.89348407381875,112.06906857841948,109.89722601907238,111.19236149024266,611628.0,68008361.67355414
2025-08-26,111.33183761790717,114.2608362988615,110.29572924097093,113.32435372739991,692916.0,78524257.88737504
2025-08-27,113.53356791889664,113.63319372437128,110.2459163382336,110.26584149932853,689747.0,76055533.37663735
2025-08-28,108.98066860870571,109.77767505250281,106.70920024388398,108.91093054487347,762522.0,83046980.58093801
2025-08-29,108.47257700078508,116.1537266028796,107.71542087917783,113.63319372437128,1144902.0,130098870.76142013
2025-09-01,108.09399893998145,111.06284794312563,108.09399893998145,109.2895086056771,1329867.0,145340510.940906
2025-09-02,108.3829137758579,110.68426988232203,108.19362474545609,109.60831118319594,773224.0,84751776.8063155
2025-09-03,110.08651504947419,110.31565440206586,106.60957443840935,106.80882604935863,735223.0,78528305.5144876
2025-09-04,106.19114605541587,106.68927508278907,103.32192285774633,103.61083769362278,815741.0,84519608.35103354
2025-09-05,103.47136156595828,107.09774088523507,102.72416802489849,106.85863895209594,787524.0,84153742.78211041
2025-09-08,105.75279251132747,106.72912540497892,105.1151873562898,105.8524183168021,555923.0,58845793.94793157
2025-09-09,105.60335380311551,106.79886346881116,104.87608542315066,105.09526219519486,381636.0,40108135.48312539
2025-09-10,105.12514993683725,106.05166992775138,104.62702090946406,104.80634735931842,322369.0,33786317.391876124
2025-09-11,104.85616026205574,106.20110863596332,104.49750736234704,106.19114605541587,537781.0,57107580.7168276
2025-09-12,106.20110863596334,107.1774415296148,105.50372799764088,105.51369057818835,455910.0,48104746.671501845
2025-09-15,105.60335380311551,110.43520536863541,105.60335380311551,108.29325055093072,974804.0,105564693.81004947
2025-09-16,108.59212796735463,108.59212796735463,106.81878862990608,107.39661830165898,533160.0,57259581.013712496
2025-09-17,107.79512152355754,111.58090213159375,107.79512152355754,110.57468149629992,981240.0,108500300.47142933
2025-09-18,110.57468149629992,112.37790857539085,108.15377442326623,109.29947118622457,934014.0,102087236.28053035
2025-09-19,109.38913441115173,110.3853924658981,108.59212796735463,108.6817911922818,472977.0,51403987.55275187
2025-09-22,108.4626144202376,108.50246474242746,106.74905056607385,107.5859073320608,491559.0,52884821.022240475
2025-09-23,107.04792798249775,107.28702991563688,104.24844284866045,105.20485058121696,650963.0,68484465.14890073
2025-09-24,104.60709574836913,105.43398993380863,103.61083769362277,105.31443896723906,548162.0,57729373.4931597
2025-09-25,104.9458234869829,108.39287635640537,104.47758220125212,107.09774088523507,693482.0,74270355.54457459
2025-09-26,107.04792798249775,110.81378342943904,106.59961185786189,106.88852669373834,756612.0,80873141.95880276
2025-09-29,106.59961185786189,108.73160409501912,105.9918944444666,108.20358732600354,613984.0,66435271.36076896
2025-09-30,107.78515894301007,109.56846086100607,107.35676797946913,108.80134215885137,567756.0,61772614.818740815
2025-10-09,108.26336280928832,112.05910599787201,107.66560797644051,110.18614085494883,1008722.0,111147184.37548569
2025-10-10,110.1363279522115,110.1363279522115,107.17744152961478,107.38665572111151,590103.0,63369187.700995065
2025-10-13,104.60709574836915,105.58342864202059,103.71046349909741,105.29451380614415,744430.0,78384394.9127079
2025-10-14,106.28080928034305,108.95078086706333,105.22477574231189,105.59339122256806,767786.0,81073127.47321063
2025-10-15,106.05166992775138,107.10770346578254,105.10522477574233,106.69923766333652,475791.0,50766536.98707654
2025-10-16,106.59961185786189,108.89100538377855,106.11144541103617,106.55976153567204,523096.0,55740985.0202639
2025-10-17,106.20110863596334,106.23099637760573,103.86986478785683,104.03922865716372,625725.0,65099946.35150377
2025-10-20,104.82627252041334,105.23473832285934,103.69053833800247,104.12889188209087,355615.0,37029795.88664974
2025-10-21,104.29825575139778,104.6768338122014,103.84993962676191,104.36799381523001,299074.0,31213753.3822961
2025-10-22,103.71046349909741,103.92964027114161,102.98319511913256,103.39166092157856,357874.0,37001187.260649
2025-10-23,102.9134570553003,103.34184801884125,101.61832158413002,103.30199769665138,378603.0,39110446.2339453
2025-10-24,103.59091253252784,103.97945317387892,103.22229705227168,103.37173576048365,305543.0,31584510.259465456
2025-10-27,103.61083769362277,104.57720800672675,103.4912867270532,103.62080027417022,345988.0,35851553.44525961
2025-10-28,103.63076285471769,103.9296402711416,103.11270866624957,103.33188543829378,265416.0,27425935.705490183
2025-10-29,103.34184801884125,104.78642219822349,102.61457963887639,104.12889188209087,397340.0,41374573.90042999
2025-10-30,103.61083769362277,104.46761962070464,103.11270866624957,103.22229705227168,358989.0,37055669.19649796
2025-10-31,100.62206352938365,100.94086610690248,99.62580547463727,100.41284933788691,637053.0,63968306.90924887
2025-11-03,100.41284933788691,100.61210094883617,98.13141839251772,99.22730225273872,551670.0,54740725.833768375
2025-11-04,98.62954741989091,99.16752676945394,97.3443745292681,97.43403775419526,435017.0,42385462.80171676
2025-11-05,96.2983035717844,96.2983035717844,94.3755255261239,95.4415216447025,587215.0,56044693.13259398
2025-11-06,95.22234487265833,97.38422485145793,95.04301842280397,97.15508549886628,402004.0,39056732.99088624
2025-11-07,96.63703131039816,97.78272807335648,96.46766744109127,96.83628292134743,322561.0,31235608.25539275
2025-11-10,96.9857216295594,99.97449579379851,96.9857216295594,99.018088061242,554877.0,54942859.64915778
2025-11-11,99.1276764472641,99.40662870259307,97.77276549280903,98.34063258401444,319858.0,31455038.057057694
2025-11-12,98.43029580894164,98.61958483934345,97.1750106599612,97.40415001255288,260643.0,25387709.87172182
2025-11-13,96.64699389094562,100.12393450201046,96.64699389094562,99.45644160533038,579990.0,57683741.566675566
2025-11-14,98.6295474198909,100.12393450201046,97.96205452321082,98.00190484540069,342985.0,33613183.33339976
2025-11-17,97.43403775419524,98.2210816174449,96.88609582408475,97.71299000952423,207248.0,20250821.75349388
2025-11-18,97.17501065996119,97.48385065693257,95.66069841674671,96.1289397024775,304756.0,29295871.147968233
2025-11-19,96.03927647755035,96.2983035717844,94.65447778145288,94.8138790702123,348292.0,33022915.56912238
2025-11-20,94.8138790702123,95.1426442282786,93.15012811878586,93.25971650480795,391811.0,36540182.78346531
2025-11-21,92.14390748349203,94.03679778751012,91.35686362024238,92.35312167498876,451713.0,41717105.651174195
2025-11-24,92.75162489688731,94.05672294860504,91.85499264761557,93.57851908232679,327302.0,30628436.452683724
2025-11-25,93.64825714615904,95.02309326170904,93.34937972973513,93.55859392123186,277489.0,25961480.668608706
2025-11-26,94.39545068721881,95.08286874499382,94.0965732707949,94.73417842583258,306577.0,29043320.219256476
2025-11-27,94.24601197900685,94.80391648966483,93.86743391820323,93.93717198203548,202280.0,19001611.148526136
2025-11-28,94.24601197900687,94.87365455349708,93.84750875710832,94.8138790702123,219351.0,20797519.187930137
2025-12-01,95.0330558422565,95.93965067207569,94.7839913285699,95.4116339030601,233713.0,22298939.194385886
2025-12-02,96.05920163864526,97.43403775419524,95.88983776933837,96.25845324959454,359217.0,34577672.8009596
2025-12-03,96.27837841068946,96.28834099123694,94.5349268148833,94.69432810364273,231573.0,21928649.64194486
2025-12-04,94.5648145565257,94.93343003678187,93.84750875710832,94.88361713404456,166142.0,15764153.91788443
2025-12-05,94.93343003678187,95.859950027696,94.35560036502898,95.62084809455686,211618.0,20235092.632073935
2025-12-08,95.84998744714854,96.78647001861012,95.84998744714854,96.16879002466736,247805.0,23831107.012062695
2025-12-09,95.84998744714854,96.29830357178439,95.34189583922787,95.67066099729418,163227.0,15616034.982605336
2025-12-10,95.24227003375324,96.28834099123694,94.54488939543079,96.10901454138258,198402.0,19068220.703039385
2025-12-11,96.61710614930324,96.75658227696772,95.49133454743983,95.86991260824345,250908.0,24054528.032709148
2025-12-12,95.84002486660106,97.33441194872061,95.29208293649056,96.63703131039816,554621.0,53596926.94240434
2025-12-15,96.18871518576229,96.79643259915757,95.172531969921,95.172531969921,293301.0,27914198.799309798
2025-12-16,95.1426442282786,95.34189583922787,93.78773327382353,93.89732165984563,258768.0,24297622.131274935
2025-12-17,94.14638617353222,95.34189583922787,93.3294545686402,94.85372939240216,272825.0,25878468.72148212
2025-12-18,94.03679778751012,94.24601197900685,93.15012811878586,93.18001586042824,252797.0,23555628.46946868
2025-12-19,93.64825714615904,94.91350487568694,93.37926747137752,93.87739649875071,272068.0,25541035.51062211
2025-12-22,94.3456377844815,95.0031681006141,93.89732165984563,94.0168726264152,206235.0,19389569.72610874
2025-12-23,94.14638617353222,95.1426442282786,94.14638617353222,94.45522617050361,236617.0,22349712.25078605
2025-12-24,94.44526358995613,94.44526358995613,93.69807004889635,94.06668552915252,192810.0,18136997.636875898
2025-12-25,94.07664810969999,94.87365455349708,93.7678081127286,94.48511391214599,182202.0,17215376.725020822
2025-12-26,94.92346745623439,101.07037965401952,94.89357971459201,99.63576805518474,1020959.0,101724034.11785336
2025-12-29,100.12393450201047,100.92094094580757,99.22730225273874,99.83501966613402,519167.0,51831047.6550078
2025-12-30,98.88857451412497,99.77524418284924,98.37052032565686,99.3767409609507,318756.0,31676932.4417488
2025-12-31,99.60588031354234,99.82505708558654,97.01560937120178,97.35433710981555,402859.0,39220070.89372318
2026-01-05,98.03179258704309,99.10775128616916,97.5336635596699,97.74287775116663,382625.0,37398868.59954013
2026-01-06,97.85246613718873,100.12393450201046,97.7528403317141,99.61584289408982,521785.0,51978052.58449266
2026-01-07,99.58595515244743,99.58595515244743,96.69680679368294,97.23478614324598,560849.0,54534032.57365337
2026-01-08,96.83628292134743,96.83628292134743,95.96953841371808,96.51748034382858,300655.0,29018463.05277378
2026-01-09,96.68684421313549,97.58347646240722,96.53740550492353,96.64699389094562,350341.0,33859404.48674778
2026-01-12,96.64699389094561,97.63328936514453,95.93965067207569,97.10527259612896,425257.0,41294696.90841201
2026-01-13,98.6295474198909,99.22730225273872,96.51748034382858,96.82632034079997,498723.0,48289512.959324785
2026-01-14,96.44774227999635,97.37426227091048,95.15260680882606,95.74039906112642,514750.0,49282370.416714825
2026-01-15,95.72047390003151,96.27837841068947,95.24227003375324,95.31200809758548,295635.0,28177565.513929684
2026-01-16,96.33815389397425,97.07538485448657,95.24227003375324,95.5012971279873,384588.0,36728652.85985838
2026-01-19,96.44774227999635,96.93590872682206,95.4116339030601,95.83006228605359,334927.0,32096075.27128107
2026-01-20,95.859950027696,95.89980034988585,94.32571262338658,94.38548810667136,389149.0,36730018.31122305
2026-01-21,93.6582197267065,94.58473971762062,93.64825714615904,93.74788295163367,308334.0,28905659.742009018
2026-01-22,94.36556294557643,94.77402874802243,93.53866876013694,93.7678081127286,291014.0,27287744.9101176
2026-01-23,93.88735907929818,94.00691004586773,93.16009069933332,93.29956682699782,383303.0,35762003.86348874
2026-01-26,93.29956682699782,93.30952940754527,92.15387006403948,92.28338361115651,375460.0,34648719.21064483
2026-01-27,92.32323393334636,92.6420365108652,91.45648942571701,91.46645200626449,362981.0,33200584.21568589
2026-01-28,91.45648942571702,93.15012811878586,89.67318750772101,92.99072683002643,715566.0,66541002.43485469
2026-01-29,92.31327135279889,92.57229844703296,91.2672003953152,91.96458103363767,371825.0,34194730.34283233
2026-01-30,91.92473071144781,91.92473071144781,90.36060556549602,90.54989459589783,329176.0,29806852.103499264
2026-02-02,87.6707088176808,88.75663009735435,86.64456302129204,86.72426366567174,646974.0,56108343.76083431
2026-02-03,86.87370237388369,87.07295398483296,85.55864174161849,87.04306624319058,377827.0,32887220.58946597
2026-02-04,86.66448818238698,88.99573203049347,86.12650883282393,88.80644300009166,376505.0,33436069.821749512
2026-02-05,88.16883784505399,90.8886223345116,87.99947397574711,89.77281331319564,354240.0,31801121.388066422
2026-02-06,89.05550751377827,90.32075524330615,88.66696687242717,89.48389847731919,247088.0,22110397.50696384
2026-02-09,90.16135395454674,90.31079266275869,89.49386105786667,89.72300041045833,208180.0,18678534.225449216
2026-02-10,89.66322492717354,91.22735007312536,89.50382363841413,90.47019395151811,267605.0,24210276.252396006
2026-02-11,90.53993201535035,92.60218618867533,90.53993201535035,91.93469329199527,396950.0,36493476.502257526
2026-02-12,91.94465587254274,92.00443135582752,90.73918362629963,90.81888427067933,230313.0,20916769.69303297
2026-02-13,89.71303782991086,90.74914620684709,89.54367396060398,89.93221460195507,217339.0,19545777.58937431
2026-02-24,91.63581587557137,91.64577845611882,90.27094234056884,90.5299694348029,206445.0,18689459.539967883
2026-02-25,90.54989459589783,92.44278489991594,90.54989459589783,91.10779910655579,324780.0,29589990.99382719
2026-02-26,91.05798620381847,91.05798620381847,89.27468428582246,89.51378621896158,291019.0,26050212.55165598
2026-02-27,89.06547009432573,89.60344944388878,88.76659267790183,88.98576944994602,219341.0,19518227.656920608
2026-03-02,87.6707088176808,96.88609582408475,87.39175656235182,96.42781711890142,1435137.0,138387128.17656884
2026-03-03,96.02931389700287,96.62706872985069,93.63829456561157,94.85372939240214,865741.0,82118762.53790763
2026-03-04,94.84376681185469,96.43777969944888,93.34937972973513,95.63081067510433,700969.0,67034233.728117205
2026-03-05,96.43777969944888,96.45770486054381,93.53866876013694,94.11649843188984,552440.0,51993718.39371322
2026-03-06,95.64077325565178,95.64077325565178,92.90106360509925,93.26967908535542,503540.0,46965014.20663987
2026-03-09,93.26967908535542,97.63328936514453,92.65199909141266,97.15508549886627,1093409.0,106230244.88022988
2026-03-10,96.8163577602525,97.12519775722387,95.7204739000315,96.2385280884996,507462.0,48837395.94084619
2026-03-11,96.38796679671157,99.96453321325104,95.31200809758548,98.8487241919351,903744.0,89333941.3961162
2026-03-12,98.85868677248257,100.31322353241227,98.33067000346699,98.72917322536554,502524.0,49613779.04590359
2026-03-13,98.6295474198909,100.4128493378869,97.93216678156844,99.29704031657097,519765.0,51611126.16014251
2026-03-16,99.29704031657097,104.60709574836913,98.42033322839417,104.22851768756553,1087814.0,113381240.73978141
2026-03-17,104.238480268113,106.26088411924813,102.32566480299995,102.48506609175936,841389.0,86229807.27387932
2026-03-18,102.43525318902203,102.43525318902203,99.67561837737459,101.30948158715864,617996.0,62608854.38293769
2026-03-19,100.61210094883617,103.4912867270532,100.09404676036807,101.9271615811014,531059.0,54129336.50209813
2026-03-20,101.61832158413002,104.05915381825864,101.17996804004162,102.64446738051879,628783.0,64541096.13292474
2026-03-23,103.48132414650574,111.4015756817394,102.79390608873075,107.22725443235211,1782446.0,191126790.7539283
2026-03-24,107.99437313450682,107.99437313450682,104.5373576845369,106.24095895815319,921446.0,97895306.66815442
2026-03-25,106.3206596025329,107.25714217399448,104.88604800369812,106.20110863596332,662665.0,70375757.65425064
2026-03-26,106.22103379705827,107.27706733508943,102.31570222245249,102.75405576654089,828121.0,85092791.4154436
2026-03-27,103.60087511307529,105.49376541709341,102.3655151251898,104.90597316479305,658455.0,69075862.5602238
2026-03-30,103.12267124679705,107.59586991260825,102.86364415256298,105.65316670585283,727557.0,76868701.00901017
2026-03-31,106.5996118578619,108.084036359434,104.70672155384378,104.85616026205575,588659.0,61724522.443701476
2026-04-01,105.50372799764088,106.10148283048869,101.98693706438618,102.26588931971517,715198.0,73140359.50968166
2026-04-02,102.10648803095573,103.09278350515466,100.12393450201046,101.2696312649688,604349.0,61202200.38535263
2026-04-03,101.41906997318074,101.91719900055394,98.6295474198909,98.63951000043836,491745.0,48505485.845165566
2026-04-07,99.1276764472641,99.3966661220456,97.08534743503402,97.6133642040496,379697.0,37063501.54818502
2026-04-08,98.13141839251772,100.90101578471263,97.74287775116663,100.84124030142785,562818.0,56755265.18396901
2026-04-09,99.83501966613402,99.83501966613402,98.44025838948909,98.6594351615333,379063.0,37398141.47063629
2026-04-10,99.01808806124198,101.81757319507929,98.6594351615333,101.28955642606373,605731.0,61354224.30351601
2026-04-13,101.18993062058908,104.59713316782168,100.43277449898184,103.85990220730936,663136.0,68873240.1101463
2026-04-14,102.61457963887639,103.80012672402458,102.11645061150321,103.43151124376841,543343.0,56198787.61372286
2026-04-15,103.43151124376841,104.37795639577747,102.11645061150321,102.64446738051879,428719.0,44005633.41090863
2026-04-16,102.89353189420538,105.57346606147311,102.89353189420538,105.14507509793219,643661.0,67677784.18261014
2026-04-17,104.59713316782168,105.06537445355248,102.73413060544596,103.39166092157856,442048.0,45704076.92706196
2026-04-20,103.39166092157856,103.56102479088545,102.23600157807277,102.52491641394923,383677.0,39336452.3549548
2026-04-21,102.52491641394921,102.8038686692782,100.95082868744994,101.15008029839923,432258.0,43722931.409625456
2026-04-22,100.73165191540576,101.99689964493365,100.2235603074851,101.2397435233264,343733.0,34799440.76050355
2026-04-23,101.18993062058908,101.20985578168401,98.63951000043836,99.60588031354236,492164.0,49022428.47863426
2026-04-24,99.5361422497101,99.5361422497101,98.33067000346699,99.08782612507424,337739.0,33465823.30765645
2026-04-27,99.62580547463727,103.61083769362277,99.5062545080677,101.95704932274377,601670.0,61344497.86601525
2026-04-28,101.46888287591807,102.9134570553003,100.96079126799742,101.10026739566192,361550.0,36552801.676901564
2026-04-29,101.09030481511444,105.24470090340682,100.62206352938365,105.0055989702677,1056558.0,110944505.6368281
2026-04-30,104.14881704318582,105.05541187300501,101.98693706438618,102.59465447778148,600979.0,61657232.85340263
2026-05-06,101.31944416770611,101.50873319810792,99.82505708558655,100.37299901569705,670487.0,67298790.99103767
2026-05-07,100.67187643212098,100.88109062361771,99.63576805518474,100.08408417982061,468846.0,46924022.531372175
2026-05-08,100.09404676036807,100.62206352938365,99.426553863688,99.64573063573219,382158.0,38080413.12829015
2026-05-11,99.64573063573219,100.35307385460213,98.6295474198909,100.06415901872568,482810.0,48311976.61583094
2026-05-12,99.59591773299489,99.72543128011192,98.72917322536554,98.85868677248257,353441.0,34940713.11155301
2026-05-13,98.85868677248257,98.87861193357749,97.44400033474273,98.23104419799236,456194.0,44812412.97685893
2026-05-14,98.6295474198909,99.62580547463727,98.0816054897804,98.36055774510939,339180.0,33361933.9759862
2026-05-15,97.63328936514453,97.66317710678692,95.89980034988585,95.9396506720757,466217.0,44728696.117383115
2026-05-18,94.98324293951919,95.580997772367,93.94713456258295,94.15634875407967,354613.0,33389065.300730456
2026-05-19,94.15634875407967,95.7204739000315,93.44900553520976,95.64077325565178,296184.0,28327266.78595197
2026-05-20,94.94339261732932,95.13268164773113,92.95087650783657,93.01065199112136,415010.0,38600350.68283528
2026-05-21,93.06046489385868,95.84002486660106,93.06046489385868,93.16009069933331,373950.0,34837215.917015694
2026-05-22,93.19994102152317,93.83754617656085,92.26345845006158,93.39919263247245,268592.0,25086275.94754104
2026-05-25,94.64451520090542,96.84624550189488,94.64451520090542,95.60092293346192,405995.0,38813496.70637087
2026-05-26,95.44152164470252,96.55733066601844,94.15634875407969,96.1887151857623,386524.0,37179246.94846159
2026-05-27,95.64077325565178,96.90602098517968,94.30578746229165,94.86369197294961,362374.0,34376135.51500564
2026-05-28,94.86369197294961,95.63081067510431,93.67814488780144,95.52122228908222,314590.0,30050021.319922376
2026-05-29,98.52992161441625,99.1276764472641,95.77028680276881,95.82009970550612,606294.0,58095151.53085013
2026-06-01,95.82009970550614,95.859950027696,93.2497539242605,93.29956682699782,445981.0,41609834.113071315
2026-06-02,95.64077325565178,96.51748034382858,93.95709714313041,96.39792937725903,554964.0,53497380.47892118
2026-06-03,95.64077325565178,95.64077325565178,94.14638617353222,94.46518875105106,370434.0,34993117.72980685
2026-06-04,93.2497539242605,94.03679778751014,92.75162489688731,93.09035263550108,318712.0,29669012.46916582
2026-06-05,93.17005327988078,93.64825714615904,91.9546184530902,92.66196167196011,339969.0,31502194.44765461
2026-06-08,90.65948298191992,91.67566619776122,89.96210234359745,90.84877201232173,316844.0,28784888.319472067
2026-06-09,90.87865975396411,91.57604039228659,89.69311266881594,91.54615265064419,281927.0,25809332.178338163
2026-06-10,90.65948298191994,90.65948298191994,89.76285073264819,89.97206492414493,241287.0,21709089.629352156
2026-06-11,89.76285073264818,90.46023137097065,88.5474159058576,89.46397331622427,315087.0,28188934.960289158
2026-06-12,89.56359912169891,91.43656426462209,88.91603138611377,91.25723781476773,385352.0,35166159.10639638
2026-06-15,91.2672003953152,91.55611523119165,90.0617281490721,90.48015653206558,312979.0,28318388.911249354
2026-06-16,90.01191524633477,90.16135395454674,89.16509589980036,89.30457202746486,336019.0,30008032.988096714
2026-06-17,88.66696687242717,88.96584428885109,86.67445076293443,87.14269204866523,495267.0,43158899.66286628
2026-06-18,86.67445076293443,88.99573203049347,85.75789335256776,87.80022236479783,435790.0,38262458.90435525
2026-06-22,86.67445076293444,87.57108301220617,84.28343143154314,87.26224301523479,637242.0,55607166.26351424
2026-06-23,86.58478753800725,87.98951139519963,84.4328701397551,84.68193465344169,466217.0,39480157.52832362
2026-06-24,84.18380562606849,84.38305723701778,82.47024177190474,82.98829596037285,455735.0,37820671.05950052
2026-06-25,82.49016693299966,83.4963875682935,81.03563017306996,81.89241210015184,556432.0,45567558.64971169
2026-06-26,81.20499404237685,81.4939088782533,77.90737988116635,77.90737988116635,663208.0,51668797.59622857
2026-06-29,77.90737988116635,80.64708953171888,77.30962504831854,79.34199148000114,523707.0,41551956.33201696
2026-06-30,79.28221599671635,80.24858630982033,78.28595794196997,79.40176696328591,382043.0,30334889.255954638
2026-07-01,79.60101857423517,81.34447017004132,78.25607020032757,80.35817469584242,503177.0,40434385.2689299
2026-07-02,81.59353468372794,85.34942755012176,81.59353468372794,83.25728563515437,825046.0,68691090.48414157
2026-07-03,83.4166869239138,88.54741590585762,83.28717337679677,88.13895010341162,838982.0,73946992.63566048
2026-07-06,88.18876300614892,88.61715396968985,86.28591012158334,87.21243011249747,485828.0,42370240.49669442
2026-07-07,87.33198107906705,88.47767784202537,85.54867916107104,85.93721980242212,389470.0,33469968.996449344
2026-07-08,85.68815528873553,88.00943655629457,84.96088690877068,87.47145720673153,403809.0,35321761.663193054
2026-07-09,86.17632173556125,87.44156946508913,85.47894109723877,86.54493721581738,377393.0,32661453.49068897
2026-07-10,86.515049474175,90.49011911261303,84.56238368687211,89.66322492717354,709332.0,63600994.66404186
2026-07-13,88.66696687242717,88.66696687242717,86.45527399089023,86.65452560183951,424585.0,36792211.752657026
2026-07-14,86.56486237691233,90.34068040440108,86.17632173556125,89.8425513770279,547075.0,49150613.79458754
2026-07-15,89.31453460801232,93.13020295769093,89.11528299706305,91.41663910352717,514154.0,47002230.66163491
2026-07-16,91.39671394243224,94.40541326776629,90.80892169013188,93.78773327382353,607204.0,56948286.79479875
2026-07-17,93.78773327382353,95.59096035291446,91.55611523119165,93.12024037714346,687346.0,64005824.74226805
2026-07-20,93.14016553823838,94.92346745623439,92.42285973882099,93.56855650177933,439890.0,41159872.31956771
2026-07-21,93.57851908232679,96.4377796994489,93.0006894105739,93.94713456258296,671593.0,63094237.94228878
2026-07-22,92.28338361115652,92.65199909141266,90.1713165350942,91.22735007312536,603550.0,55060267.13663481
2026-07-23,90.43034362932826,92.52248554429565,89.67318750772101,92.30330877225144,338014.0,31199810.611343797
2026-07-24,91.1874997509355,92.73169973579238,90.9683229788913,91.54615265064419,243034.0,22248827.66329666
2026-07-27,91.97454361418514,92.85125070236194,91.1874997509355,92.05424425856485,265332.0,24424936.73761353
2026-07-28,91.67566619776122,94.25597455955433,91.67566619776122,93.00068941057388,364015.0,33853645.95579005
2026-07-29,93.19994102152319,95.90976293043332,92.75162489688731,94.49507649269346,514457.0,48613653.5672016
2026-07-30,94.5648145565257,96.29830357178439,94.39545068721881,95.84002486660106,480361.0,46037810.18494535
2026-07-31,93.72,95.86,93.13,95.77,436131.0,41768265.87
2026-08-03,96.03000000000002,96.59,94.10000000000001,94.45,363897.0,34370071.65
2026-08-04,94.45,94.49,90.8,91.14999999999999,667715.0,60862222.24999999
2026-08-05,91.08000000000001,91.18,89.15,90.59,308964.0,27989048.76
2026-01-01,96.05472564697266,97.7374496459961,95.57908630371094,96.95001220703125,266015.9375,27083882.0
2026-01-02,96.5188217163086,98.06305694580078,96.47283172607422,97.0030517578125,308898.59375,32616880.0
2026-01-05,97.14997100830078,98.82775115966797,96.58968353271484,97.86895751953125,381763.1875,39735840.0
2026-01-06,97.98899841308594,98.29204559326172,96.2276840209961,96.7130126953125,375912.34375,38818360.0
2026-01-07,96.2402114868164,98.95286560058594,93.90302276611328,98.67109680175781,298926.8125,30670468.0
2026-01-08,98.12213897705078,100.53172302246094,97.6014404296875,99.42390441894531,429345.4375,44463816.0
2026-01-09,99.3755111694336,100.51258087158203,98.3570327758789,99.19258117675781,312851.5,32430924.0
2026-01-12,99.36180114746094,100.42694091796875,98.578857421875,99.32373046875,305054.6875,31554672.0
2026-01-13,98.56981658935547,101.919189453125,97.03134155273438,98.14505004882812,431613.59375,45222388.0
2026-01-14,99.0888442993164,99.22770690917969,97.39046478271484,97.83644104003906,379902.65625,39529580.0
2026-01-15,98.5153579711914,99.94346618652344,97.68643188476562,98.70401763916016,273422.875,28083420.0
2026-01-16,98.6335678100586,100.5868148803711,98.19944763183594,99.79481506347656,343028.90625,35401560.0
2026-01-19,99.87908172607422,103.23275756835938,99.81665802001953,102.5136947631836,415295.875,43199424.0
2026-01-20,102.68094635009766,105.04228210449219,102.1253433227539,104.04058074951172,419415.0625,44003816.0
2026-01-21,104.06966400146484,105.14738464355469,102.86083984375,103.80432891845703,358860.28125,37587908.0
2026-01-22,105.06271362304688,106.67935180664062,104.21461486816406,105.73902130126953,372932.90625,39493320.0
2026-01-23,105.64994049072266,106.71600341796875,103.86724090576172,104.83763885498047,400542.4375,42448376.0
2026-01-26,105.93367004394531,107.42337036132812,104.94409942626953,106.37875366210938,374263.75,39723388.0
2026-01-27,106.48008728027344,106.82905578613281,103.85480499267578,104.49481201171875,346726.25,36315296.0
2026-01-28,104.50457763671875,105.38195037841797,103.4036636352539,104.20063018798828,220838.328125,22936228.0
2026-01-29,104.26696014404297,105.24765014648438,103.30329132080078,104.22677612304688,258860.875,26973796.0
2026-01-30,103.96802520751953,107.88835144042969,103.0936050415039,106.05848693847656,401609.0,42398816.0
2026-02-02,106.42147827148438,107.85126495361328,105.21176147460938,106.5018081665039,402907.28125,42547848.0
2026-02-03,106.24825286865234,108.23988342285156,105.33476257324219,107.7397689819336,403004.375,42522288.0
2026-02-04,107.02930450439453,107.7577133178711,105.10865020751953,105.9553451538086,269396.1875,28193896.0
2026-02-05,105.94901275634766,106.82768249511719,104.64310455322266,105.49482727050781,262117.71875,27342024.0
2026-02-06,105.31857299804688,106.98257446289062,104.7479476928711,106.15914916992188,308608.5,32280086.0
2026-02-09,105.9593505859375,106.80924224853516,104.672119140625,105.5688705444336,260298.609375,27152228.0
2026-02-10,105.46623229980469,106.1683349609375,103.81941223144531,104.60162353515625,325612.75,34049568.0
2026-02-11,104.54306030273438,106.59510803222656,104.01547241210938,105.70936584472656,307478.3125,32206340.0
2026-02-12,105.62579345703125,106.7547378540039,104.85118103027344,105.93023681640625,219999.140625,22807144.0
2026-02-13,105.5291519165039,107.91903686523438,104.88225555419922,106.61888122558594,247605.03125,26314262.0
2026-02-16,106.60151672363281,107.74054718017578,105.45350646972656,106.38011932373047,292920.46875,30872488.0
2026-02-17,106.21871185302734,107.52316284179688,105.50740051269531,106.71843719482422,260654.40625,27238630.0
2026-02-18,106.45821380615234,107.30103302001953,105.566650390625,106.41463470458984,209049.25,21760296.0
2026-02-19,105.8641128540039,106.55662536621094,104.89456176757812,105.45633697509766,252132.296875,26323292.0
2026-02-20,105.58335876464844,106.45299530029297,104.59750366210938,105.4843978881836,248254.28125,25906922.0
2026-02-23,105.45015716552734,107.86219024658203,105.20494842529297,107.25240325927734,304940.09375,32078612.0
2026-02-24,107.07398986816406,107.52825164794922,105.44744873046875,106.05465698242188,251541.421875,26252240.0
2026-02-25,106.03015899658203,110.1406478881836,104.33853912353516,107.19834899902344,365339.28125,38869156.0
2026-02-26,108.1818618774414,111.92683410644531,106.8226089477539,109.87801361083984,442802.03125,46155224.0
2026-02-27,108.57894134521484,108.70860290527344,105.114013671875,105.70220184326172,250293.109375,26241434.0
2026-03-02,105.66047668457031,107.57488250732422,105.17604064941406,106.8797607421875,259408.9375,27124128.0
2026-03-03,106.6629409790039,107.95433044433594,105.72224426269531,106.75702667236328,294185.6875,30910806.0
2026-03-04,107.57759094238281,108.28289031982422,106.01392364501953,106.70855712890625,328937.1875,34774068.0
2026-03-05,106.54000854492188,107.52725982666016,105.06573486328125,105.8641357421875,306725.1875,31844382.0
2026-03-06,106.3145523071289,107.53890991210938,106.09342193603516,106.71393585205078,196965.296875,20845220.0
2026-03-09,106.97882080078125,106.92739868164062,104.02115631103516,104.03962707519531,332534.90625,35219184.0
2026-03-10,103.86272430419922,106.22500610351562,102.61349487304688,103.9428482055664,363030.5,37900888.0
2026-03-11,104.14789581298828,105.6718978881836,103.22589111328125,104.45894622802734,299877.53125,31382116.0
2026-03-12,104.52713012695312,105.53544616699219,103.7573471069336,104.11508178710938,279516.75,29250966.0
2026-03-13,103.93387603759766,105.45743560791016,103.22833251953125,104.27729797363281,304632.28125,31542966.0
2026-03-16,104.52828216552734,105.19927215576172,102.1337890625,102.82783508300781,290470.96875,30185622.0
2026-03-17,102.85214233398438,104.9214859008789,102.38484191894531,104.20999908447266,261123.84375,27016072.0
2026-03-18,104.89970397949219,106.43666076660156,104.89952087402344,105.71613311767578,421820.1875,43540008.0
2026-03-19,105.01490020751953,106.05562591552734,103.61091613769531,104.57193756103516,302762.59375,31745944.0
2026-03-20,104.74019622802734,107.01304626464844,104.39107513427734,106.21012878417969,394158.5625,41459192.0
2026-03-23,104.80953979492188,107.03364562988281,103.84435272216797,105.98606872558594,421037.375,44128512.0
2026-03-24,105.6407699584961,107.49800109863281,104.83575439453125,106.3114242553711,316179.46875,33338266.0
2026-03-25,106.42284393310547,107.76608276367188,105.42118835449219,106.50667572021484,308910.9375,32476966.0
2026-03-26,106.37844848632812,107.32359313964844,104.84086608886719,105.6162338256836,311739.84375,32412946.0
2026-03-27,105.71001434326172,106.8233413696289,104.69841766357422,105.21996307373047,281843.625,29654990.0
2026-03-30,104.87503814697266,105.94296264648438,103.50302124023438,104.50907897949219,327328.46875,34313920.0
2026-03-31,104.63988494873047,105.25180053710938,103.22310638427734,103.64527130126953,265017.4375,27587944.0
2026-04-01,102.30658721923828,104.5118637084961,101.17355346679688,103.74726867675781,356734.8125,37345528.0
2026-04-02,102.05838775634766,105.80592346191406,100.76741027832031,102.0853500366211,424897.21875,44957552.0
2026-04-03,102.41033172607422,103.69001770019531,100.87841796875,101.99324035644531,370679.65625,38799876.0
2026-04-06,101.82878112792969,103.70350646972656,100.9923095703125,102.62312316894531,383772.25,40688696.0
2026-04-07,102.55091857910156,107.78400421142578,100.64993286132812,103.1484375,544839.5625,56270320.0
2026-04-08,104.0030517578125,105.26486206054688,102.41372680664062,103.4997329711914,480452.625,50654296.0
2026-04-09,103.58686828613281,105.40310668945312,102.6218032836914,104.24478912353516,557949.1875,59008600.0
2026-04-10,104.70738220214844,111.27249908447266,104.62711334228516,109.68515014648438,656850.5625,70360952.0
2026-04-13,109.6830062866211,112.5016860961914,108.682861328125,110.54598236083984,641599.9375,68450040.0
2026-04-14,110.02342987060547,111.87610626220703,108.65988159179688,110.03893280029297,501136.0,53661600.0
2026-04-15,110.02702331542969,110.97508239746094,107.56546783447266,108.54224395751953,516503.0,55202360.0
2026-04-16,107.86404418945312,108.19352722167969,104.3193359375,104.95365142822266,524646.75,55633400.0
2026-04-17,106.27863311767578,109.19563293457031,102.25995635986328,103.1163101196289,592408.3125,63212080.0
2026-04-20,103.22114562988281,105.50350952148438,102.29891967773438,103.92169952392578,331896.25,34732816.0
2026-04-21,102.44422912597656,104.52330017089844,102.17278289794922,104.56893920898438,420883.09375,44307408.0
2026-04-22,103.57913970947266,104.75749969482422,101.9463882446289,103.17127227783203,395739.5,41694864.0
2026-04-23,103.77426147460938,104.54764556884766,101.6400375366211,102.59207916259766,349731.59375,36669016.0
2026-04-24,102.5384521484375,103.7807846069336,101.50799560546875,102.64563751220703,389065.125,40839560.0
2026-04-27,103.18343353271484,104.06014251708984,101.2287368774414,101.88243865966797,477409.875,50548860.0
2026-04-28,101.71833801269531,102.82182312011719,99.81803894042969,101.00895690917969,362115.0,37642352.0
2026-04-29,101.39734649658203,103.11299896240234,100.17882537841797,101.29306030273438,298657.125,31344884.0
2026-04-30,101.51820373535156,101.7926025390625,99.43415069580078,99.43362426757812,294312.65625,30980888.0
2026-05-01,99.66316986083984,100.43082427978516,96.95050048828125,98.2708740234375,284550.9375,29481878.0
2026-05-04,98.66756439208984,100.79338073730469,98.07150268554688,99.7614517211914,299805.84375,30993676.0
2026-05-05,99.30970001220703,101.41085815429688,98.3013687133789,100.67752838134766,252475.28125,26032440.0
2026-05-06,100.37133026123047,101.01142120361328,98.81053924560547,99.7304458618164,250856.21875,25995928.0
2026-05-07,100.71479034423828,101.0057373046875,99.57475280761719,99.43130493164062,207306.5625,21494350.0
2026-05-08,98.11322784423828,101.25099182128906,97.95799255371094,99.47021484375,316147.8125,33674360.0
2026-05-11,99.14286041259766,99.7806167602539,96.25537872314453,96.81158447265625,315251.0,32817656.0
2026-05-12,96.8995361328125,98.14566040039062,95.30801391601562,96.49656677246094,284662.34375,29329168.0
2026-05-13,96.73014831542969,97.96795654296875,95.75817108154297,96.65449523925781,200969.40625,20480756.0
2026-05-14,96.6922607421875,97.15425109863281,94.81989288330078,95.11709594726562,184968.15625,18826472.0
2026-05-15,95.4176254272461,96.67976379394531,94.70442199707031,95.60652923583984,231707.96875,23569648.0
2026-05-18,95.5032730102539,96.42670440673828,91.58494567871094,95.07100677490234,293958.84375,29818646.0
2026-05-19,94.71270751953125,96.2491455078125,93.90095520019531,95.04973602294922,193209.21875,19587706.0
2026-05-20,95.1463623046875,95.84362030029297,93.77246856689453,94.20333099365234,149489.59375,15074287.0
2026-05-21,94.42251586914062,95.70905303955078,93.72088623046875,94.66600799560547,222381.296875,22549144.0
2026-05-22,96.39628601074219,96.98179626464844,95.55864715576172,95.81696319580078,196863.03125,19811458.0
2026-05-25,96.28290557861328,97.06124877929688,95.05381774902344,95.58011627197266,174814.921875,17804038.0
2026-05-26,95.65308380126953,96.88270568847656,94.98565673828125,95.87163543701172,145951.03125,14604102.0
2026-05-27,95.7147445678711,96.21643829345703,94.24148559570312,94.54207611083984,135268.65625,13586551.0
2026-05-28,94.6908187866211,95.26696014404297,93.19446563720703,93.62042236328125,204271.234375,20551812.0
2026-05-29,93.6253662109375,94.55552673339844,92.74124145507812,93.32464599609375,167380.8125,16780348.0
2026-06-01,93.55799102783203,96.04568481445312,93.49595642089844,95.44754028320312,184083.640625,18671820.0
2026-06-02,95.49102783203125,96.59300994873047,94.755615234375,95.73357391357422,225138.265625,22947816.0
2026-06-03,95.8531723022461,96.48653411865234,94.5109634399414,95.0321273803711,221439.265625,22415368.0
2026-06-04,95.1014175415039,96.23652648925781,94.38948059082031,95.20899200439453,177344.71875,17908860.0
2026-06-05,95.12693786621094,96.20657348632812,94.39533996582031,95.13124084472656,171992.203125,17376156.0
2026-06-08,94.63201904296875,96.76603698730469,93.01719665527344,96.47296905517578,253542.078125,26179084.0
2026-06-09,95.98548889160156,96.77392578125,94.65076446533203,95.33660125732422,176952.109375,17879674.0
2026-06-10,95.30017852783203,96.3259048461914,94.4815673828125,95.18012237548828,170943.9375,17270656.0
2026-06-11,95.3322982788086,96.10449981689453,94.27854919433594,94.82313537597656,215506.078125,21835280.0
2026-06-12,96.0512466430664,97.2279281616211,93.92437744140625,94.31990051269531,150922.625,14962208.0
2026-06-15,94.46589660644531,95.16830444335938,92.95632934570312,93.40523529052734,205064.4375,20655074.0
2026-06-16,93.56983184814453,95.4752197265625,93.29930114746094,94.7825927734375,143162.09375,14148591.0
2026-06-17,95.67147827148438,96.82184600830078,93.48531341552734,93.85748291015625,140164.78125,13879943.0
2026-06-18,94.00069427490234,94.90318298339844,92.93456268310547,93.49940490722656,126833.4375,12662462.0
2026-06-19,93.64397430419922,96.58937072753906,92.39785766601562,92.73601531982422,232433.71875,23918666.0
2026-06-22,93.55609130859375,96.41107940673828,88.24583435058594,95.9388427734375,277911.28125,28093792.0
2026-06-23,86.34495849609375,91.48920440673828,86.34495849609375,90.62586212158203,355925.53125,35272720.0
2026-06-24,93.1960220336914,94.19563293457031,91.8751449584961,92.25452423095703,187406.296875,18577028.0
2026-06-25,94.58625793457031,96.1939697265625,92.09493255615234,92.7503890991211,140578.78125,13885363.0
2026-06-26,93.23818969726562,93.96563720703125,91.3568344116211,91.720458984375,129081.5859375,12982208.0
2026-06-29,90.9477310180664,92.9662094116211,89.91810607910156,91.78721618652344,211085.484375,20683644.0
2026-06-30,92.02476501464844,93.0573501586914,90.84624481201172,91.679931640625,208042.671875,20682566.0
2026-07-01,91.87222290039062,92.83294677734375,91.03604125976562,91.69103240966797,103047.65625,10012282.0
2026-07-02,91.6172866821289,92.729248046875,90.79655456542969,91.55191040039062,149001.109375,14792852.0
2026-07-03,91.71913146972656,93.74625396728516,90.08147430419922,89.95696258544922,236021.796875,23733888.0
2026-07-06,91.78469848632812,90.94096374511719,90.0263442993164,88.9979248046875,268933.21875,25119406.0
2026-07-07,89.15634155273438,92.08602142333984,88.56869506835938,88.70809936523438,256688.25,25633030.0
2026-07-08,89.36648559570312,91.17857360839844,88.9354476928711,90.24937438964844,171029.5625,16898106.0
2026-07-09,90.34684753417969,90.96063232421875,88.10197448730469,88.48998260498047,179550.546875,17750124.0
2026-07-10,88.75223541259766,89.94506072998047,88.08322143554688,88.8878402709961,137143.09375,13481794.0
2026-07-13,89.10316467285156,90.58502960205078,88.6994400024414,89.74180603027344,202987.375,20099908.0
2026-07-14,88.63105010986328,90.62309265136719,87.46145629882812,89.75666809082031,261545.546875,26233518.0
2026-07-15,88.07593536376953,90.15660095214844,88.8599853515625,90.72561645507812,360462.8125,32926094.0
2026-07-16,90.36054229736328,91.32811737060547,89.2617416381836,90.01527404785156,223248.859375,22394300.0
2026-07-17,91.75811767578125,92.30445098876953,90.86904907226562,91.25406646728516,222449.0625,21960164.0
2026-07-20,91.67880249023438,92.8690185546875,90.7076416015625,91.6968994140625,258023.0625,26459352.0
2026-07-21,89.4007568359375,96.35285949707031,86.63841247558594,91.7560806274414,256551.875,26421748.0
2026-07-22,89.34463500976562,91.69953918457031,85.29969787597656,90.71064758300781,324541.625,32989952.0
2026-07-23,84.91036987304688,95.64163970947266,86.22093963623047,92.32599639892578,499725.125,52589096.0
2026-07-24,91.39680480957031,93.26806640625,89.65845489501953,90.83808898925781,505212.6875,45427376.0
2026-07-27,92.60299682617188,96.0002212524414,87.95878601074219,92.40737915039062,1099787.875,109559480.0
2026-07-28,83.29730987548828,92.75762176513672,83.16664123535156,91.73876190185547,423535.40625,43821128.0
2026-07-29,94.29360961914062,100.91263809204102,93.18402099609375,100.8532943725586,343612.53125,39204068.0
2026-07-30,103.34822845458984,103.77034759521484,102.14958190917969,103.11026000976562,146271.234375,14485620.0
2026-07-31,100.74435424804688,108.52071380615234,93.01840209960938,102.40910339355469,467024.9375,49735816.0
2026-08-03,100.59619140625,102.39312744140625,96.81753540039062,98.12238311767578,400696.3125,37851984.0
2026-08-04,98.57181549072266,100.48001861572266,97.4825439453125,99.4030990600586,99737.65625,10167509.0
2026-08-05,98.1477279663086,99.09325408935547,96.15960693359375,97.16740417480469,96383.71875,9420724.0
2026-08-06,90.69578552246094,92.40487670898438,90.4361572265625,91.76142883300781,349026.71875,33946856.0
2026-08-07,92.08426666259766,95.91218566894531,92.03324127197266,94.75239562988281,912062.125,89859304.0
2026-08-10,91.13017272949219,98.19139099121094,91.11659240722656,95.9426498413086,619025.9375,62451824.0
2026-08-11,86.34838485717773,93.52298736572266,86.34838485717773,92.1737060546875,625711.375,61828448.0
2026-08-12,89.7645263671875,94.57124328613281,88.3878402709961,92.86631774902344,766849.5,71180416.0
2026-08-13,89.3558349609375,94.4952392578125,83.57968597412109,92.65316009521484,675622.875,65728764.0
2026-08-14,90.82020568847656,93.36268615722656,87.99752807617188,92.03229522705078,496547.0625,49294632.0
2026-08-17,93.36663818359375,94.4983139038086,92.13924407958984,92.99872589111328,370938.65625,37002884.0
2026-08-18,93.93389892578125,95.87864685058594,93.09547424316406,94.68119049072266,531304.625,52947180.0
2026-08-19,94.98625183105469,96.22472381591797,93.85865020751953,94.9863052368164,524770.1875,52333928.0
2026-08-20,95.09317016601562,96.83479309082031,94.4223861694336,95.36793518066406,713381.5625,72192264.0
2026-08-21,95.86316680908203,98.98234558105469,95.58795166015625,97.91913604736328,890990.625,89717688.0
2026-08-24,98.2280502319336,99.608642578125,97.04716491699219,97.67955017089844,768257.5,78572424.0
2026-08-25,97.53002166748047,99.45565032958984,96.84695434570312,98.62005615234375,685869.375,69278040.0
2026-08-26,93.2601547241211,99.23562622070312,88.75805053710938,96.58968353271484,666799.0,65622776.0
2026-08-27,91.32105255126953,97.17498779296875,86.93071517944337,95.28778076171875,654751.5625,63903968.0
2026-08-28,95.96869659423828,98.44735717773438,93.71119689941406,96.02739715576172,708528.5,71564640.0
2026-08-31,96.30414581298828,98.512451171875,90.13211059570312,97.72337341308594,520582.1875,51742124.0
2026-09-01,97.12428283691406,98.84759521484375,95.3105697631836,97.01591491699219,518901.375,52404148.0
2026-09-02,92.63316345214844,99.85018920898438,93.39737701416016,97.7900161743164,603150.25,61239996.0
2026-09-03,97.6064453125,101.224365234375,96.87281799316406,100.12640380859375,764248.4375,77538312.0
2026-09-04,100.53947448730469,102.78742980957031,98.30111694335938,100.01301574707031,724427.1875,73848944.0
2026-09-07,99.903076171875,101.51184844970703,97.97300720214844,98.81334686279297,628877.625,64468572.0
2026-09-08,98.20215606689453,100.54988861083984,97.17794036865234,99.54703521728516,758228.1875,77074192.0
2026-09-09,98.8148193359375,100.63088989257812,97.85257720947266,99.49223327636719,794352.0625,80688592.0
2026-09-10,99.01004028320312,100.96379089355469,98.19514465332031,99.88609313964844,897310.4375,90792320.0
2026-09-11,98.47991180419922,98.66728973388672,95.4836196899414,96.1396713256836,740815.875,74109928.0
2026-09-14,93.47785949707031,94.9872817993164,90.1228256225586,91.0995101928711,698929.25,69965152.0
2026-09-15,91.27057647705078,92.97573852539062,89.1175308227539,90.54243469238281,559574.3125,55862340.0
2026-09-16,90.70691680908203,92.66438293457031,90.14414978027344,91.74304962158203,332933.8125,32934488.0
2026-09-17,91.93695831298828,93.08479309082031,91.16015625,92.04914093017578,364296.375,36116536.0
2026-09-18,93.06201171875,94.18963623046875,92.47865295410156,93.19570922851562,440061.3125,42569364.0
2026-09-21,92.6634521484375,97.16482543945312,93.53736114501953,96.75688171386719,338166.0,35153720.0
2026-09-22,92.94551849365234,98.91433715820312,92.98615264892578,96.02655029296875,540361.1875,53493060.0
2026-09-23,95.04117584228516,99.77149200439453,96.7412338256836,99.61223602294922,341422.71875,35029132.0
2026-09-24,99.61567687988281,99.51121520996094,96.69104766845703,96.6473159790039,336281.46875,33992292.0
2026-09-25,96.42428588867188,97.21764373779297,94.79383087158203,96.47198486328125,261091.234375,26867008.0
2026-09-28,95.8277359008789,98.04132080078125,93.30743408203125,97.93771362304688,386930.5625,39047656.0
2026-09-29,97.28749084472656,97.8619155883789,95.57801818847656,96.37491607666016,286890.0,29067306.0
2026-09-30,95.8397445678711,99.80370330810547,95.36528778076172,96.009521484375,337895.875,34154128.0
2026-10-01,96.36773681640625,97.69145202636719,95.68677520751953,96.85651397705078,244571.21875,24653802.0
2026-10-02,96.3771743774414,97.42453002929688,95.74642944335938,96.62752532958984,235308.609375,23734202.0
2026-10-05,97.83445739746094,98.12812042236328,97.08518981933594,97.2104263305664,276571.6875,28014618.0
2026-10-06,98.71937561035156,98.28213500976562,97.65436553955078,96.88492584228516,249249.8125,24811466.0
2026-10-07,96.80347442626953,97.60514068603516,95.9555892944336,96.63053894042969,260955.96875,26481422.0
2026-10-08,96.51951599121094,97.75399017333984,95.99688720703125,97.1804428100586,333652.15625,33760500.0
2026-10-09,96.9803466796875,97.79888916015625,96.23318481445312,96.98677825927734,235518.453125,23761592.0
2026-10-12,97.38589477539062,97.84504699707031,97.08800506591797,97.12826538085938,333469.1875,33361292.0
2026-10-13,96.84326171875,97.26151275634766,95.599365234375,95.87899780273438,225180.34375,22990444.0
2026-10-14,95.80182647705078,97.0929946899414,95.54220581054688,96.60736083984375,224902.609375,22784332.0
2026-10-15,95.05400085449219,100.12113952636719,94.28728485107422,97.07473754882812,460405.25,47558224.0
2026-10-16,97.8489990234375,99.24053955078125,96.5697250366211,99.17489624023438,264646.9375,27173030.0
2026-10-19,98.36712646484375,98.92022705078125,97.05304718017578,97.6463394165039,223866.421875,22843320.0
2026-10-20,97.15982818603516,98.85413360595703,96.21052551269531,98.58992767333984,315807.75,32110200.0
2026-10-21,98.43814849853516,99.2387924194336,97.46353912353516,98.38540649414062,282907.25,28991004.0
2026-10-22,97.37499237060547,101.09357452392578,98.23640441894531,100.72059631347656,296313.3125,30853264.0
2026-10-23,99.53822326660156,100.21925354003906,97.94011688232422,98.81632995605469,325880.0,33554560.0
2026-10-26,99.70338439941406,100.49320220947266,97.09518432617188,97.12213134765625,233258.625,23752846.0
2026-10-27,97.25562286376953,98.478759765625,96.43224334716797,97.3372573852539,257123.078125,26021792.0
2026-10-28,97.28155517578125,98.54731750488281,96.68698120117188,97.6957015991211,182936.59375,18467270.0
2026-10-29,97.42861938476562,98.66674041748047,96.9220199584961,97.95109558105469,265405.53125,27104738.0
2026-10-30,95.17510986328125,101.13634490966797,92.18033599853516,97.12442779541016,348605.1875,35520300.0
2026-11-02,92.14755249023438,96.66958618164062,87.41198501586915,95.82159423828125,499879.8125,48858716.0
2026-11-03,94.24775695800781,97.57120513916016,94.54922485351562,96.49486541748047,408554.5,39975208.0
2026-11-04,97.0364990234375,99.08999633789062,90.3263168334961,98.91192626953125,428874.78125,43082632.0
2026-11-05,95.90167236328125,100.24435424804688,94.80570220947266,97.10790252685547,565409.75,57015056.0
2026-11-06,90.18202209472656,98.14311218261719,87.39711227416993,97.72696685791016,560617.375,55924004.0
2026-11-09,96.63473510742188,97.80755615234375,94.45553588867188,95.40605926513672,523235.625,51049300.0
2026-11-10,95.64433288574219,99.93621826171875,94.16693115234375,97.17250061035156,530724.125,54296512.0
2026-11-11,97.26995849609375,99.11271667480469,96.34124755859375,98.22298431396484,361791.1875,36819568.0
2026-11-12,98.47123718261719,99.47756958007812,97.60482788085938,98.29171752929688,368636.71875,37108232.0
2026-11-13,98.68238830566406,99.84412384033203,98.03727722167969,99.13188934326172,366844.4375,36880780.0
2026-11-16,99.15135955810547,101.33267211914062,98.59354400634766,100.46717834472656,435099.3125,43700568.0
2026-11-17,100.18264770507812,100.6904067993164,98.22488403320312,98.76497650146484,286996.5625,29206930.0
2026-11-18,99.47724914550781,100.4793472290039,99.04969787597656,99.66413116455078,309819.25,31779244.0
2026-11-19,99.69393920898438,100.22781372070312,98.14372253417969,98.57461547851562,271219.96875,27665720.0
2026-11-20,97.35694885253906,99.52632904052734,97.51680755615234,98.66357421875,394637.125,38611144.0
2026-11-23,98.43036651611328,99.5886001586914,97.64675903320312,98.75514221191406,344744.28125,35186404.0
2026-11-24,98.40506744384766,99.41185760498047,97.58543395996094,98.61469268798828,346092.84375,35090512.0
2026-11-25,98.1475601196289,99.78336334228516,97.25521850585938,99.54280090332031,339482.4375,34343576.0
2026-11-26,98.99979400634766,99.53948974609375,96.76536560058594,97.65139770507812,376526.84375,38249060.0
2026-11-27,96.76773071289062,98.0759048461914,95.57414245605469,97.3354263305664,352435.40625,35366796.0
2026-11-30,91.09066772460938,96.9489974975586,87.60188369750976,96.75714874267578,464884.53125,46302788.0
2026-12-01,98.39842987060547,101.58988952636719,97.54479217529297,100.72930145263672,691004.0,70271704.0
2026-12-02,101.60324096679688,103.16764831542969,99.90293884277344,101.44646453857422,680786.75,69683888.0
2026-12-03,100.83915710449219,101.17691802978516,97.90513610839844,98.16094970703125,433386.9375,44013400.0
2026-12-04,98.20124053955078,99.19505310058594,96.87486267089844,97.38543701171875,512689.8125,50153544.0
2026-12-07,98.32228088378906,99.82343292236328,97.63709259033203,99.02960205078125,436476.75,43868316.0
2026-12-08,98.37400817871094,99.07365417480469,97.0868911743164,97.76246643066406,356685.03125,36013692.0
2026-12-09,97.49205780029297,98.43209838867188,96.6884536743164,97.43783569335938,289557.3125,29274904.0
2026-12-10,96.9498291015625,98.46116638183594,95.8467788696289,97.9630355834961,388511.625,39377508.0
2026-12-11,98.74405670166016,99.53895568847656,98.05204772949219,98.49201202392578,323077.4375,32707870.0
2026-12-14,99.03709411621094,99.9197006225586,98.72298431396484,99.190185546875,364813.1875,37017328.0
2026-12-15,98.92047882080078,99.56143951416016,97.74243927001953,98.22212982177734,281554.09375,28639108.0
2026-12-16,98.13200378417969,99.40276336669922,97.77174377441406,98.81724548339844,294968.9375,29958964.0
2026-12-17,98.26300048828125,100.45886993408203,96.91405487060547,97.00004577636719,309813.65625,31470572.0
2026-12-18,96.92692565917969,97.46085357666016,92.02131652832031,93.12042236328125,452152.9375,45593688.0
2026-12-21,91.562744140625,93.06414794921875,90.42695617675781,93.82373046875,314245.53125,30411992.0
2026-12-22,93.90885925292969,94.15559387207031,91.43365478515625,91.5193099975586,287371.5625,29579906.0
2026-12-23,91.99828338623047,93.7218246459961,91.904296875,93.17345428466797,228884.3125,23027852.0
2026-12-24,93.56404113769531,95.50814819335938,89.17218780517578,95.11746978759766,274526.03125,27179984.0
2026-12-25,93.999755859375,94.83306884765625,91.28097534179688,93.30583190917969,402511.5625,40660716.0
2026-12-28,91.81478881835938,93.87309265136719,90.50167083740234,93.09703826904297,396525.15625,39575844.0
2026-12-29,92.03461456298828,93.69563293457031,91.14249420166016,92.94963836669922,347240.875,34314544.0
2026-12-30,93.13423156738281,93.45370483398438,90.88140106201172,91.05928039550781,291826.625,29489816.0
2026-12-31,90.45942687988281,92.70264434814453,90.19373321533203,92.36064147949219,337926.4375,33285684.0
2027-01-01,92.38990020751953,93.38642120361328,91.91545104980469,92.65974426269531,231951.09375,23400400.0
2027-01-04,92.80999755859375,94.38874053955078,92.63792419433594,93.9285659790039,321054.21875,32314896.0
2027-01-05,93.64221954345703,95.53195190429688,93.04632568359375,95.10543060302734,385754.78125,39083924.0
2027-01-06,95.18717956542969,95.84510040283203,94.00401306152344,94.3188705444336,407243.71875,40910588.0
2027-01-07,94.40375518798828,96.141845703125,94.29170989990234,95.77083587646484,357983.75,36253184.0
2027-01-08,95.80272674560547,97.7674789428711,90.5641098022461,97.436767578125,415321.34375,41788196.0
2027-01-11,95.88471984863281,97.21456909179688,94.25210571289062,96.37918090820312,399279.0625,40567820.0
2027-01-12,96.78743743896484,97.80936431884766,95.34407043457031,96.6322021484375,447812.21875,45033344.0
2027-01-13,96.38825988769531,97.96015930175781,95.38621520996094,96.65906524658203,651096.875,66047096.0
2027-01-14,97.39729309082031,101.05647277832031,97.11507415771484,100.01947021484375,690814.0,70700616.0
2027-01-15,98.68963623046875,100.40856170654297,97.1921615600586,98.04916381835938,493995.625,50604080.0
2027-01-18,98.0680160522461,99.55267333984375,97.02021789550781,98.12387084960938,491064.9375,50036912.0
2027-01-19,98.5426025390625,99.86800384521484,97.9016342163086,98.66448211669922,632476.5,64380056.0
2027-01-20,98.15675354003906,101.7652587890625,97.4307632446289,99.67479705810547,1127833.75,114793680.0
